ConditionName,Outcome,CountryName,Date,SourceName,CountValue,source_file
COVID-19,Unspecified,UNITED KINGDOM,2020-01-04,World Health Organization COVID-19 Dashboard,0.0,AllNationalFiltered.csv
COVID-19,Unspecified,UNITED KINGDOM,2020-01-05,World Health Organization COVID-19 Dashboard,0.0,AllNationalFiltered.csv
COVID-19,Unspecified,UNITED KINGDOM,2020-01-06,World Health Organization COVID-19 Dashboard,0.0,AllNationalFiltered.csv
COVID-19,Unspecified,UNITED KINGDOM,2020-01-07,World Health Organization COVID-19 Dashboard,0.0,AllNationalFiltered.csv
COVID-19,Unspecified,UNITED KINGDOM,2020-01-08,World Health Organization COVID-19 Dashboard,0.0,AllNationalFiltered.csv
COVID-19,Unspecified,UNITED KINGDOM,2020-01-09,World Health Organization COVID-19 Dashboard,0.0,AllNationalFiltered.csv
COVID-19,Unspecified,UNITED KINGDOM,2020-01-10,World Health Organization COVID-19 Dashboard,0.0,AllNationalFiltered.csv
COVID-19,Unspecified,UNITED KINGDOM,2020-01-11,World Health Organization COVID-19 Dashboard,0.0,AllNationalFiltered.csv
COVID-19,Unspecified,UNITED KINGDOM,2020-01-12,World Health Organization COVID-19 Dashboard,0.0,AllNationalFiltered.csv
COVID-19,Unspecified,UNITED KINGDOM,2020-01-13,World Health Organization COVID-19 Dashboard,0.0,AllNationalFiltered.csv
COVID-19,Unspecified,UNITED KINGDOM,2020-01-14,World Health Organization COVID-19 Dashboard,0.0,AllNationalFiltered.csv
COVID-19,Unspecified,UNITED KINGDOM,2020-01-15,World Health Organization COVID-19 Dashboard,0.0,AllNationalFiltered.csv
COVID-19,Unspecified,UNITED KINGDOM,2020-01-16,World Health Organization COVID-19 Dashboard,0.0,AllNationalFiltered.csv
COVID-19,Unspecified,UNITED KINGDOM,2020-01-17,World Health Organization COVID-19 Dashboard,0.0,AllNationalFiltered.csv
COVID-19,Unspecified,UNITED KINGDOM,2020-01-18,World Health Organization COVID-19 Dashboard,0.0,AllNationalFiltered.csv
COVID-19,Unspecified,UNITED KINGDOM,2020-01-19,World Health Organization COVID-19 Dashboard,0.0,AllNationalFiltered.csv
COVID-19,Unspecified,UNITED KINGDOM,2020-01-20,World Health Organization COVID-19 Dashboard,0.0,AllNationalFiltered.csv
COVID-19,Unspecified,UNITED KINGDOM,2020-01-21,World Health Organization COVID-19 Dashboard,0.0,AllNationalFiltered.csv
COVID-19,Unspecified,UNITED KINGDOM,2020-01-22,World Health Organization COVID-19 Dashboard,0.0,AllNationalFiltered.csv
COVID-19,Unspecified,UNITED KINGDOM,2020-01-23,World Health Organization COVID-19 Dashboard,0.0,AllNationalFiltered.csv
COVID-19,Unspecified,UNITED KINGDOM,2020-01-24,World Health Organization COVID-19 Dashboard,0.0,AllNationalFiltered.csv
COVID-19,Unspecified,UNITED KINGDOM,2020-01-25,World Health Organization COVID-19 Dashboard,0.0,AllNationalFiltered.csv
COVID-19,Unspecified,UNITED KINGDOM,2020-01-26,World Health Organization COVID-19 Dashboard,0.0,AllNationalFiltered.csv
COVID-19,Unspecified,UNITED KINGDOM,2020-01-27,World Health Organization COVID-19 Dashboard,0.0,AllNationalFiltered.csv
COVID-19,Unspecified,UNITED KINGDOM,2020-01-28,World Health Organization COVID-19 Dashboard,0.0,AllNationalFiltered.csv
COVID-19,Unspecified,UNITED KINGDOM,2020-01-29,World Health Organization COVID-19 Dashboard,0.0,AllNationalFiltered.csv
COVID-19,Unspecified,UNITED KINGDOM,2020-01-30,World Health Organization COVID-19 Dashboard,0.0,AllNationalFiltered.csv
COVID-19,Unspecified,UNITED KINGDOM,2020-01-31,World Health Organization COVID-19 Dashboard,0.0,AllNationalFiltered.csv
COVID-19,Unspecified,UNITED KINGDOM,2020-02-01,World Health Organization COVID-19 Dashboard,1.0,AllNationalFiltered.csv
COVID-19,Unspecified,UNITED KINGDOM,2020-02-02,World Health Organization COVID-19 Dashboard,0.0,AllNationalFiltered.csv
COVID-19,Unspecified,UNITED KINGDOM,2020-02-03,World Health Organization COVID-19 Dashboard,0.0,AllNationalFiltered.csv
COVID-19,Unspecified,UNITED KINGDOM,2020-02-04,World Health Organization COVID-19 Dashboard,1.0,AllNationalFiltered.csv
COVID-19,Unspecified,UNITED KINGDOM,2020-02-05,World Health Organization COVID-19 Dashboard,19.0,AllNationalFiltered.csv
COVID-19,Unspecified,UNITED KINGDOM,2020-02-06,World Health Organization COVID-19 Dashboard,0.0,AllNationalFiltered.csv
COVID-19,Unspecified,UNITED KINGDOM,2020-02-07,World Health Organization COVID-19 Dashboard,1.0,AllNationalFiltered.csv
COVID-19,Unspecified,UNITED KINGDOM,2020-02-08,World Health Organization COVID-19 Dashboard,0.0,AllNationalFiltered.csv
COVID-19,Unspecified,UNITED KINGDOM,2020-02-09,World Health Organization COVID-19 Dashboard,0.0,AllNationalFiltered.csv
COVID-19,Unspecified,UNITED KINGDOM,2020-02-10,World Health Organization COVID-19 Dashboard,3.0,AllNationalFiltered.csv
COVID-19,Unspecified,UNITED KINGDOM,2020-02-11,World Health Organization COVID-19 Dashboard,1.0,AllNationalFiltered.csv
COVID-19,Unspecified,UNITED KINGDOM,2020-02-12,World Health Organization COVID-19 Dashboard,1.0,AllNationalFiltered.csv
COVID-19,Unspecified,UNITED KINGDOM,2020-02-13,World Health Organization COVID-19 Dashboard,4.0,AllNationalFiltered.csv
COVID-19,Unspecified,UNITED KINGDOM,2020-02-14,World Health Organization COVID-19 Dashboard,1.0,AllNationalFiltered.csv
COVID-19,Unspecified,UNITED KINGDOM,2020-02-15,World Health Organization COVID-19 Dashboard,1.0,AllNationalFiltered.csv
COVID-19,Unspecified,UNITED KINGDOM,2020-02-16,World Health Organization COVID-19 Dashboard,0.0,AllNationalFiltered.csv
COVID-19,Unspecified,UNITED KINGDOM,2020-02-17,World Health Organization COVID-19 Dashboard,0.0,AllNationalFiltered.csv
COVID-19,Unspecified,UNITED KINGDOM,2020-02-18,World Health Organization COVID-19 Dashboard,0.0,AllNationalFiltered.csv
COVID-19,Unspecified,UNITED KINGDOM,2020-02-19,World Health Organization COVID-19 Dashboard,1.0,AllNationalFiltered.csv
COVID-19,Unspecified,UNITED KINGDOM,2020-02-20,World Health Organization COVID-19 Dashboard,0.0,AllNationalFiltered.csv
COVID-19,Unspecified,UNITED KINGDOM,2020-02-21,World Health Organization COVID-19 Dashboard,0.0,AllNationalFiltered.csv
COVID-19,Unspecified,UNITED KINGDOM,2020-02-22,World Health Organization COVID-19 Dashboard,0.0,AllNationalFiltered.csv
COVID-19,Unspecified,UNITED KINGDOM,2020-02-23,World Health Organization COVID-19 Dashboard,2.0,AllNationalFiltered.csv
COVID-19,Unspecified,UNITED KINGDOM,2020-02-24,World Health Organization COVID-19 Dashboard,0.0,AllNationalFiltered.csv
COVID-19,Unspecified,UNITED KINGDOM,2020-02-25,World Health Organization COVID-19 Dashboard,6.0,AllNationalFiltered.csv
COVID-19,Unspecified,UNITED KINGDOM,2020-02-26,World Health Organization COVID-19 Dashboard,2.0,AllNationalFiltered.csv
COVID-19,Unspecified,UNITED KINGDOM,2020-02-27,World Health Organization COVID-19 Dashboard,3.0,AllNationalFiltered.csv
COVID-19,Unspecified,UNITED KINGDOM,2020-02-28,World Health Organization COVID-19 Dashboard,2.0,AllNationalFiltered.csv
COVID-19,Unspecified,UNITED KINGDOM,2020-02-29,World Health Organization COVID-19 Dashboard,8.0,AllNationalFiltered.csv
COVID-19,Unspecified,UNITED KINGDOM,2020-03-01,World Health Organization COVID-19 Dashboard,12.0,AllNationalFiltered.csv
COVID-19,Unspecified,UNITED KINGDOM,2020-03-02,World Health Organization COVID-19 Dashboard,4.0,AllNationalFiltered.csv
COVID-19,Unspecified,UNITED KINGDOM,2020-03-03,World Health Organization COVID-19 Dashboard,20.0,AllNationalFiltered.csv
COVID-19,Unspecified,UNITED KINGDOM,2020-03-04,World Health Organization COVID-19 Dashboard,41.0,AllNationalFiltered.csv
COVID-19,Unspecified,UNITED KINGDOM,2020-03-05,World Health Organization COVID-19 Dashboard,57.0,AllNationalFiltered.csv
COVID-19,Unspecified,UNITED KINGDOM,2020-03-06,World Health Organization COVID-19 Dashboard,56.0,AllNationalFiltered.csv
COVID-19,Unspecified,UNITED KINGDOM,2020-03-07,World Health Organization COVID-19 Dashboard,49.0,AllNationalFiltered.csv
COVID-19,Unspecified,UNITED KINGDOM,2020-03-08,World Health Organization COVID-19 Dashboard,83.0,AllNationalFiltered.csv
COVID-19,Unspecified,UNITED KINGDOM,2020-03-09,World Health Organization COVID-19 Dashboard,68.0,AllNationalFiltered.csv
COVID-19,Unspecified,UNITED KINGDOM,2020-03-10,World Health Organization COVID-19 Dashboard,55.0,AllNationalFiltered.csv
COVID-19,Unspecified,UNITED KINGDOM,2020-03-11,World Health Organization COVID-19 Dashboard,148.0,AllNationalFiltered.csv
COVID-19,Unspecified,UNITED KINGDOM,2020-03-12,World Health Organization COVID-19 Dashboard,265.0,AllNationalFiltered.csv
COVID-19,Unspecified,UNITED KINGDOM,2020-03-13,World Health Organization COVID-19 Dashboard,403.0,AllNationalFiltered.csv
COVID-19,Unspecified,UNITED KINGDOM,2020-03-14,World Health Organization COVID-19 Dashboard,484.0,AllNationalFiltered.csv
COVID-19,Unspecified,UNITED KINGDOM,2020-03-15,World Health Organization COVID-19 Dashboard,478.0,AllNationalFiltered.csv
COVID-19,Unspecified,UNITED KINGDOM,2020-03-16,World Health Organization COVID-19 Dashboard,352.0,AllNationalFiltered.csv
COVID-19,Unspecified,UNITED KINGDOM,2020-03-17,World Health Organization COVID-19 Dashboard,441.0,AllNationalFiltered.csv
COVID-19,Unspecified,UNITED KINGDOM,2020-03-18,World Health Organization COVID-19 Dashboard,602.0,AllNationalFiltered.csv
COVID-19,Unspecified,UNITED KINGDOM,2020-03-19,World Health Organization COVID-19 Dashboard,783.0,AllNationalFiltered.csv
COVID-19,Unspecified,UNITED KINGDOM,2020-03-20,World Health Organization COVID-19 Dashboard,985.0,AllNationalFiltered.csv
COVID-19,Unspecified,UNITED KINGDOM,2020-03-21,World Health Organization COVID-19 Dashboard,1042.0,AllNationalFiltered.csv
COVID-19,Unspecified,UNITED KINGDOM,2020-03-22,World Health Organization COVID-19 Dashboard,1252.0,AllNationalFiltered.csv
COVID-19,Unspecified,UNITED KINGDOM,2020-03-23,World Health Organization COVID-19 Dashboard,1181.0,AllNationalFiltered.csv
COVID-19,Unspecified,UNITED KINGDOM,2020-03-24,World Health Organization COVID-19 Dashboard,1363.0,AllNationalFiltered.csv
COVID-19,Unspecified,UNITED KINGDOM,2020-03-25,World Health Organization COVID-19 Dashboard,2290.0,AllNationalFiltered.csv
COVID-19,Unspecified,UNITED KINGDOM,2020-03-26,World Health Organization COVID-19 Dashboard,2354.0,AllNationalFiltered.csv
COVID-19,Unspecified,UNITED KINGDOM,2020-03-27,World Health Organization COVID-19 Dashboard,2666.0,AllNationalFiltered.csv
COVID-19,Unspecified,UNITED KINGDOM,2020-03-28,World Health Organization COVID-19 Dashboard,3039.0,AllNationalFiltered.csv
COVID-19,Unspecified,UNITED KINGDOM,2020-03-29,World Health Organization COVID-19 Dashboard,3154.0,AllNationalFiltered.csv
COVID-19,Unspecified,UNITED KINGDOM,2020-03-30,World Health Organization COVID-19 Dashboard,2774.0,AllNationalFiltered.csv
COVID-19,Unspecified,UNITED KINGDOM,2020-03-31,World Health Organization COVID-19 Dashboard,2818.0,AllNationalFiltered.csv
COVID-19,Unspecified,UNITED KINGDOM,2020-04-01,World Health Organization COVID-19 Dashboard,4195.0,AllNationalFiltered.csv
COVID-19,Unspecified,UNITED KINGDOM,2020-04-02,World Health Organization COVID-19 Dashboard,4463.0,AllNationalFiltered.csv
COVID-19,Unspecified,UNITED KINGDOM,2020-04-03,World Health Organization COVID-19 Dashboard,4891.0,AllNationalFiltered.csv
COVID-19,Unspecified,UNITED KINGDOM,2020-04-04,World Health Organization COVID-19 Dashboard,4824.0,AllNationalFiltered.csv
COVID-19,Unspecified,UNITED KINGDOM,2020-04-05,World Health Organization COVID-19 Dashboard,4852.0,AllNationalFiltered.csv
COVID-19,Unspecified,UNITED KINGDOM,2020-04-06,World Health Organization COVID-19 Dashboard,3976.0,AllNationalFiltered.csv
COVID-19,Unspecified,UNITED KINGDOM,2020-04-07,World Health Organization COVID-19 Dashboard,3556.0,AllNationalFiltered.csv
COVID-19,Unspecified,UNITED KINGDOM,2020-04-08,World Health Organization COVID-19 Dashboard,5273.0,AllNationalFiltered.csv
COVID-19,Unspecified,UNITED KINGDOM,2020-04-09,World Health Organization COVID-19 Dashboard,5477.0,AllNationalFiltered.csv
COVID-19,Unspecified,UNITED KINGDOM,2020-04-10,World Health Organization COVID-19 Dashboard,5146.0,AllNationalFiltered.csv
COVID-19,Unspecified,UNITED KINGDOM,2020-04-11,World Health Organization COVID-19 Dashboard,4875.0,AllNationalFiltered.csv
COVID-19,Unspecified,UNITED KINGDOM,2020-04-12,World Health Organization COVID-19 Dashboard,4327.0,AllNationalFiltered.csv
COVID-19,Unspecified,UNITED KINGDOM,2020-04-13,World Health Organization COVID-19 Dashboard,3585.0,AllNationalFiltered.csv
COVID-19,Unspecified,UNITED KINGDOM,2020-04-14,World Health Organization COVID-19 Dashboard,3507.0,AllNationalFiltered.csv
COVID-19,Unspecified,UNITED KINGDOM,2020-04-15,World Health Organization COVID-19 Dashboard,4203.0,AllNationalFiltered.csv
COVID-19,Unspecified,UNITED KINGDOM,2020-04-16,World Health Organization COVID-19 Dashboard,4335.0,AllNationalFiltered.csv
COVID-19,Unspecified,UNITED KINGDOM,2020-04-17,World Health Organization COVID-19 Dashboard,5070.0,AllNationalFiltered.csv
COVID-19,Unspecified,UNITED KINGDOM,2020-04-18,World Health Organization COVID-19 Dashboard,5292.0,AllNationalFiltered.csv
COVID-19,Unspecified,UNITED KINGDOM,2020-04-19,World Health Organization COVID-19 Dashboard,4977.0,AllNationalFiltered.csv
COVID-19,Unspecified,UNITED KINGDOM,2020-04-20,World Health Organization COVID-19 Dashboard,4743.0,AllNationalFiltered.csv
COVID-19,Unspecified,UNITED KINGDOM,2020-04-21,World Health Organization COVID-19 Dashboard,3881.0,AllNationalFiltered.csv
COVID-19,Unspecified,UNITED KINGDOM,2020-04-22,World Health Organization COVID-19 Dashboard,4441.0,AllNationalFiltered.csv
COVID-19,Unspecified,UNITED KINGDOM,2020-04-23,World Health Organization COVID-19 Dashboard,4795.0,AllNationalFiltered.csv
COVID-19,Unspecified,UNITED KINGDOM,2020-04-24,World Health Organization COVID-19 Dashboard,5517.0,AllNationalFiltered.csv
COVID-19,Unspecified,UNITED KINGDOM,2020-04-25,World Health Organization COVID-19 Dashboard,5167.0,AllNationalFiltered.csv
COVID-19,Unspecified,UNITED KINGDOM,2020-04-26,World Health Organization COVID-19 Dashboard,4961.0,AllNationalFiltered.csv
COVID-19,Unspecified,UNITED KINGDOM,2020-04-27,World Health Organization COVID-19 Dashboard,3757.0,AllNationalFiltered.csv
COVID-19,Unspecified,UNITED KINGDOM,2020-04-28,World Health Organization COVID-19 Dashboard,3476.0,AllNationalFiltered.csv
COVID-19,Unspecified,UNITED KINGDOM,2020-04-29,World Health Organization COVID-19 Dashboard,4739.0,AllNationalFiltered.csv
COVID-19,Unspecified,UNITED KINGDOM,2020-04-30,World Health Organization COVID-19 Dashboard,4720.0,AllNationalFiltered.csv
COVID-19,Unspecified,UNITED KINGDOM,2020-05-01,World Health Organization COVID-19 Dashboard,5433.0,AllNationalFiltered.csv
COVID-19,Unspecified,UNITED KINGDOM,2020-05-02,World Health Organization COVID-19 Dashboard,4961.0,AllNationalFiltered.csv
COVID-19,Unspecified,UNITED KINGDOM,2020-05-03,World Health Organization COVID-19 Dashboard,4766.0,AllNationalFiltered.csv
COVID-19,Unspecified,UNITED KINGDOM,2020-05-04,World Health Organization COVID-19 Dashboard,3258.0,AllNationalFiltered.csv
COVID-19,Unspecified,UNITED KINGDOM,2020-05-05,World Health Organization COVID-19 Dashboard,3002.0,AllNationalFiltered.csv
COVID-19,Unspecified,UNITED KINGDOM,2020-05-06,World Health Organization COVID-19 Dashboard,3398.0,AllNationalFiltered.csv
COVID-19,Unspecified,UNITED KINGDOM,2020-05-07,World Health Organization COVID-19 Dashboard,3686.0,AllNationalFiltered.csv
COVID-19,Unspecified,UNITED KINGDOM,2020-05-08,World Health Organization COVID-19 Dashboard,3832.0,AllNationalFiltered.csv
COVID-19,Unspecified,UNITED KINGDOM,2020-05-09,World Health Organization COVID-19 Dashboard,3787.0,AllNationalFiltered.csv
COVID-19,Unspecified,UNITED KINGDOM,2020-05-10,World Health Organization COVID-19 Dashboard,3064.0,AllNationalFiltered.csv
COVID-19,Unspecified,UNITED KINGDOM,2020-05-11,World Health Organization COVID-19 Dashboard,2170.0,AllNationalFiltered.csv
COVID-19,Unspecified,UNITED KINGDOM,2020-05-12,World Health Organization COVID-19 Dashboard,2337.0,AllNationalFiltered.csv
COVID-19,Unspecified,UNITED KINGDOM,2020-05-13,World Health Organization COVID-19 Dashboard,3612.0,AllNationalFiltered.csv
COVID-19,Unspecified,UNITED KINGDOM,2020-05-14,World Health Organization COVID-19 Dashboard,3410.0,AllNationalFiltered.csv
COVID-19,Unspecified,UNITED KINGDOM,2020-05-15,World Health Organization COVID-19 Dashboard,3330.0,AllNationalFiltered.csv
COVID-19,Unspecified,UNITED KINGDOM,2020-05-16,World Health Organization COVID-19 Dashboard,2630.0,AllNationalFiltered.csv
COVID-19,Unspecified,UNITED KINGDOM,2020-05-17,World Health Organization COVID-19 Dashboard,2530.0,AllNationalFiltered.csv
COVID-19,Unspecified,UNITED KINGDOM,2020-05-18,World Health Organization COVID-19 Dashboard,2082.0,AllNationalFiltered.csv
COVID-19,Unspecified,UNITED KINGDOM,2020-05-19,World Health Organization COVID-19 Dashboard,1837.0,AllNationalFiltered.csv
COVID-19,Unspecified,UNITED KINGDOM,2020-05-20,World Health Organization COVID-19 Dashboard,2581.0,AllNationalFiltered.csv
COVID-19,Unspecified,UNITED KINGDOM,2020-05-21,World Health Organization COVID-19 Dashboard,3063.0,AllNationalFiltered.csv
COVID-19,Unspecified,UNITED KINGDOM,2020-05-22,World Health Organization COVID-19 Dashboard,2719.0,AllNationalFiltered.csv
COVID-19,Unspecified,UNITED KINGDOM,2020-05-23,World Health Organization COVID-19 Dashboard,2567.0,AllNationalFiltered.csv
COVID-19,Unspecified,UNITED KINGDOM,2020-05-24,World Health Organization COVID-19 Dashboard,2057.0,AllNationalFiltered.csv
COVID-19,Unspecified,UNITED KINGDOM,2020-05-25,World Health Organization COVID-19 Dashboard,1531.0,AllNationalFiltered.csv
COVID-19,Unspecified,UNITED KINGDOM,2020-05-26,World Health Organization COVID-19 Dashboard,1373.0,AllNationalFiltered.csv
COVID-19,Unspecified,UNITED KINGDOM,2020-05-27,World Health Organization COVID-19 Dashboard,1625.0,AllNationalFiltered.csv
COVID-19,Unspecified,UNITED KINGDOM,2020-05-28,World Health Organization COVID-19 Dashboard,2070.0,AllNationalFiltered.csv
COVID-19,Unspecified,UNITED KINGDOM,2020-05-29,World Health Organization COVID-19 Dashboard,1825.0,AllNationalFiltered.csv
COVID-19,Unspecified,UNITED KINGDOM,2020-05-30,World Health Organization COVID-19 Dashboard,1757.0,AllNationalFiltered.csv
COVID-19,Unspecified,UNITED KINGDOM,2020-05-31,World Health Organization COVID-19 Dashboard,1531.0,AllNationalFiltered.csv
COVID-19,Unspecified,UNITED KINGDOM,2020-06-01,World Health Organization COVID-19 Dashboard,1132.0,AllNationalFiltered.csv
COVID-19,Unspecified,UNITED KINGDOM,2020-06-02,World Health Organization COVID-19 Dashboard,1080.0,AllNationalFiltered.csv
COVID-19,Unspecified,UNITED KINGDOM,2020-06-03,World Health Organization COVID-19 Dashboard,1438.0,AllNationalFiltered.csv
COVID-19,Unspecified,UNITED KINGDOM,2020-06-04,World Health Organization COVID-19 Dashboard,1492.0,AllNationalFiltered.csv
COVID-19,Unspecified,UNITED KINGDOM,2020-06-05,World Health Organization COVID-19 Dashboard,1369.0,AllNationalFiltered.csv
COVID-19,Unspecified,UNITED KINGDOM,2020-06-06,World Health Organization COVID-19 Dashboard,1249.0,AllNationalFiltered.csv
COVID-19,Unspecified,UNITED KINGDOM,2020-06-07,World Health Organization COVID-19 Dashboard,1123.0,AllNationalFiltered.csv
COVID-19,Unspecified,UNITED KINGDOM,2020-06-08,World Health Organization COVID-19 Dashboard,804.0,AllNationalFiltered.csv
COVID-19,Unspecified,UNITED KINGDOM,2020-06-09,World Health Organization COVID-19 Dashboard,722.0,AllNationalFiltered.csv
COVID-19,Unspecified,UNITED KINGDOM,2020-06-10,World Health Organization COVID-19 Dashboard,1099.0,AllNationalFiltered.csv
COVID-19,Unspecified,UNITED KINGDOM,2020-06-11,World Health Organization COVID-19 Dashboard,1165.0,AllNationalFiltered.csv
COVID-19,Unspecified,UNITED KINGDOM,2020-06-12,World Health Organization COVID-19 Dashboard,1196.0,AllNationalFiltered.csv
COVID-19,Unspecified,UNITED KINGDOM,2020-06-13,World Health Organization COVID-19 Dashboard,1013.0,AllNationalFiltered.csv
COVID-19,Unspecified,UNITED KINGDOM,2020-06-14,World Health Organization COVID-19 Dashboard,1053.0,AllNationalFiltered.csv
COVID-19,Unspecified,UNITED KINGDOM,2020-06-15,World Health Organization COVID-19 Dashboard,886.0,AllNationalFiltered.csv
COVID-19,Unspecified,UNITED KINGDOM,2020-06-16,World Health Organization COVID-19 Dashboard,826.0,AllNationalFiltered.csv
COVID-19,Unspecified,UNITED KINGDOM,2020-06-17,World Health Organization COVID-19 Dashboard,1045.0,AllNationalFiltered.csv
COVID-19,Unspecified,UNITED KINGDOM,2020-06-18,World Health Organization COVID-19 Dashboard,1103.0,AllNationalFiltered.csv
COVID-19,Unspecified,UNITED KINGDOM,2020-06-19,World Health Organization COVID-19 Dashboard,1017.0,AllNationalFiltered.csv
COVID-19,Unspecified,UNITED KINGDOM,2020-06-20,World Health Organization COVID-19 Dashboard,1022.0,AllNationalFiltered.csv
COVID-19,Unspecified,UNITED KINGDOM,2020-06-21,World Health Organization COVID-19 Dashboard,993.0,AllNationalFiltered.csv
COVID-19,Unspecified,UNITED KINGDOM,2020-06-22,World Health Organization COVID-19 Dashboard,683.0,AllNationalFiltered.csv
COVID-19,Unspecified,UNITED KINGDOM,2020-06-23,World Health Organization COVID-19 Dashboard,636.0,AllNationalFiltered.csv
COVID-19,Unspecified,UNITED KINGDOM,2020-06-24,World Health Organization COVID-19 Dashboard,899.0,AllNationalFiltered.csv
COVID-19,Unspecified,UNITED KINGDOM,2020-06-25,World Health Organization COVID-19 Dashboard,883.0,AllNationalFiltered.csv
COVID-19,Unspecified,UNITED KINGDOM,2020-06-26,World Health Organization COVID-19 Dashboard,777.0,AllNationalFiltered.csv
COVID-19,Unspecified,UNITED KINGDOM,2020-06-27,World Health Organization COVID-19 Dashboard,726.0,AllNationalFiltered.csv
COVID-19,Unspecified,UNITED KINGDOM,2020-06-28,World Health Organization COVID-19 Dashboard,666.0,AllNationalFiltered.csv
COVID-19,Unspecified,UNITED KINGDOM,2020-06-29,World Health Organization COVID-19 Dashboard,653.0,AllNationalFiltered.csv
COVID-19,Unspecified,UNITED KINGDOM,2020-06-30,World Health Organization COVID-19 Dashboard,449.0,AllNationalFiltered.csv
COVID-19,Unspecified,UNITED KINGDOM,2020-07-01,World Health Organization COVID-19 Dashboard,724.0,AllNationalFiltered.csv
COVID-19,Unspecified,UNITED KINGDOM,2020-07-02,World Health Organization COVID-19 Dashboard,623.0,AllNationalFiltered.csv
COVID-19,Unspecified,UNITED KINGDOM,2020-07-03,World Health Organization COVID-19 Dashboard,652.0,AllNationalFiltered.csv
COVID-19,Unspecified,UNITED KINGDOM,2020-07-04,World Health Organization COVID-19 Dashboard,606.0,AllNationalFiltered.csv
COVID-19,Unspecified,UNITED KINGDOM,2020-07-05,World Health Organization COVID-19 Dashboard,568.0,AllNationalFiltered.csv
COVID-19,Unspecified,UNITED KINGDOM,2020-07-06,World Health Organization COVID-19 Dashboard,399.0,AllNationalFiltered.csv
COVID-19,Unspecified,UNITED KINGDOM,2020-07-07,World Health Organization COVID-19 Dashboard,558.0,AllNationalFiltered.csv
COVID-19,Unspecified,UNITED KINGDOM,2020-07-08,World Health Organization COVID-19 Dashboard,714.0,AllNationalFiltered.csv
COVID-19,Unspecified,UNITED KINGDOM,2020-07-09,World Health Organization COVID-19 Dashboard,608.0,AllNationalFiltered.csv
COVID-19,Unspecified,UNITED KINGDOM,2020-07-10,World Health Organization COVID-19 Dashboard,713.0,AllNationalFiltered.csv
COVID-19,Unspecified,UNITED KINGDOM,2020-07-11,World Health Organization COVID-19 Dashboard,722.0,AllNationalFiltered.csv
COVID-19,Unspecified,UNITED KINGDOM,2020-07-12,World Health Organization COVID-19 Dashboard,568.0,AllNationalFiltered.csv
COVID-19,Unspecified,UNITED KINGDOM,2020-07-13,World Health Organization COVID-19 Dashboard,459.0,AllNationalFiltered.csv
COVID-19,Unspecified,UNITED KINGDOM,2020-07-14,World Health Organization COVID-19 Dashboard,366.0,AllNationalFiltered.csv
COVID-19,Unspecified,UNITED KINGDOM,2020-07-15,World Health Organization COVID-19 Dashboard,740.0,AllNationalFiltered.csv
COVID-19,Unspecified,UNITED KINGDOM,2020-07-16,World Health Organization COVID-19 Dashboard,705.0,AllNationalFiltered.csv
COVID-19,Unspecified,UNITED KINGDOM,2020-07-17,World Health Organization COVID-19 Dashboard,777.0,AllNationalFiltered.csv
COVID-19,Unspecified,UNITED KINGDOM,2020-07-18,World Health Organization COVID-19 Dashboard,712.0,AllNationalFiltered.csv
COVID-19,Unspecified,UNITED KINGDOM,2020-07-19,World Health Organization COVID-19 Dashboard,582.0,AllNationalFiltered.csv
COVID-19,Unspecified,UNITED KINGDOM,2020-07-20,World Health Organization COVID-19 Dashboard,505.0,AllNationalFiltered.csv
COVID-19,Unspecified,UNITED KINGDOM,2020-07-21,World Health Organization COVID-19 Dashboard,448.0,AllNationalFiltered.csv
COVID-19,Unspecified,UNITED KINGDOM,2020-07-22,World Health Organization COVID-19 Dashboard,830.0,AllNationalFiltered.csv
COVID-19,Unspecified,UNITED KINGDOM,2020-07-23,World Health Organization COVID-19 Dashboard,788.0,AllNationalFiltered.csv
COVID-19,Unspecified,UNITED KINGDOM,2020-07-24,World Health Organization COVID-19 Dashboard,816.0,AllNationalFiltered.csv
COVID-19,Unspecified,UNITED KINGDOM,2020-07-25,World Health Organization COVID-19 Dashboard,808.0,AllNationalFiltered.csv
COVID-19,Unspecified,UNITED KINGDOM,2020-07-26,World Health Organization COVID-19 Dashboard,774.0,AllNationalFiltered.csv
COVID-19,Unspecified,UNITED KINGDOM,2020-07-27,World Health Organization COVID-19 Dashboard,530.0,AllNationalFiltered.csv
COVID-19,Unspecified,UNITED KINGDOM,2020-07-28,World Health Organization COVID-19 Dashboard,563.0,AllNationalFiltered.csv
COVID-19,Unspecified,UNITED KINGDOM,2020-07-29,World Health Organization COVID-19 Dashboard,869.0,AllNationalFiltered.csv
COVID-19,Unspecified,UNITED KINGDOM,2020-07-30,World Health Organization COVID-19 Dashboard,856.0,AllNationalFiltered.csv
COVID-19,Unspecified,UNITED KINGDOM,2020-07-31,World Health Organization COVID-19 Dashboard,1062.0,AllNationalFiltered.csv
COVID-19,Unspecified,UNITED KINGDOM,2020-08-01,World Health Organization COVID-19 Dashboard,946.0,AllNationalFiltered.csv
COVID-19,Unspecified,UNITED KINGDOM,2020-08-02,World Health Organization COVID-19 Dashboard,697.0,AllNationalFiltered.csv
COVID-19,Unspecified,UNITED KINGDOM,2020-08-03,World Health Organization COVID-19 Dashboard,559.0,AllNationalFiltered.csv
COVID-19,Unspecified,UNITED KINGDOM,2020-08-04,World Health Organization COVID-19 Dashboard,564.0,AllNationalFiltered.csv
COVID-19,Unspecified,UNITED KINGDOM,2020-08-05,World Health Organization COVID-19 Dashboard,1060.0,AllNationalFiltered.csv
COVID-19,Unspecified,UNITED KINGDOM,2020-08-06,World Health Organization COVID-19 Dashboard,1065.0,AllNationalFiltered.csv
COVID-19,Unspecified,UNITED KINGDOM,2020-08-07,World Health Organization COVID-19 Dashboard,1092.0,AllNationalFiltered.csv
COVID-19,Unspecified,UNITED KINGDOM,2020-08-08,World Health Organization COVID-19 Dashboard,1105.0,AllNationalFiltered.csv
COVID-19,Unspecified,UNITED KINGDOM,2020-08-09,World Health Organization COVID-19 Dashboard,973.0,AllNationalFiltered.csv
COVID-19,Unspecified,UNITED KINGDOM,2020-08-10,World Health Organization COVID-19 Dashboard,710.0,AllNationalFiltered.csv
COVID-19,Unspecified,UNITED KINGDOM,2020-08-11,World Health Organization COVID-19 Dashboard,627.0,AllNationalFiltered.csv
COVID-19,Unspecified,UNITED KINGDOM,2020-08-12,World Health Organization COVID-19 Dashboard,1499.0,AllNationalFiltered.csv
COVID-19,Unspecified,UNITED KINGDOM,2020-08-13,World Health Organization COVID-19 Dashboard,1378.0,AllNationalFiltered.csv
COVID-19,Unspecified,UNITED KINGDOM,2020-08-14,World Health Organization COVID-19 Dashboard,1242.0,AllNationalFiltered.csv
COVID-19,Unspecified,UNITED KINGDOM,2020-08-15,World Health Organization COVID-19 Dashboard,1156.0,AllNationalFiltered.csv
COVID-19,Unspecified,UNITED KINGDOM,2020-08-16,World Health Organization COVID-19 Dashboard,1185.0,AllNationalFiltered.csv
COVID-19,Unspecified,UNITED KINGDOM,2020-08-17,World Health Organization COVID-19 Dashboard,714.0,AllNationalFiltered.csv
COVID-19,Unspecified,UNITED KINGDOM,2020-08-18,World Health Organization COVID-19 Dashboard,602.0,AllNationalFiltered.csv
COVID-19,Unspecified,UNITED KINGDOM,2020-08-19,World Health Organization COVID-19 Dashboard,1298.0,AllNationalFiltered.csv
COVID-19,Unspecified,UNITED KINGDOM,2020-08-20,World Health Organization COVID-19 Dashboard,1116.0,AllNationalFiltered.csv
COVID-19,Unspecified,UNITED KINGDOM,2020-08-21,World Health Organization COVID-19 Dashboard,1282.0,AllNationalFiltered.csv
COVID-19,Unspecified,UNITED KINGDOM,2020-08-22,World Health Organization COVID-19 Dashboard,1498.0,AllNationalFiltered.csv
COVID-19,Unspecified,UNITED KINGDOM,2020-08-23,World Health Organization COVID-19 Dashboard,1218.0,AllNationalFiltered.csv
COVID-19,Unspecified,UNITED KINGDOM,2020-08-24,World Health Organization COVID-19 Dashboard,842.0,AllNationalFiltered.csv
COVID-19,Unspecified,UNITED KINGDOM,2020-08-25,World Health Organization COVID-19 Dashboard,831.0,AllNationalFiltered.csv
COVID-19,Unspecified,UNITED KINGDOM,2020-08-26,World Health Organization COVID-19 Dashboard,1301.0,AllNationalFiltered.csv
COVID-19,Unspecified,UNITED KINGDOM,2020-08-27,World Health Organization COVID-19 Dashboard,1270.0,AllNationalFiltered.csv
COVID-19,Unspecified,UNITED KINGDOM,2020-08-28,World Health Organization COVID-19 Dashboard,1388.0,AllNationalFiltered.csv
COVID-19,Unspecified,UNITED KINGDOM,2020-08-29,World Health Organization COVID-19 Dashboard,1591.0,AllNationalFiltered.csv
COVID-19,Unspecified,UNITED KINGDOM,2020-08-30,World Health Organization COVID-19 Dashboard,1632.0,AllNationalFiltered.csv
COVID-19,Unspecified,UNITED KINGDOM,2020-08-31,World Health Organization COVID-19 Dashboard,1230.0,AllNationalFiltered.csv
COVID-19,Unspecified,UNITED KINGDOM,2020-09-01,World Health Organization COVID-19 Dashboard,1171.0,AllNationalFiltered.csv
COVID-19,Unspecified,UNITED KINGDOM,2020-09-02,World Health Organization COVID-19 Dashboard,1513.0,AllNationalFiltered.csv
COVID-19,Unspecified,UNITED KINGDOM,2020-09-03,World Health Organization COVID-19 Dashboard,2288.0,AllNationalFiltered.csv
COVID-19,Unspecified,UNITED KINGDOM,2020-09-04,World Health Organization COVID-19 Dashboard,3077.0,AllNationalFiltered.csv
COVID-19,Unspecified,UNITED KINGDOM,2020-09-05,World Health Organization COVID-19 Dashboard,3152.0,AllNationalFiltered.csv
COVID-19,Unspecified,UNITED KINGDOM,2020-09-06,World Health Organization COVID-19 Dashboard,3092.0,AllNationalFiltered.csv
COVID-19,Unspecified,UNITED KINGDOM,2020-09-07,World Health Organization COVID-19 Dashboard,2551.0,AllNationalFiltered.csv
COVID-19,Unspecified,UNITED KINGDOM,2020-09-08,World Health Organization COVID-19 Dashboard,2465.0,AllNationalFiltered.csv
COVID-19,Unspecified,UNITED KINGDOM,2020-09-09,World Health Organization COVID-19 Dashboard,3931.0,AllNationalFiltered.csv
COVID-19,Unspecified,UNITED KINGDOM,2020-09-10,World Health Organization COVID-19 Dashboard,3370.0,AllNationalFiltered.csv
COVID-19,Unspecified,UNITED KINGDOM,2020-09-11,World Health Organization COVID-19 Dashboard,3365.0,AllNationalFiltered.csv
COVID-19,Unspecified,UNITED KINGDOM,2020-09-12,World Health Organization COVID-19 Dashboard,3628.0,AllNationalFiltered.csv
COVID-19,Unspecified,UNITED KINGDOM,2020-09-13,World Health Organization COVID-19 Dashboard,3324.0,AllNationalFiltered.csv
COVID-19,Unspecified,UNITED KINGDOM,2020-09-14,World Health Organization COVID-19 Dashboard,2670.0,AllNationalFiltered.csv
COVID-19,Unspecified,UNITED KINGDOM,2020-09-15,World Health Organization COVID-19 Dashboard,2154.0,AllNationalFiltered.csv
COVID-19,Unspecified,UNITED KINGDOM,2020-09-16,World Health Organization COVID-19 Dashboard,3428.0,AllNationalFiltered.csv
COVID-19,Unspecified,UNITED KINGDOM,2020-09-17,World Health Organization COVID-19 Dashboard,3551.0,AllNationalFiltered.csv
COVID-19,Unspecified,UNITED KINGDOM,2020-09-18,World Health Organization COVID-19 Dashboard,4399.0,AllNationalFiltered.csv
COVID-19,Unspecified,UNITED KINGDOM,2020-09-19,World Health Organization COVID-19 Dashboard,4676.0,AllNationalFiltered.csv
COVID-19,Unspecified,UNITED KINGDOM,2020-09-20,World Health Organization COVID-19 Dashboard,4973.0,AllNationalFiltered.csv
COVID-19,Unspecified,UNITED KINGDOM,2020-09-21,World Health Organization COVID-19 Dashboard,4889.0,AllNationalFiltered.csv
COVID-19,Unspecified,UNITED KINGDOM,2020-09-22,World Health Organization COVID-19 Dashboard,5340.0,AllNationalFiltered.csv
COVID-19,Unspecified,UNITED KINGDOM,2020-09-23,World Health Organization COVID-19 Dashboard,5627.0,AllNationalFiltered.csv
COVID-19,Unspecified,UNITED KINGDOM,2020-09-24,World Health Organization COVID-19 Dashboard,6441.0,AllNationalFiltered.csv
COVID-19,Unspecified,UNITED KINGDOM,2020-09-25,World Health Organization COVID-19 Dashboard,7096.0,AllNationalFiltered.csv
COVID-19,Unspecified,UNITED KINGDOM,2020-09-26,World Health Organization COVID-19 Dashboard,7682.0,AllNationalFiltered.csv
COVID-19,Unspecified,UNITED KINGDOM,2020-09-27,World Health Organization COVID-19 Dashboard,7318.0,AllNationalFiltered.csv
COVID-19,Unspecified,UNITED KINGDOM,2020-09-28,World Health Organization COVID-19 Dashboard,6809.0,AllNationalFiltered.csv
COVID-19,Unspecified,UNITED KINGDOM,2020-09-29,World Health Organization COVID-19 Dashboard,7023.0,AllNationalFiltered.csv
COVID-19,Unspecified,UNITED KINGDOM,2020-09-30,World Health Organization COVID-19 Dashboard,9983.0,AllNationalFiltered.csv
COVID-19,Unspecified,UNITED KINGDOM,2020-10-01,World Health Organization COVID-19 Dashboard,10368.0,AllNationalFiltered.csv
COVID-19,Unspecified,UNITED KINGDOM,2020-10-02,World Health Organization COVID-19 Dashboard,12717.0,AllNationalFiltered.csv
COVID-19,Unspecified,UNITED KINGDOM,2020-10-03,World Health Organization COVID-19 Dashboard,13358.0,AllNationalFiltered.csv
COVID-19,Unspecified,UNITED KINGDOM,2020-10-04,World Health Organization COVID-19 Dashboard,13854.0,AllNationalFiltered.csv
COVID-19,Unspecified,UNITED KINGDOM,2020-10-05,World Health Organization COVID-19 Dashboard,11667.0,AllNationalFiltered.csv
COVID-19,Unspecified,UNITED KINGDOM,2020-10-06,World Health Organization COVID-19 Dashboard,11954.0,AllNationalFiltered.csv
COVID-19,Unspecified,UNITED KINGDOM,2020-10-07,World Health Organization COVID-19 Dashboard,16755.0,AllNationalFiltered.csv
COVID-19,Unspecified,UNITED KINGDOM,2020-10-08,World Health Organization COVID-19 Dashboard,17250.0,AllNationalFiltered.csv
COVID-19,Unspecified,UNITED KINGDOM,2020-10-09,World Health Organization COVID-19 Dashboard,18576.0,AllNationalFiltered.csv
COVID-19,Unspecified,UNITED KINGDOM,2020-10-10,World Health Organization COVID-19 Dashboard,18427.0,AllNationalFiltered.csv
COVID-19,Unspecified,UNITED KINGDOM,2020-10-11,World Health Organization COVID-19 Dashboard,15903.0,AllNationalFiltered.csv
COVID-19,Unspecified,UNITED KINGDOM,2020-10-12,World Health Organization COVID-19 Dashboard,12652.0,AllNationalFiltered.csv
COVID-19,Unspecified,UNITED KINGDOM,2020-10-13,World Health Organization COVID-19 Dashboard,12213.0,AllNationalFiltered.csv
COVID-19,Unspecified,UNITED KINGDOM,2020-10-14,World Health Organization COVID-19 Dashboard,19710.0,AllNationalFiltered.csv
COVID-19,Unspecified,UNITED KINGDOM,2020-10-15,World Health Organization COVID-19 Dashboard,19135.0,AllNationalFiltered.csv
COVID-19,Unspecified,UNITED KINGDOM,2020-10-16,World Health Organization COVID-19 Dashboard,19934.0,AllNationalFiltered.csv
COVID-19,Unspecified,UNITED KINGDOM,2020-10-17,World Health Organization COVID-19 Dashboard,18639.0,AllNationalFiltered.csv
COVID-19,Unspecified,UNITED KINGDOM,2020-10-18,World Health Organization COVID-19 Dashboard,17938.0,AllNationalFiltered.csv
COVID-19,Unspecified,UNITED KINGDOM,2020-10-19,World Health Organization COVID-19 Dashboard,14888.0,AllNationalFiltered.csv
COVID-19,Unspecified,UNITED KINGDOM,2020-10-20,World Health Organization COVID-19 Dashboard,14331.0,AllNationalFiltered.csv
COVID-19,Unspecified,UNITED KINGDOM,2020-10-21,World Health Organization COVID-19 Dashboard,25926.0,AllNationalFiltered.csv
COVID-19,Unspecified,UNITED KINGDOM,2020-10-22,World Health Organization COVID-19 Dashboard,25680.0,AllNationalFiltered.csv
COVID-19,Unspecified,UNITED KINGDOM,2020-10-23,World Health Organization COVID-19 Dashboard,25785.0,AllNationalFiltered.csv
COVID-19,Unspecified,UNITED KINGDOM,2020-10-24,World Health Organization COVID-19 Dashboard,23497.0,AllNationalFiltered.csv
COVID-19,Unspecified,UNITED KINGDOM,2020-10-25,World Health Organization COVID-19 Dashboard,21714.0,AllNationalFiltered.csv
COVID-19,Unspecified,UNITED KINGDOM,2020-10-26,World Health Organization COVID-19 Dashboard,16464.0,AllNationalFiltered.csv
COVID-19,Unspecified,UNITED KINGDOM,2020-10-27,World Health Organization COVID-19 Dashboard,15905.0,AllNationalFiltered.csv
COVID-19,Unspecified,UNITED KINGDOM,2020-10-28,World Health Organization COVID-19 Dashboard,26807.0,AllNationalFiltered.csv
COVID-19,Unspecified,UNITED KINGDOM,2020-10-29,World Health Organization COVID-19 Dashboard,24360.0,AllNationalFiltered.csv
COVID-19,Unspecified,UNITED KINGDOM,2020-10-30,World Health Organization COVID-19 Dashboard,23907.0,AllNationalFiltered.csv
COVID-19,Unspecified,UNITED KINGDOM,2020-10-31,World Health Organization COVID-19 Dashboard,23649.0,AllNationalFiltered.csv
COVID-19,Unspecified,UNITED KINGDOM,2020-11-01,World Health Organization COVID-19 Dashboard,22896.0,AllNationalFiltered.csv
COVID-19,Unspecified,UNITED KINGDOM,2020-11-02,World Health Organization COVID-19 Dashboard,16702.0,AllNationalFiltered.csv
COVID-19,Unspecified,UNITED KINGDOM,2020-11-03,World Health Organization COVID-19 Dashboard,16001.0,AllNationalFiltered.csv
COVID-19,Unspecified,UNITED KINGDOM,2020-11-04,World Health Organization COVID-19 Dashboard,32003.0,AllNationalFiltered.csv
COVID-19,Unspecified,UNITED KINGDOM,2020-11-05,World Health Organization COVID-19 Dashboard,25989.0,AllNationalFiltered.csv
COVID-19,Unspecified,UNITED KINGDOM,2020-11-06,World Health Organization COVID-19 Dashboard,24055.0,AllNationalFiltered.csv
COVID-19,Unspecified,UNITED KINGDOM,2020-11-07,World Health Organization COVID-19 Dashboard,24101.0,AllNationalFiltered.csv
COVID-19,Unspecified,UNITED KINGDOM,2020-11-08,World Health Organization COVID-19 Dashboard,23715.0,AllNationalFiltered.csv
COVID-19,Unspecified,UNITED KINGDOM,2020-11-09,World Health Organization COVID-19 Dashboard,18783.0,AllNationalFiltered.csv
COVID-19,Unspecified,UNITED KINGDOM,2020-11-10,World Health Organization COVID-19 Dashboard,20252.0,AllNationalFiltered.csv
COVID-19,Unspecified,UNITED KINGDOM,2020-11-11,World Health Organization COVID-19 Dashboard,31558.0,AllNationalFiltered.csv
COVID-19,Unspecified,UNITED KINGDOM,2020-11-12,World Health Organization COVID-19 Dashboard,27829.0,AllNationalFiltered.csv
COVID-19,Unspecified,UNITED KINGDOM,2020-11-13,World Health Organization COVID-19 Dashboard,27792.0,AllNationalFiltered.csv
COVID-19,Unspecified,UNITED KINGDOM,2020-11-14,World Health Organization COVID-19 Dashboard,24876.0,AllNationalFiltered.csv
COVID-19,Unspecified,UNITED KINGDOM,2020-11-15,World Health Organization COVID-19 Dashboard,24438.0,AllNationalFiltered.csv
COVID-19,Unspecified,UNITED KINGDOM,2020-11-16,World Health Organization COVID-19 Dashboard,18258.0,AllNationalFiltered.csv
COVID-19,Unspecified,UNITED KINGDOM,2020-11-17,World Health Organization COVID-19 Dashboard,16258.0,AllNationalFiltered.csv
COVID-19,Unspecified,UNITED KINGDOM,2020-11-18,World Health Organization COVID-19 Dashboard,27007.0,AllNationalFiltered.csv
COVID-19,Unspecified,UNITED KINGDOM,2020-11-19,World Health Organization COVID-19 Dashboard,23531.0,AllNationalFiltered.csv
COVID-19,Unspecified,UNITED KINGDOM,2020-11-20,World Health Organization COVID-19 Dashboard,21118.0,AllNationalFiltered.csv
COVID-19,Unspecified,UNITED KINGDOM,2020-11-21,World Health Organization COVID-19 Dashboard,18074.0,AllNationalFiltered.csv
COVID-19,Unspecified,UNITED KINGDOM,2020-11-22,World Health Organization COVID-19 Dashboard,17134.0,AllNationalFiltered.csv
COVID-19,Unspecified,UNITED KINGDOM,2020-11-23,World Health Organization COVID-19 Dashboard,12556.0,AllNationalFiltered.csv
COVID-19,Unspecified,UNITED KINGDOM,2020-11-24,World Health Organization COVID-19 Dashboard,11913.0,AllNationalFiltered.csv
COVID-19,Unspecified,UNITED KINGDOM,2020-11-25,World Health Organization COVID-19 Dashboard,19083.0,AllNationalFiltered.csv
COVID-19,Unspecified,UNITED KINGDOM,2020-11-26,World Health Organization COVID-19 Dashboard,16704.0,AllNationalFiltered.csv
COVID-19,Unspecified,UNITED KINGDOM,2020-11-27,World Health Organization COVID-19 Dashboard,16858.0,AllNationalFiltered.csv
COVID-19,Unspecified,UNITED KINGDOM,2020-11-28,World Health Organization COVID-19 Dashboard,14817.0,AllNationalFiltered.csv
COVID-19,Unspecified,UNITED KINGDOM,2020-11-29,World Health Organization COVID-19 Dashboard,14597.0,AllNationalFiltered.csv
COVID-19,Unspecified,UNITED KINGDOM,2020-11-30,World Health Organization COVID-19 Dashboard,11105.0,AllNationalFiltered.csv
COVID-19,Unspecified,UNITED KINGDOM,2020-12-01,World Health Organization COVID-19 Dashboard,10874.0,AllNationalFiltered.csv
COVID-19,Unspecified,UNITED KINGDOM,2020-12-02,World Health Organization COVID-19 Dashboard,18265.0,AllNationalFiltered.csv
COVID-19,Unspecified,UNITED KINGDOM,2020-12-03,World Health Organization COVID-19 Dashboard,16745.0,AllNationalFiltered.csv
COVID-19,Unspecified,UNITED KINGDOM,2020-12-04,World Health Organization COVID-19 Dashboard,16748.0,AllNationalFiltered.csv
COVID-19,Unspecified,UNITED KINGDOM,2020-12-05,World Health Organization COVID-19 Dashboard,15926.0,AllNationalFiltered.csv
COVID-19,Unspecified,UNITED KINGDOM,2020-12-06,World Health Organization COVID-19 Dashboard,15866.0,AllNationalFiltered.csv
COVID-19,Unspecified,UNITED KINGDOM,2020-12-07,World Health Organization COVID-19 Dashboard,12917.0,AllNationalFiltered.csv
COVID-19,Unspecified,UNITED KINGDOM,2020-12-08,World Health Organization COVID-19 Dashboard,13765.0,AllNationalFiltered.csv
COVID-19,Unspecified,UNITED KINGDOM,2020-12-09,World Health Organization COVID-19 Dashboard,21644.0,AllNationalFiltered.csv
COVID-19,Unspecified,UNITED KINGDOM,2020-12-10,World Health Organization COVID-19 Dashboard,21097.0,AllNationalFiltered.csv
COVID-19,Unspecified,UNITED KINGDOM,2020-12-11,World Health Organization COVID-19 Dashboard,21937.0,AllNationalFiltered.csv
COVID-19,Unspecified,UNITED KINGDOM,2020-12-12,World Health Organization COVID-19 Dashboard,22927.0,AllNationalFiltered.csv
COVID-19,Unspecified,UNITED KINGDOM,2020-12-13,World Health Organization COVID-19 Dashboard,24425.0,AllNationalFiltered.csv
COVID-19,Unspecified,UNITED KINGDOM,2020-12-14,World Health Organization COVID-19 Dashboard,19592.0,AllNationalFiltered.csv
COVID-19,Unspecified,UNITED KINGDOM,2020-12-15,World Health Organization COVID-19 Dashboard,22279.0,AllNationalFiltered.csv
COVID-19,Unspecified,UNITED KINGDOM,2020-12-16,World Health Organization COVID-19 Dashboard,35221.0,AllNationalFiltered.csv
COVID-19,Unspecified,UNITED KINGDOM,2020-12-17,World Health Organization COVID-19 Dashboard,34414.0,AllNationalFiltered.csv
COVID-19,Unspecified,UNITED KINGDOM,2020-12-18,World Health Organization COVID-19 Dashboard,35438.0,AllNationalFiltered.csv
COVID-19,Unspecified,UNITED KINGDOM,2020-12-19,World Health Organization COVID-19 Dashboard,34440.0,AllNationalFiltered.csv
COVID-19,Unspecified,UNITED KINGDOM,2020-12-20,World Health Organization COVID-19 Dashboard,36418.0,AllNationalFiltered.csv
COVID-19,Unspecified,UNITED KINGDOM,2020-12-21,World Health Organization COVID-19 Dashboard,25589.0,AllNationalFiltered.csv
COVID-19,Unspecified,UNITED KINGDOM,2020-12-22,World Health Organization COVID-19 Dashboard,33064.0,AllNationalFiltered.csv
COVID-19,Unspecified,UNITED KINGDOM,2020-12-23,World Health Organization COVID-19 Dashboard,48192.0,AllNationalFiltered.csv
COVID-19,Unspecified,UNITED KINGDOM,2020-12-24,World Health Organization COVID-19 Dashboard,46476.0,AllNationalFiltered.csv
COVID-19,Unspecified,UNITED KINGDOM,2020-12-25,World Health Organization COVID-19 Dashboard,42936.0,AllNationalFiltered.csv
COVID-19,Unspecified,UNITED KINGDOM,2020-12-26,World Health Organization COVID-19 Dashboard,32391.0,AllNationalFiltered.csv
COVID-19,Unspecified,UNITED KINGDOM,2020-12-27,World Health Organization COVID-19 Dashboard,14419.0,AllNationalFiltered.csv
COVID-19,Unspecified,UNITED KINGDOM,2020-12-28,World Health Organization COVID-19 Dashboard,41109.0,AllNationalFiltered.csv
COVID-19,Unspecified,UNITED KINGDOM,2020-12-29,World Health Organization COVID-19 Dashboard,48519.0,AllNationalFiltered.csv
COVID-19,Unspecified,UNITED KINGDOM,2020-12-30,World Health Organization COVID-19 Dashboard,46407.0,AllNationalFiltered.csv
COVID-19,Unspecified,UNITED KINGDOM,2020-12-31,World Health Organization COVID-19 Dashboard,83088.0,AllNationalFiltered.csv
COVID-19,Unspecified,UNITED KINGDOM,2021-01-01,World Health Organization COVID-19 Dashboard,72161.0,AllNationalFiltered.csv
COVID-19,Unspecified,UNITED KINGDOM,2021-01-02,World Health Organization COVID-19 Dashboard,53945.0,AllNationalFiltered.csv
COVID-19,Unspecified,UNITED KINGDOM,2021-01-03,World Health Organization COVID-19 Dashboard,32482.0,AllNationalFiltered.csv
COVID-19,Unspecified,UNITED KINGDOM,2021-01-04,World Health Organization COVID-19 Dashboard,61654.0,AllNationalFiltered.csv
COVID-19,Unspecified,UNITED KINGDOM,2021-01-05,World Health Organization COVID-19 Dashboard,56333.0,AllNationalFiltered.csv
COVID-19,Unspecified,UNITED KINGDOM,2021-01-06,World Health Organization COVID-19 Dashboard,77970.0,AllNationalFiltered.csv
COVID-19,Unspecified,UNITED KINGDOM,2021-01-07,World Health Organization COVID-19 Dashboard,66636.0,AllNationalFiltered.csv
COVID-19,Unspecified,UNITED KINGDOM,2021-01-08,World Health Organization COVID-19 Dashboard,58784.0,AllNationalFiltered.csv
COVID-19,Unspecified,UNITED KINGDOM,2021-01-09,World Health Organization COVID-19 Dashboard,53187.0,AllNationalFiltered.csv
COVID-19,Unspecified,UNITED KINGDOM,2021-01-10,World Health Organization COVID-19 Dashboard,48103.0,AllNationalFiltered.csv
COVID-19,Unspecified,UNITED KINGDOM,2021-01-11,World Health Organization COVID-19 Dashboard,40035.0,AllNationalFiltered.csv
COVID-19,Unspecified,UNITED KINGDOM,2021-01-12,World Health Organization COVID-19 Dashboard,37174.0,AllNationalFiltered.csv
COVID-19,Unspecified,UNITED KINGDOM,2021-01-13,World Health Organization COVID-19 Dashboard,58591.0,AllNationalFiltered.csv
COVID-19,Unspecified,UNITED KINGDOM,2021-01-14,World Health Organization COVID-19 Dashboard,50647.0,AllNationalFiltered.csv
COVID-19,Unspecified,UNITED KINGDOM,2021-01-15,World Health Organization COVID-19 Dashboard,46506.0,AllNationalFiltered.csv
COVID-19,Unspecified,UNITED KINGDOM,2021-01-16,World Health Organization COVID-19 Dashboard,43473.0,AllNationalFiltered.csv
COVID-19,Unspecified,UNITED KINGDOM,2021-01-17,World Health Organization COVID-19 Dashboard,41450.0,AllNationalFiltered.csv
COVID-19,Unspecified,UNITED KINGDOM,2021-01-18,World Health Organization COVID-19 Dashboard,31247.0,AllNationalFiltered.csv
COVID-19,Unspecified,UNITED KINGDOM,2021-01-19,World Health Organization COVID-19 Dashboard,29592.0,AllNationalFiltered.csv
COVID-19,Unspecified,UNITED KINGDOM,2021-01-20,World Health Organization COVID-19 Dashboard,45956.0,AllNationalFiltered.csv
COVID-19,Unspecified,UNITED KINGDOM,2021-01-21,World Health Organization COVID-19 Dashboard,40525.0,AllNationalFiltered.csv
COVID-19,Unspecified,UNITED KINGDOM,2021-01-22,World Health Organization COVID-19 Dashboard,35985.0,AllNationalFiltered.csv
COVID-19,Unspecified,UNITED KINGDOM,2021-01-23,World Health Organization COVID-19 Dashboard,32501.0,AllNationalFiltered.csv
COVID-19,Unspecified,UNITED KINGDOM,2021-01-24,World Health Organization COVID-19 Dashboard,30330.0,AllNationalFiltered.csv
COVID-19,Unspecified,UNITED KINGDOM,2021-01-25,World Health Organization COVID-19 Dashboard,22344.0,AllNationalFiltered.csv
COVID-19,Unspecified,UNITED KINGDOM,2021-01-26,World Health Organization COVID-19 Dashboard,17554.0,AllNationalFiltered.csv
COVID-19,Unspecified,UNITED KINGDOM,2021-01-27,World Health Organization COVID-19 Dashboard,30736.0,AllNationalFiltered.csv
COVID-19,Unspecified,UNITED KINGDOM,2021-01-28,World Health Organization COVID-19 Dashboard,27730.0,AllNationalFiltered.csv
COVID-19,Unspecified,UNITED KINGDOM,2021-01-29,World Health Organization COVID-19 Dashboard,26303.0,AllNationalFiltered.csv
COVID-19,Unspecified,UNITED KINGDOM,2021-01-30,World Health Organization COVID-19 Dashboard,24772.0,AllNationalFiltered.csv
COVID-19,Unspecified,UNITED KINGDOM,2021-01-31,World Health Organization COVID-19 Dashboard,22433.0,AllNationalFiltered.csv
COVID-19,Unspecified,UNITED KINGDOM,2021-02-01,World Health Organization COVID-19 Dashboard,17167.0,AllNationalFiltered.csv
COVID-19,Unspecified,UNITED KINGDOM,2021-02-02,World Health Organization COVID-19 Dashboard,15783.0,AllNationalFiltered.csv
COVID-19,Unspecified,UNITED KINGDOM,2021-02-03,World Health Organization COVID-19 Dashboard,22971.0,AllNationalFiltered.csv
COVID-19,Unspecified,UNITED KINGDOM,2021-02-04,World Health Organization COVID-19 Dashboard,20268.0,AllNationalFiltered.csv
COVID-19,Unspecified,UNITED KINGDOM,2021-02-05,World Health Organization COVID-19 Dashboard,19914.0,AllNationalFiltered.csv
COVID-19,Unspecified,UNITED KINGDOM,2021-02-06,World Health Organization COVID-19 Dashboard,18493.0,AllNationalFiltered.csv
COVID-19,Unspecified,UNITED KINGDOM,2021-02-07,World Health Organization COVID-19 Dashboard,16308.0,AllNationalFiltered.csv
COVID-19,Unspecified,UNITED KINGDOM,2021-02-08,World Health Organization COVID-19 Dashboard,12320.0,AllNationalFiltered.csv
COVID-19,Unspecified,UNITED KINGDOM,2021-02-09,World Health Organization COVID-19 Dashboard,11664.0,AllNationalFiltered.csv
COVID-19,Unspecified,UNITED KINGDOM,2021-02-10,World Health Organization COVID-19 Dashboard,16193.0,AllNationalFiltered.csv
COVID-19,Unspecified,UNITED KINGDOM,2021-02-11,World Health Organization COVID-19 Dashboard,14225.0,AllNationalFiltered.csv
COVID-19,Unspecified,UNITED KINGDOM,2021-02-12,World Health Organization COVID-19 Dashboard,13899.0,AllNationalFiltered.csv
COVID-19,Unspecified,UNITED KINGDOM,2021-02-13,World Health Organization COVID-19 Dashboard,13139.0,AllNationalFiltered.csv
COVID-19,Unspecified,UNITED KINGDOM,2021-02-14,World Health Organization COVID-19 Dashboard,12573.0,AllNationalFiltered.csv
COVID-19,Unspecified,UNITED KINGDOM,2021-02-15,World Health Organization COVID-19 Dashboard,9032.0,AllNationalFiltered.csv
COVID-19,Unspecified,UNITED KINGDOM,2021-02-16,World Health Organization COVID-19 Dashboard,8994.0,AllNationalFiltered.csv
COVID-19,Unspecified,UNITED KINGDOM,2021-02-17,World Health Organization COVID-19 Dashboard,14735.0,AllNationalFiltered.csv
COVID-19,Unspecified,UNITED KINGDOM,2021-02-18,World Health Organization COVID-19 Dashboard,12941.0,AllNationalFiltered.csv
COVID-19,Unspecified,UNITED KINGDOM,2021-02-19,World Health Organization COVID-19 Dashboard,11942.0,AllNationalFiltered.csv
COVID-19,Unspecified,UNITED KINGDOM,2021-02-20,World Health Organization COVID-19 Dashboard,11794.0,AllNationalFiltered.csv
COVID-19,Unspecified,UNITED KINGDOM,2021-02-21,World Health Organization COVID-19 Dashboard,10728.0,AllNationalFiltered.csv
COVID-19,Unspecified,UNITED KINGDOM,2021-02-22,World Health Organization COVID-19 Dashboard,8312.0,AllNationalFiltered.csv
COVID-19,Unspecified,UNITED KINGDOM,2021-02-23,World Health Organization COVID-19 Dashboard,8097.0,AllNationalFiltered.csv
COVID-19,Unspecified,UNITED KINGDOM,2021-02-24,World Health Organization COVID-19 Dashboard,11655.0,AllNationalFiltered.csv
COVID-19,Unspecified,UNITED KINGDOM,2021-02-25,World Health Organization COVID-19 Dashboard,9762.0,AllNationalFiltered.csv
COVID-19,Unspecified,UNITED KINGDOM,2021-02-26,World Health Organization COVID-19 Dashboard,8845.0,AllNationalFiltered.csv
COVID-19,Unspecified,UNITED KINGDOM,2021-02-27,World Health Organization COVID-19 Dashboard,8025.0,AllNationalFiltered.csv
COVID-19,Unspecified,UNITED KINGDOM,2021-02-28,World Health Organization COVID-19 Dashboard,6783.0,AllNationalFiltered.csv
COVID-19,Unspecified,UNITED KINGDOM,2021-03-01,World Health Organization COVID-19 Dashboard,4949.0,AllNationalFiltered.csv
COVID-19,Unspecified,UNITED KINGDOM,2021-03-02,World Health Organization COVID-19 Dashboard,4873.0,AllNationalFiltered.csv
COVID-19,Unspecified,UNITED KINGDOM,2021-03-03,World Health Organization COVID-19 Dashboard,7192.0,AllNationalFiltered.csv
COVID-19,Unspecified,UNITED KINGDOM,2021-03-04,World Health Organization COVID-19 Dashboard,6919.0,AllNationalFiltered.csv
COVID-19,Unspecified,UNITED KINGDOM,2021-03-05,World Health Organization COVID-19 Dashboard,6172.0,AllNationalFiltered.csv
COVID-19,Unspecified,UNITED KINGDOM,2021-03-06,World Health Organization COVID-19 Dashboard,5937.0,AllNationalFiltered.csv
COVID-19,Unspecified,UNITED KINGDOM,2021-03-07,World Health Organization COVID-19 Dashboard,5467.0,AllNationalFiltered.csv
COVID-19,Unspecified,UNITED KINGDOM,2021-03-08,World Health Organization COVID-19 Dashboard,4628.0,AllNationalFiltered.csv
COVID-19,Unspecified,UNITED KINGDOM,2021-03-09,World Health Organization COVID-19 Dashboard,4410.0,AllNationalFiltered.csv
COVID-19,Unspecified,UNITED KINGDOM,2021-03-10,World Health Organization COVID-19 Dashboard,6890.0,AllNationalFiltered.csv
COVID-19,Unspecified,UNITED KINGDOM,2021-03-11,World Health Organization COVID-19 Dashboard,6487.0,AllNationalFiltered.csv
COVID-19,Unspecified,UNITED KINGDOM,2021-03-12,World Health Organization COVID-19 Dashboard,6251.0,AllNationalFiltered.csv
COVID-19,Unspecified,UNITED KINGDOM,2021-03-13,World Health Organization COVID-19 Dashboard,5934.0,AllNationalFiltered.csv
COVID-19,Unspecified,UNITED KINGDOM,2021-03-14,World Health Organization COVID-19 Dashboard,5716.0,AllNationalFiltered.csv
COVID-19,Unspecified,UNITED KINGDOM,2021-03-15,World Health Organization COVID-19 Dashboard,4379.0,AllNationalFiltered.csv
COVID-19,Unspecified,UNITED KINGDOM,2021-03-16,World Health Organization COVID-19 Dashboard,4425.0,AllNationalFiltered.csv
COVID-19,Unspecified,UNITED KINGDOM,2021-03-17,World Health Organization COVID-19 Dashboard,6697.0,AllNationalFiltered.csv
COVID-19,Unspecified,UNITED KINGDOM,2021-03-18,World Health Organization COVID-19 Dashboard,5849.0,AllNationalFiltered.csv
COVID-19,Unspecified,UNITED KINGDOM,2021-03-19,World Health Organization COVID-19 Dashboard,5976.0,AllNationalFiltered.csv
COVID-19,Unspecified,UNITED KINGDOM,2021-03-20,World Health Organization COVID-19 Dashboard,5623.0,AllNationalFiltered.csv
COVID-19,Unspecified,UNITED KINGDOM,2021-03-21,World Health Organization COVID-19 Dashboard,5176.0,AllNationalFiltered.csv
COVID-19,Unspecified,UNITED KINGDOM,2021-03-22,World Health Organization COVID-19 Dashboard,4246.0,AllNationalFiltered.csv
COVID-19,Unspecified,UNITED KINGDOM,2021-03-23,World Health Organization COVID-19 Dashboard,5388.0,AllNationalFiltered.csv
COVID-19,Unspecified,UNITED KINGDOM,2021-03-24,World Health Organization COVID-19 Dashboard,6458.0,AllNationalFiltered.csv
COVID-19,Unspecified,UNITED KINGDOM,2021-03-25,World Health Organization COVID-19 Dashboard,5481.0,AllNationalFiltered.csv
COVID-19,Unspecified,UNITED KINGDOM,2021-03-26,World Health Organization COVID-19 Dashboard,6222.0,AllNationalFiltered.csv
COVID-19,Unspecified,UNITED KINGDOM,2021-03-27,World Health Organization COVID-19 Dashboard,5616.0,AllNationalFiltered.csv
COVID-19,Unspecified,UNITED KINGDOM,2021-03-28,World Health Organization COVID-19 Dashboard,4567.0,AllNationalFiltered.csv
COVID-19,Unspecified,UNITED KINGDOM,2021-03-29,World Health Organization COVID-19 Dashboard,3731.0,AllNationalFiltered.csv
COVID-19,Unspecified,UNITED KINGDOM,2021-03-30,World Health Organization COVID-19 Dashboard,5029.0,AllNationalFiltered.csv
COVID-19,Unspecified,UNITED KINGDOM,2021-03-31,World Health Organization COVID-19 Dashboard,4196.0,AllNationalFiltered.csv
COVID-19,Unspecified,UNITED KINGDOM,2021-04-01,World Health Organization COVID-19 Dashboard,3778.0,AllNationalFiltered.csv
COVID-19,Unspecified,UNITED KINGDOM,2021-04-02,World Health Organization COVID-19 Dashboard,3967.0,AllNationalFiltered.csv
COVID-19,Unspecified,UNITED KINGDOM,2021-04-03,World Health Organization COVID-19 Dashboard,3674.0,AllNationalFiltered.csv
COVID-19,Unspecified,UNITED KINGDOM,2021-04-04,World Health Organization COVID-19 Dashboard,2747.0,AllNationalFiltered.csv
COVID-19,Unspecified,UNITED KINGDOM,2021-04-05,World Health Organization COVID-19 Dashboard,2506.0,AllNationalFiltered.csv
COVID-19,Unspecified,UNITED KINGDOM,2021-04-06,World Health Organization COVID-19 Dashboard,2412.0,AllNationalFiltered.csv
COVID-19,Unspecified,UNITED KINGDOM,2021-04-07,World Health Organization COVID-19 Dashboard,2744.0,AllNationalFiltered.csv
COVID-19,Unspecified,UNITED KINGDOM,2021-04-08,World Health Organization COVID-19 Dashboard,3312.0,AllNationalFiltered.csv
COVID-19,Unspecified,UNITED KINGDOM,2021-04-09,World Health Organization COVID-19 Dashboard,3253.0,AllNationalFiltered.csv
COVID-19,Unspecified,UNITED KINGDOM,2021-04-10,World Health Organization COVID-19 Dashboard,3147.0,AllNationalFiltered.csv
COVID-19,Unspecified,UNITED KINGDOM,2021-04-11,World Health Organization COVID-19 Dashboard,2952.0,AllNationalFiltered.csv
COVID-19,Unspecified,UNITED KINGDOM,2021-04-12,World Health Organization COVID-19 Dashboard,2380.0,AllNationalFiltered.csv
COVID-19,Unspecified,UNITED KINGDOM,2021-04-13,World Health Organization COVID-19 Dashboard,2376.0,AllNationalFiltered.csv
COVID-19,Unspecified,UNITED KINGDOM,2021-04-14,World Health Organization COVID-19 Dashboard,2878.0,AllNationalFiltered.csv
COVID-19,Unspecified,UNITED KINGDOM,2021-04-15,World Health Organization COVID-19 Dashboard,2495.0,AllNationalFiltered.csv
COVID-19,Unspecified,UNITED KINGDOM,2021-04-16,World Health Organization COVID-19 Dashboard,2512.0,AllNationalFiltered.csv
COVID-19,Unspecified,UNITED KINGDOM,2021-04-17,World Health Organization COVID-19 Dashboard,2344.0,AllNationalFiltered.csv
COVID-19,Unspecified,UNITED KINGDOM,2021-04-18,World Health Organization COVID-19 Dashboard,2347.0,AllNationalFiltered.csv
COVID-19,Unspecified,UNITED KINGDOM,2021-04-19,World Health Organization COVID-19 Dashboard,1721.0,AllNationalFiltered.csv
COVID-19,Unspecified,UNITED KINGDOM,2021-04-20,World Health Organization COVID-19 Dashboard,2584.0,AllNationalFiltered.csv
COVID-19,Unspecified,UNITED KINGDOM,2021-04-21,World Health Organization COVID-19 Dashboard,2738.0,AllNationalFiltered.csv
COVID-19,Unspecified,UNITED KINGDOM,2021-04-22,World Health Organization COVID-19 Dashboard,2541.0,AllNationalFiltered.csv
COVID-19,Unspecified,UNITED KINGDOM,2021-04-23,World Health Organization COVID-19 Dashboard,2709.0,AllNationalFiltered.csv
COVID-19,Unspecified,UNITED KINGDOM,2021-04-24,World Health Organization COVID-19 Dashboard,2409.0,AllNationalFiltered.csv
COVID-19,Unspecified,UNITED KINGDOM,2021-04-25,World Health Organization COVID-19 Dashboard,2020.0,AllNationalFiltered.csv
COVID-19,Unspecified,UNITED KINGDOM,2021-04-26,World Health Organization COVID-19 Dashboard,1564.0,AllNationalFiltered.csv
COVID-19,Unspecified,UNITED KINGDOM,2021-04-27,World Health Organization COVID-19 Dashboard,2119.0,AllNationalFiltered.csv
COVID-19,Unspecified,UNITED KINGDOM,2021-04-28,World Health Organization COVID-19 Dashboard,2625.0,AllNationalFiltered.csv
COVID-19,Unspecified,UNITED KINGDOM,2021-04-29,World Health Organization COVID-19 Dashboard,2178.0,AllNationalFiltered.csv
COVID-19,Unspecified,UNITED KINGDOM,2021-04-30,World Health Organization COVID-19 Dashboard,2499.0,AllNationalFiltered.csv
COVID-19,Unspecified,UNITED KINGDOM,2021-05-01,World Health Organization COVID-19 Dashboard,2230.0,AllNationalFiltered.csv
COVID-19,Unspecified,UNITED KINGDOM,2021-05-02,World Health Organization COVID-19 Dashboard,1825.0,AllNationalFiltered.csv
COVID-19,Unspecified,UNITED KINGDOM,2021-05-03,World Health Organization COVID-19 Dashboard,1431.0,AllNationalFiltered.csv
COVID-19,Unspecified,UNITED KINGDOM,2021-05-04,World Health Organization COVID-19 Dashboard,1521.0,AllNationalFiltered.csv
COVID-19,Unspecified,UNITED KINGDOM,2021-05-05,World Health Organization COVID-19 Dashboard,2084.0,AllNationalFiltered.csv
COVID-19,Unspecified,UNITED KINGDOM,2021-05-06,World Health Organization COVID-19 Dashboard,2550.0,AllNationalFiltered.csv
COVID-19,Unspecified,UNITED KINGDOM,2021-05-07,World Health Organization COVID-19 Dashboard,2568.0,AllNationalFiltered.csv
COVID-19,Unspecified,UNITED KINGDOM,2021-05-08,World Health Organization COVID-19 Dashboard,2325.0,AllNationalFiltered.csv
COVID-19,Unspecified,UNITED KINGDOM,2021-05-09,World Health Organization COVID-19 Dashboard,1981.0,AllNationalFiltered.csv
COVID-19,Unspecified,UNITED KINGDOM,2021-05-10,World Health Organization COVID-19 Dashboard,1606.0,AllNationalFiltered.csv
COVID-19,Unspecified,UNITED KINGDOM,2021-05-11,World Health Organization COVID-19 Dashboard,2307.0,AllNationalFiltered.csv
COVID-19,Unspecified,UNITED KINGDOM,2021-05-12,World Health Organization COVID-19 Dashboard,2808.0,AllNationalFiltered.csv
COVID-19,Unspecified,UNITED KINGDOM,2021-05-13,World Health Organization COVID-19 Dashboard,2328.0,AllNationalFiltered.csv
COVID-19,Unspecified,UNITED KINGDOM,2021-05-14,World Health Organization COVID-19 Dashboard,2335.0,AllNationalFiltered.csv
COVID-19,Unspecified,UNITED KINGDOM,2021-05-15,World Health Organization COVID-19 Dashboard,2182.0,AllNationalFiltered.csv
COVID-19,Unspecified,UNITED KINGDOM,2021-05-16,World Health Organization COVID-19 Dashboard,1936.0,AllNationalFiltered.csv
COVID-19,Unspecified,UNITED KINGDOM,2021-05-17,World Health Organization COVID-19 Dashboard,1626.0,AllNationalFiltered.csv
COVID-19,Unspecified,UNITED KINGDOM,2021-05-18,World Health Organization COVID-19 Dashboard,1922.0,AllNationalFiltered.csv
COVID-19,Unspecified,UNITED KINGDOM,2021-05-19,World Health Organization COVID-19 Dashboard,2858.0,AllNationalFiltered.csv
COVID-19,Unspecified,UNITED KINGDOM,2021-05-20,World Health Organization COVID-19 Dashboard,2812.0,AllNationalFiltered.csv
COVID-19,Unspecified,UNITED KINGDOM,2021-05-21,World Health Organization COVID-19 Dashboard,2812.0,AllNationalFiltered.csv
COVID-19,Unspecified,UNITED KINGDOM,2021-05-22,World Health Organization COVID-19 Dashboard,2517.0,AllNationalFiltered.csv
COVID-19,Unspecified,UNITED KINGDOM,2021-05-23,World Health Organization COVID-19 Dashboard,2365.0,AllNationalFiltered.csv
COVID-19,Unspecified,UNITED KINGDOM,2021-05-24,World Health Organization COVID-19 Dashboard,2000.0,AllNationalFiltered.csv
COVID-19,Unspecified,UNITED KINGDOM,2021-05-25,World Health Organization COVID-19 Dashboard,2326.0,AllNationalFiltered.csv
COVID-19,Unspecified,UNITED KINGDOM,2021-05-26,World Health Organization COVID-19 Dashboard,3368.0,AllNationalFiltered.csv
COVID-19,Unspecified,UNITED KINGDOM,2021-05-27,World Health Organization COVID-19 Dashboard,3427.0,AllNationalFiltered.csv
COVID-19,Unspecified,UNITED KINGDOM,2021-05-28,World Health Organization COVID-19 Dashboard,3921.0,AllNationalFiltered.csv
COVID-19,Unspecified,UNITED KINGDOM,2021-05-29,World Health Organization COVID-19 Dashboard,3747.0,AllNationalFiltered.csv
COVID-19,Unspecified,UNITED KINGDOM,2021-05-30,World Health Organization COVID-19 Dashboard,3589.0,AllNationalFiltered.csv
COVID-19,Unspecified,UNITED KINGDOM,2021-05-31,World Health Organization COVID-19 Dashboard,2999.0,AllNationalFiltered.csv
COVID-19,Unspecified,UNITED KINGDOM,2021-06-01,World Health Organization COVID-19 Dashboard,3164.0,AllNationalFiltered.csv
COVID-19,Unspecified,UNITED KINGDOM,2021-06-02,World Health Organization COVID-19 Dashboard,3897.0,AllNationalFiltered.csv
COVID-19,Unspecified,UNITED KINGDOM,2021-06-03,World Health Organization COVID-19 Dashboard,5431.0,AllNationalFiltered.csv
COVID-19,Unspecified,UNITED KINGDOM,2021-06-04,World Health Organization COVID-19 Dashboard,6168.0,AllNationalFiltered.csv
COVID-19,Unspecified,UNITED KINGDOM,2021-06-05,World Health Organization COVID-19 Dashboard,6256.0,AllNationalFiltered.csv
COVID-19,Unspecified,UNITED KINGDOM,2021-06-06,World Health Organization COVID-19 Dashboard,5859.0,AllNationalFiltered.csv
COVID-19,Unspecified,UNITED KINGDOM,2021-06-07,World Health Organization COVID-19 Dashboard,4731.0,AllNationalFiltered.csv
COVID-19,Unspecified,UNITED KINGDOM,2021-06-08,World Health Organization COVID-19 Dashboard,5533.0,AllNationalFiltered.csv
COVID-19,Unspecified,UNITED KINGDOM,2021-06-09,World Health Organization COVID-19 Dashboard,7945.0,AllNationalFiltered.csv
COVID-19,Unspecified,UNITED KINGDOM,2021-06-10,World Health Organization COVID-19 Dashboard,7896.0,AllNationalFiltered.csv
COVID-19,Unspecified,UNITED KINGDOM,2021-06-11,World Health Organization COVID-19 Dashboard,8209.0,AllNationalFiltered.csv
COVID-19,Unspecified,UNITED KINGDOM,2021-06-12,World Health Organization COVID-19 Dashboard,8042.0,AllNationalFiltered.csv
COVID-19,Unspecified,UNITED KINGDOM,2021-06-13,World Health Organization COVID-19 Dashboard,7619.0,AllNationalFiltered.csv
COVID-19,Unspecified,UNITED KINGDOM,2021-06-14,World Health Organization COVID-19 Dashboard,6284.0,AllNationalFiltered.csv
COVID-19,Unspecified,UNITED KINGDOM,2021-06-15,World Health Organization COVID-19 Dashboard,7134.0,AllNationalFiltered.csv
COVID-19,Unspecified,UNITED KINGDOM,2021-06-16,World Health Organization COVID-19 Dashboard,10362.0,AllNationalFiltered.csv
COVID-19,Unspecified,UNITED KINGDOM,2021-06-17,World Health Organization COVID-19 Dashboard,10795.0,AllNationalFiltered.csv
COVID-19,Unspecified,UNITED KINGDOM,2021-06-18,World Health Organization COVID-19 Dashboard,11051.0,AllNationalFiltered.csv
COVID-19,Unspecified,UNITED KINGDOM,2021-06-19,World Health Organization COVID-19 Dashboard,11106.0,AllNationalFiltered.csv
COVID-19,Unspecified,UNITED KINGDOM,2021-06-20,World Health Organization COVID-19 Dashboard,10320.0,AllNationalFiltered.csv
COVID-19,Unspecified,UNITED KINGDOM,2021-06-21,World Health Organization COVID-19 Dashboard,8445.0,AllNationalFiltered.csv
COVID-19,Unspecified,UNITED KINGDOM,2021-06-22,World Health Organization COVID-19 Dashboard,10087.0,AllNationalFiltered.csv
COVID-19,Unspecified,UNITED KINGDOM,2021-06-23,World Health Organization COVID-19 Dashboard,16307.0,AllNationalFiltered.csv
COVID-19,Unspecified,UNITED KINGDOM,2021-06-24,World Health Organization COVID-19 Dashboard,17403.0,AllNationalFiltered.csv
COVID-19,Unspecified,UNITED KINGDOM,2021-06-25,World Health Organization COVID-19 Dashboard,18350.0,AllNationalFiltered.csv
COVID-19,Unspecified,UNITED KINGDOM,2021-06-26,World Health Organization COVID-19 Dashboard,18712.0,AllNationalFiltered.csv
COVID-19,Unspecified,UNITED KINGDOM,2021-06-27,World Health Organization COVID-19 Dashboard,18169.0,AllNationalFiltered.csv
COVID-19,Unspecified,UNITED KINGDOM,2021-06-28,World Health Organization COVID-19 Dashboard,16300.0,AllNationalFiltered.csv
COVID-19,Unspecified,UNITED KINGDOM,2021-06-29,World Health Organization COVID-19 Dashboard,18502.0,AllNationalFiltered.csv
COVID-19,Unspecified,UNITED KINGDOM,2021-06-30,World Health Organization COVID-19 Dashboard,28418.0,AllNationalFiltered.csv
COVID-19,Unspecified,UNITED KINGDOM,2021-07-01,World Health Organization COVID-19 Dashboard,28199.0,AllNationalFiltered.csv
COVID-19,Unspecified,UNITED KINGDOM,2021-07-02,World Health Organization COVID-19 Dashboard,28922.0,AllNationalFiltered.csv
COVID-19,Unspecified,UNITED KINGDOM,2021-07-03,World Health Organization COVID-19 Dashboard,28794.0,AllNationalFiltered.csv
COVID-19,Unspecified,UNITED KINGDOM,2021-07-04,World Health Organization COVID-19 Dashboard,26340.0,AllNationalFiltered.csv
COVID-19,Unspecified,UNITED KINGDOM,2021-07-05,World Health Organization COVID-19 Dashboard,24006.0,AllNationalFiltered.csv
COVID-19,Unspecified,UNITED KINGDOM,2021-07-06,World Health Organization COVID-19 Dashboard,25155.0,AllNationalFiltered.csv
COVID-19,Unspecified,UNITED KINGDOM,2021-07-07,World Health Organization COVID-19 Dashboard,34896.0,AllNationalFiltered.csv
COVID-19,Unspecified,UNITED KINGDOM,2021-07-08,World Health Organization COVID-19 Dashboard,36041.0,AllNationalFiltered.csv
COVID-19,Unspecified,UNITED KINGDOM,2021-07-09,World Health Organization COVID-19 Dashboard,38593.0,AllNationalFiltered.csv
COVID-19,Unspecified,UNITED KINGDOM,2021-07-10,World Health Organization COVID-19 Dashboard,33999.0,AllNationalFiltered.csv
COVID-19,Unspecified,UNITED KINGDOM,2021-07-11,World Health Organization COVID-19 Dashboard,32799.0,AllNationalFiltered.csv
COVID-19,Unspecified,UNITED KINGDOM,2021-07-12,World Health Organization COVID-19 Dashboard,28373.0,AllNationalFiltered.csv
COVID-19,Unspecified,UNITED KINGDOM,2021-07-13,World Health Organization COVID-19 Dashboard,30502.0,AllNationalFiltered.csv
COVID-19,Unspecified,UNITED KINGDOM,2021-07-14,World Health Organization COVID-19 Dashboard,44505.0,AllNationalFiltered.csv
COVID-19,Unspecified,UNITED KINGDOM,2021-07-15,World Health Organization COVID-19 Dashboard,47702.0,AllNationalFiltered.csv
COVID-19,Unspecified,UNITED KINGDOM,2021-07-16,World Health Organization COVID-19 Dashboard,54908.0,AllNationalFiltered.csv
COVID-19,Unspecified,UNITED KINGDOM,2021-07-17,World Health Organization COVID-19 Dashboard,61996.0,AllNationalFiltered.csv
COVID-19,Unspecified,UNITED KINGDOM,2021-07-18,World Health Organization COVID-19 Dashboard,55262.0,AllNationalFiltered.csv
COVID-19,Unspecified,UNITED KINGDOM,2021-07-19,World Health Organization COVID-19 Dashboard,38473.0,AllNationalFiltered.csv
COVID-19,Unspecified,UNITED KINGDOM,2021-07-20,World Health Organization COVID-19 Dashboard,36180.0,AllNationalFiltered.csv
COVID-19,Unspecified,UNITED KINGDOM,2021-07-21,World Health Organization COVID-19 Dashboard,47910.0,AllNationalFiltered.csv
COVID-19,Unspecified,UNITED KINGDOM,2021-07-22,World Health Organization COVID-19 Dashboard,39869.0,AllNationalFiltered.csv
COVID-19,Unspecified,UNITED KINGDOM,2021-07-23,World Health Organization COVID-19 Dashboard,35535.0,AllNationalFiltered.csv
COVID-19,Unspecified,UNITED KINGDOM,2021-07-24,World Health Organization COVID-19 Dashboard,31274.0,AllNationalFiltered.csv
COVID-19,Unspecified,UNITED KINGDOM,2021-07-25,World Health Organization COVID-19 Dashboard,27764.0,AllNationalFiltered.csv
COVID-19,Unspecified,UNITED KINGDOM,2021-07-26,World Health Organization COVID-19 Dashboard,22848.0,AllNationalFiltered.csv
COVID-19,Unspecified,UNITED KINGDOM,2021-07-27,World Health Organization COVID-19 Dashboard,22172.0,AllNationalFiltered.csv
COVID-19,Unspecified,UNITED KINGDOM,2021-07-28,World Health Organization COVID-19 Dashboard,29977.0,AllNationalFiltered.csv
COVID-19,Unspecified,UNITED KINGDOM,2021-07-29,World Health Organization COVID-19 Dashboard,29574.0,AllNationalFiltered.csv
COVID-19,Unspecified,UNITED KINGDOM,2021-07-30,World Health Organization COVID-19 Dashboard,30235.0,AllNationalFiltered.csv
COVID-19,Unspecified,UNITED KINGDOM,2021-07-31,World Health Organization COVID-19 Dashboard,28429.0,AllNationalFiltered.csv
COVID-19,Unspecified,CHINA,2020-01-04,World Health Organization COVID-19 Dashboard,1.0,AllNationalFiltered.csv
COVID-19,Unspecified,CHINA,2020-01-05,World Health Organization COVID-19 Dashboard,0.0,AllNationalFiltered.csv
COVID-19,Unspecified,CHINA,2020-01-06,World Health Organization COVID-19 Dashboard,3.0,AllNationalFiltered.csv
COVID-19,Unspecified,CHINA,2020-01-07,World Health Organization COVID-19 Dashboard,0.0,AllNationalFiltered.csv
COVID-19,Unspecified,CHINA,2020-01-08,World Health Organization COVID-19 Dashboard,0.0,AllNationalFiltered.csv
COVID-19,Unspecified,CHINA,2020-01-09,World Health Organization COVID-19 Dashboard,0.0,AllNationalFiltered.csv
COVID-19,Unspecified,CHINA,2020-01-10,World Health Organization COVID-19 Dashboard,0.0,AllNationalFiltered.csv
COVID-19,Unspecified,CHINA,2020-01-11,World Health Organization COVID-19 Dashboard,0.0,AllNationalFiltered.csv
COVID-19,Unspecified,CHINA,2020-01-12,World Health Organization COVID-19 Dashboard,41.0,AllNationalFiltered.csv
COVID-19,Unspecified,CHINA,2020-01-13,World Health Organization COVID-19 Dashboard,0.0,AllNationalFiltered.csv
COVID-19,Unspecified,CHINA,2020-01-14,World Health Organization COVID-19 Dashboard,0.0,AllNationalFiltered.csv
COVID-19,Unspecified,CHINA,2020-01-15,World Health Organization COVID-19 Dashboard,0.0,AllNationalFiltered.csv
COVID-19,Unspecified,CHINA,2020-01-16,World Health Organization COVID-19 Dashboard,0.0,AllNationalFiltered.csv
COVID-19,Unspecified,CHINA,2020-01-17,World Health Organization COVID-19 Dashboard,4.0,AllNationalFiltered.csv
COVID-19,Unspecified,CHINA,2020-01-18,World Health Organization COVID-19 Dashboard,0.0,AllNationalFiltered.csv
COVID-19,Unspecified,CHINA,2020-01-19,World Health Organization COVID-19 Dashboard,76.0,AllNationalFiltered.csv
COVID-19,Unspecified,CHINA,2020-01-20,World Health Organization COVID-19 Dashboard,77.0,AllNationalFiltered.csv
COVID-19,Unspecified,CHINA,2020-01-21,World Health Organization COVID-19 Dashboard,93.0,AllNationalFiltered.csv
COVID-19,Unspecified,CHINA,2020-01-22,World Health Organization COVID-19 Dashboard,147.0,AllNationalFiltered.csv
COVID-19,Unspecified,CHINA,2020-01-23,World Health Organization COVID-19 Dashboard,132.0,AllNationalFiltered.csv
COVID-19,Unspecified,CHINA,2020-01-24,World Health Organization COVID-19 Dashboard,261.0,AllNationalFiltered.csv
COVID-19,Unspecified,CHINA,2020-01-25,World Health Organization COVID-19 Dashboard,462.0,AllNationalFiltered.csv
COVID-19,Unspecified,CHINA,2020-01-26,World Health Organization COVID-19 Dashboard,688.0,AllNationalFiltered.csv
COVID-19,Unspecified,CHINA,2020-01-27,World Health Organization COVID-19 Dashboard,776.0,AllNationalFiltered.csv
COVID-19,Unspecified,CHINA,2020-01-28,World Health Organization COVID-19 Dashboard,1772.0,AllNationalFiltered.csv
COVID-19,Unspecified,CHINA,2020-01-29,World Health Organization COVID-19 Dashboard,1464.0,AllNationalFiltered.csv
COVID-19,Unspecified,CHINA,2020-01-30,World Health Organization COVID-19 Dashboard,1739.0,AllNationalFiltered.csv
COVID-19,Unspecified,CHINA,2020-01-31,World Health Organization COVID-19 Dashboard,1984.0,AllNationalFiltered.csv
COVID-19,Unspecified,CHINA,2020-02-01,World Health Organization COVID-19 Dashboard,2101.0,AllNationalFiltered.csv
COVID-19,Unspecified,CHINA,2020-02-02,World Health Organization COVID-19 Dashboard,2590.0,AllNationalFiltered.csv
COVID-19,Unspecified,CHINA,2020-02-03,World Health Organization COVID-19 Dashboard,2827.0,AllNationalFiltered.csv
COVID-19,Unspecified,CHINA,2020-02-04,World Health Organization COVID-19 Dashboard,3233.0,AllNationalFiltered.csv
COVID-19,Unspecified,CHINA,2020-02-05,World Health Organization COVID-19 Dashboard,3892.0,AllNationalFiltered.csv
COVID-19,Unspecified,CHINA,2020-02-06,World Health Organization COVID-19 Dashboard,3697.0,AllNationalFiltered.csv
COVID-19,Unspecified,CHINA,2020-02-07,World Health Organization COVID-19 Dashboard,3151.0,AllNationalFiltered.csv
COVID-19,Unspecified,CHINA,2020-02-08,World Health Organization COVID-19 Dashboard,3387.0,AllNationalFiltered.csv
COVID-19,Unspecified,CHINA,2020-02-09,World Health Organization COVID-19 Dashboard,2653.0,AllNationalFiltered.csv
COVID-19,Unspecified,CHINA,2020-02-10,World Health Organization COVID-19 Dashboard,2984.0,AllNationalFiltered.csv
COVID-19,Unspecified,CHINA,2020-02-11,World Health Organization COVID-19 Dashboard,2473.0,AllNationalFiltered.csv
COVID-19,Unspecified,CHINA,2020-02-12,World Health Organization COVID-19 Dashboard,2022.0,AllNationalFiltered.csv
COVID-19,Unspecified,CHINA,2020-02-13,World Health Organization COVID-19 Dashboard,15152.0,AllNationalFiltered.csv
COVID-19,Unspecified,CHINA,2020-02-14,World Health Organization COVID-19 Dashboard,4050.0,AllNationalFiltered.csv
COVID-19,Unspecified,CHINA,2020-02-15,World Health Organization COVID-19 Dashboard,2644.0,AllNationalFiltered.csv
COVID-19,Unspecified,CHINA,2020-02-16,World Health Organization COVID-19 Dashboard,2008.0,AllNationalFiltered.csv
COVID-19,Unspecified,CHINA,2020-02-17,World Health Organization COVID-19 Dashboard,2051.0,AllNationalFiltered.csv
COVID-19,Unspecified,CHINA,2020-02-18,World Health Organization COVID-19 Dashboard,1893.0,AllNationalFiltered.csv
COVID-19,Unspecified,CHINA,2020-02-19,World Health Organization COVID-19 Dashboard,1750.0,AllNationalFiltered.csv
COVID-19,Unspecified,CHINA,2020-02-20,World Health Organization COVID-19 Dashboard,397.0,AllNationalFiltered.csv
COVID-19,Unspecified,CHINA,2020-02-21,World Health Organization COVID-19 Dashboard,893.0,AllNationalFiltered.csv
COVID-19,Unspecified,CHINA,2020-02-22,World Health Organization COVID-19 Dashboard,825.0,AllNationalFiltered.csv
COVID-19,Unspecified,CHINA,2020-02-23,World Health Organization COVID-19 Dashboard,649.0,AllNationalFiltered.csv
COVID-19,Unspecified,CHINA,2020-02-24,World Health Organization COVID-19 Dashboard,220.0,AllNationalFiltered.csv
COVID-19,Unspecified,CHINA,2020-02-25,World Health Organization COVID-19 Dashboard,517.0,AllNationalFiltered.csv
COVID-19,Unspecified,CHINA,2020-02-26,World Health Organization COVID-19 Dashboard,411.0,AllNationalFiltered.csv
COVID-19,Unspecified,CHINA,2020-02-27,World Health Organization COVID-19 Dashboard,440.0,AllNationalFiltered.csv
COVID-19,Unspecified,CHINA,2020-02-28,World Health Organization COVID-19 Dashboard,329.0,AllNationalFiltered.csv
COVID-19,Unspecified,CHINA,2020-02-29,World Health Organization COVID-19 Dashboard,430.0,AllNationalFiltered.csv
COVID-19,Unspecified,CHINA,2020-03-01,World Health Organization COVID-19 Dashboard,579.0,AllNationalFiltered.csv
COVID-19,Unspecified,CHINA,2020-03-02,World Health Organization COVID-19 Dashboard,206.0,AllNationalFiltered.csv
COVID-19,Unspecified,CHINA,2020-03-03,World Health Organization COVID-19 Dashboard,128.0,AllNationalFiltered.csv
COVID-19,Unspecified,CHINA,2020-03-04,World Health Organization COVID-19 Dashboard,120.0,AllNationalFiltered.csv
COVID-19,Unspecified,CHINA,2020-03-05,World Health Organization COVID-19 Dashboard,143.0,AllNationalFiltered.csv
COVID-19,Unspecified,CHINA,2020-03-06,World Health Organization COVID-19 Dashboard,145.0,AllNationalFiltered.csv
COVID-19,Unspecified,CHINA,2020-03-07,World Health Organization COVID-19 Dashboard,103.0,AllNationalFiltered.csv
COVID-19,Unspecified,CHINA,2020-03-08,World Health Organization COVID-19 Dashboard,46.0,AllNationalFiltered.csv
COVID-19,Unspecified,CHINA,2020-03-09,World Health Organization COVID-19 Dashboard,45.0,AllNationalFiltered.csv
COVID-19,Unspecified,CHINA,2020-03-10,World Health Organization COVID-19 Dashboard,20.0,AllNationalFiltered.csv
COVID-19,Unspecified,CHINA,2020-03-11,World Health Organization COVID-19 Dashboard,31.0,AllNationalFiltered.csv
COVID-19,Unspecified,CHINA,2020-03-12,World Health Organization COVID-19 Dashboard,25.0,AllNationalFiltered.csv
COVID-19,Unspecified,CHINA,2020-03-13,World Health Organization COVID-19 Dashboard,11.0,AllNationalFiltered.csv
COVID-19,Unspecified,CHINA,2020-03-14,World Health Organization COVID-19 Dashboard,30.0,AllNationalFiltered.csv
COVID-19,Unspecified,CHINA,2020-03-15,World Health Organization COVID-19 Dashboard,27.0,AllNationalFiltered.csv
COVID-19,Unspecified,CHINA,2020-03-16,World Health Organization COVID-19 Dashboard,29.0,AllNationalFiltered.csv
COVID-19,Unspecified,CHINA,2020-03-17,World Health Organization COVID-19 Dashboard,40.0,AllNationalFiltered.csv
COVID-19,Unspecified,CHINA,2020-03-18,World Health Organization COVID-19 Dashboard,34.0,AllNationalFiltered.csv
COVID-19,Unspecified,CHINA,2020-03-19,World Health Organization COVID-19 Dashboard,86.0,AllNationalFiltered.csv
COVID-19,Unspecified,CHINA,2020-03-20,World Health Organization COVID-19 Dashboard,63.0,AllNationalFiltered.csv
COVID-19,Unspecified,CHINA,2020-03-21,World Health Organization COVID-19 Dashboard,116.0,AllNationalFiltered.csv
COVID-19,Unspecified,CHINA,2020-03-22,World Health Organization COVID-19 Dashboard,82.0,AllNationalFiltered.csv
COVID-19,Unspecified,CHINA,2020-03-23,World Health Organization COVID-19 Dashboard,103.0,AllNationalFiltered.csv
COVID-19,Unspecified,CHINA,2020-03-24,World Health Organization COVID-19 Dashboard,146.0,AllNationalFiltered.csv
COVID-19,Unspecified,CHINA,2020-03-25,World Health Organization COVID-19 Dashboard,101.0,AllNationalFiltered.csv
COVID-19,Unspecified,CHINA,2020-03-26,World Health Organization COVID-19 Dashboard,113.0,AllNationalFiltered.csv
COVID-19,Unspecified,CHINA,2020-03-27,World Health Organization COVID-19 Dashboard,117.0,AllNationalFiltered.csv
COVID-19,Unspecified,CHINA,2020-03-28,World Health Organization COVID-19 Dashboard,135.0,AllNationalFiltered.csv
COVID-19,Unspecified,CHINA,2020-03-29,World Health Organization COVID-19 Dashboard,128.0,AllNationalFiltered.csv
COVID-19,Unspecified,CHINA,2020-03-30,World Health Organization COVID-19 Dashboard,106.0,AllNationalFiltered.csv
COVID-19,Unspecified,CHINA,2020-03-31,World Health Organization COVID-19 Dashboard,98.0,AllNationalFiltered.csv
COVID-19,Unspecified,CHINA,2020-04-01,World Health Organization COVID-19 Dashboard,86.0,AllNationalFiltered.csv
COVID-19,Unspecified,CHINA,2020-04-02,World Health Organization COVID-19 Dashboard,93.0,AllNationalFiltered.csv
COVID-19,Unspecified,CHINA,2020-04-03,World Health Organization COVID-19 Dashboard,78.0,AllNationalFiltered.csv
COVID-19,Unspecified,CHINA,2020-04-04,World Health Organization COVID-19 Dashboard,73.0,AllNationalFiltered.csv
COVID-19,Unspecified,CHINA,2020-04-05,World Health Organization COVID-19 Dashboard,55.0,AllNationalFiltered.csv
COVID-19,Unspecified,CHINA,2020-04-06,World Health Organization COVID-19 Dashboard,75.0,AllNationalFiltered.csv
COVID-19,Unspecified,CHINA,2020-04-07,World Health Organization COVID-19 Dashboard,67.0,AllNationalFiltered.csv
COVID-19,Unspecified,CHINA,2020-04-08,World Health Organization COVID-19 Dashboard,85.0,AllNationalFiltered.csv
COVID-19,Unspecified,CHINA,2020-04-09,World Health Organization COVID-19 Dashboard,92.0,AllNationalFiltered.csv
COVID-19,Unspecified,CHINA,2020-04-10,World Health Organization COVID-19 Dashboard,56.0,AllNationalFiltered.csv
COVID-19,Unspecified,CHINA,2020-04-11,World Health Organization COVID-19 Dashboard,64.0,AllNationalFiltered.csv
COVID-19,Unspecified,CHINA,2020-04-12,World Health Organization COVID-19 Dashboard,113.0,AllNationalFiltered.csv
COVID-19,Unspecified,CHINA,2020-04-13,World Health Organization COVID-19 Dashboard,115.0,AllNationalFiltered.csv
COVID-19,Unspecified,CHINA,2020-04-14,World Health Organization COVID-19 Dashboard,99.0,AllNationalFiltered.csv
COVID-19,Unspecified,CHINA,2020-04-15,World Health Organization COVID-19 Dashboard,49.0,AllNationalFiltered.csv
COVID-19,Unspecified,CHINA,2020-04-16,World Health Organization COVID-19 Dashboard,52.0,AllNationalFiltered.csv
COVID-19,Unspecified,CHINA,2020-04-17,World Health Organization COVID-19 Dashboard,27.0,AllNationalFiltered.csv
COVID-19,Unspecified,CHINA,2020-04-18,World Health Organization COVID-19 Dashboard,356.0,AllNationalFiltered.csv
COVID-19,Unspecified,CHINA,2020-04-19,World Health Organization COVID-19 Dashboard,21.0,AllNationalFiltered.csv
COVID-19,Unspecified,CHINA,2020-04-20,World Health Organization COVID-19 Dashboard,36.0,AllNationalFiltered.csv
COVID-19,Unspecified,CHINA,2020-04-21,World Health Organization COVID-19 Dashboard,13.0,AllNationalFiltered.csv
COVID-19,Unspecified,CHINA,2020-04-22,World Health Organization COVID-19 Dashboard,37.0,AllNationalFiltered.csv
COVID-19,Unspecified,CHINA,2020-04-23,World Health Organization COVID-19 Dashboard,15.0,AllNationalFiltered.csv
COVID-19,Unspecified,CHINA,2020-04-24,World Health Organization COVID-19 Dashboard,9.0,AllNationalFiltered.csv
COVID-19,Unspecified,CHINA,2020-04-25,World Health Organization COVID-19 Dashboard,13.0,AllNationalFiltered.csv
COVID-19,Unspecified,CHINA,2020-04-26,World Health Organization COVID-19 Dashboard,14.0,AllNationalFiltered.csv
COVID-19,Unspecified,CHINA,2020-04-27,World Health Organization COVID-19 Dashboard,3.0,AllNationalFiltered.csv
COVID-19,Unspecified,CHINA,2020-04-28,World Health Organization COVID-19 Dashboard,6.0,AllNationalFiltered.csv
COVID-19,Unspecified,CHINA,2020-04-29,World Health Organization COVID-19 Dashboard,22.0,AllNationalFiltered.csv
COVID-19,Unspecified,CHINA,2020-04-30,World Health Organization COVID-19 Dashboard,4.0,AllNationalFiltered.csv
COVID-19,Unspecified,CHINA,2020-05-01,World Health Organization COVID-19 Dashboard,12.0,AllNationalFiltered.csv
COVID-19,Unspecified,CHINA,2020-05-02,World Health Organization COVID-19 Dashboard,3.0,AllNationalFiltered.csv
COVID-19,Unspecified,CHINA,2020-05-03,World Health Organization COVID-19 Dashboard,5.0,AllNationalFiltered.csv
COVID-19,Unspecified,CHINA,2020-05-04,World Health Organization COVID-19 Dashboard,7.0,AllNationalFiltered.csv
COVID-19,Unspecified,CHINA,2020-05-05,World Health Organization COVID-19 Dashboard,4.0,AllNationalFiltered.csv
COVID-19,Unspecified,CHINA,2020-05-06,World Health Organization COVID-19 Dashboard,2.0,AllNationalFiltered.csv
COVID-19,Unspecified,CHINA,2020-05-07,World Health Organization COVID-19 Dashboard,3.0,AllNationalFiltered.csv
COVID-19,Unspecified,CHINA,2020-05-08,World Health Organization COVID-19 Dashboard,6.0,AllNationalFiltered.csv
COVID-19,Unspecified,CHINA,2020-05-09,World Health Organization COVID-19 Dashboard,1.0,AllNationalFiltered.csv
COVID-19,Unspecified,CHINA,2020-05-10,World Health Organization COVID-19 Dashboard,14.0,AllNationalFiltered.csv
COVID-19,Unspecified,CHINA,2020-05-11,World Health Organization COVID-19 Dashboard,20.0,AllNationalFiltered.csv
COVID-19,Unspecified,CHINA,2020-05-12,World Health Organization COVID-19 Dashboard,1.0,AllNationalFiltered.csv
COVID-19,Unspecified,CHINA,2020-05-13,World Health Organization COVID-19 Dashboard,7.0,AllNationalFiltered.csv
COVID-19,Unspecified,CHINA,2020-05-14,World Health Organization COVID-19 Dashboard,6.0,AllNationalFiltered.csv
COVID-19,Unspecified,CHINA,2020-05-15,World Health Organization COVID-19 Dashboard,5.0,AllNationalFiltered.csv
COVID-19,Unspecified,CHINA,2020-05-16,World Health Organization COVID-19 Dashboard,9.0,AllNationalFiltered.csv
COVID-19,Unspecified,CHINA,2020-05-17,World Health Organization COVID-19 Dashboard,6.0,AllNationalFiltered.csv
COVID-19,Unspecified,CHINA,2020-05-18,World Health Organization COVID-19 Dashboard,10.0,AllNationalFiltered.csv
COVID-19,Unspecified,CHINA,2020-05-19,World Health Organization COVID-19 Dashboard,6.0,AllNationalFiltered.csv
COVID-19,Unspecified,CHINA,2020-05-20,World Health Organization COVID-19 Dashboard,5.0,AllNationalFiltered.csv
COVID-19,Unspecified,CHINA,2020-05-21,World Health Organization COVID-19 Dashboard,2.0,AllNationalFiltered.csv
COVID-19,Unspecified,CHINA,2020-05-22,World Health Organization COVID-19 Dashboard,13.0,AllNationalFiltered.csv
COVID-19,Unspecified,CHINA,2020-05-23,World Health Organization COVID-19 Dashboard,2.0,AllNationalFiltered.csv
COVID-19,Unspecified,CHINA,2020-05-24,World Health Organization COVID-19 Dashboard,3.0,AllNationalFiltered.csv
COVID-19,Unspecified,CHINA,2020-05-25,World Health Organization COVID-19 Dashboard,11.0,AllNationalFiltered.csv
COVID-19,Unspecified,CHINA,2020-05-26,World Health Organization COVID-19 Dashboard,7.0,AllNationalFiltered.csv
COVID-19,Unspecified,CHINA,2020-05-27,World Health Organization COVID-19 Dashboard,1.0,AllNationalFiltered.csv
COVID-19,Unspecified,CHINA,2020-05-28,World Health Organization COVID-19 Dashboard,3.0,AllNationalFiltered.csv
COVID-19,Unspecified,CHINA,2020-05-29,World Health Organization COVID-19 Dashboard,0.0,AllNationalFiltered.csv
COVID-19,Unspecified,CHINA,2020-05-30,World Health Organization COVID-19 Dashboard,18.0,AllNationalFiltered.csv
COVID-19,Unspecified,CHINA,2020-05-31,World Health Organization COVID-19 Dashboard,5.0,AllNationalFiltered.csv
COVID-19,Unspecified,CHINA,2020-06-01,World Health Organization COVID-19 Dashboard,18.0,AllNationalFiltered.csv
COVID-19,Unspecified,CHINA,2020-06-02,World Health Organization COVID-19 Dashboard,9.0,AllNationalFiltered.csv
COVID-19,Unspecified,CHINA,2020-06-03,World Health Organization COVID-19 Dashboard,5.0,AllNationalFiltered.csv
COVID-19,Unspecified,CHINA,2020-06-04,World Health Organization COVID-19 Dashboard,1.0,AllNationalFiltered.csv
COVID-19,Unspecified,CHINA,2020-06-05,World Health Organization COVID-19 Dashboard,11.0,AllNationalFiltered.csv
COVID-19,Unspecified,CHINA,2020-06-06,World Health Organization COVID-19 Dashboard,6.0,AllNationalFiltered.csv
COVID-19,Unspecified,CHINA,2020-06-07,World Health Organization COVID-19 Dashboard,9.0,AllNationalFiltered.csv
COVID-19,Unspecified,CHINA,2020-06-08,World Health Organization COVID-19 Dashboard,5.0,AllNationalFiltered.csv
COVID-19,Unspecified,CHINA,2020-06-09,World Health Organization COVID-19 Dashboard,1.0,AllNationalFiltered.csv
COVID-19,Unspecified,CHINA,2020-06-10,World Health Organization COVID-19 Dashboard,6.0,AllNationalFiltered.csv
COVID-19,Unspecified,CHINA,2020-06-11,World Health Organization COVID-19 Dashboard,11.0,AllNationalFiltered.csv
COVID-19,Unspecified,CHINA,2020-06-12,World Health Organization COVID-19 Dashboard,7.0,AllNationalFiltered.csv
COVID-19,Unspecified,CHINA,2020-06-13,World Health Organization COVID-19 Dashboard,12.0,AllNationalFiltered.csv
COVID-19,Unspecified,CHINA,2020-06-14,World Health Organization COVID-19 Dashboard,58.0,AllNationalFiltered.csv
COVID-19,Unspecified,CHINA,2020-06-15,World Health Organization COVID-19 Dashboard,49.0,AllNationalFiltered.csv
COVID-19,Unspecified,CHINA,2020-06-16,World Health Organization COVID-19 Dashboard,45.0,AllNationalFiltered.csv
COVID-19,Unspecified,CHINA,2020-06-17,World Health Organization COVID-19 Dashboard,44.0,AllNationalFiltered.csv
COVID-19,Unspecified,CHINA,2020-06-18,World Health Organization COVID-19 Dashboard,36.0,AllNationalFiltered.csv
COVID-19,Unspecified,CHINA,2020-06-19,World Health Organization COVID-19 Dashboard,37.0,AllNationalFiltered.csv
COVID-19,Unspecified,CHINA,2020-06-20,World Health Organization COVID-19 Dashboard,30.0,AllNationalFiltered.csv
COVID-19,Unspecified,CHINA,2020-06-21,World Health Organization COVID-19 Dashboard,27.0,AllNationalFiltered.csv
COVID-19,Unspecified,CHINA,2020-06-22,World Health Organization COVID-19 Dashboard,21.0,AllNationalFiltered.csv
COVID-19,Unspecified,CHINA,2020-06-23,World Health Organization COVID-19 Dashboard,52.0,AllNationalFiltered.csv
COVID-19,Unspecified,CHINA,2020-06-24,World Health Organization COVID-19 Dashboard,28.0,AllNationalFiltered.csv
COVID-19,Unspecified,CHINA,2020-06-25,World Health Organization COVID-19 Dashboard,21.0,AllNationalFiltered.csv
COVID-19,Unspecified,CHINA,2020-06-26,World Health Organization COVID-19 Dashboard,29.0,AllNationalFiltered.csv
COVID-19,Unspecified,CHINA,2020-06-27,World Health Organization COVID-19 Dashboard,24.0,AllNationalFiltered.csv
COVID-19,Unspecified,CHINA,2020-06-28,World Health Organization COVID-19 Dashboard,18.0,AllNationalFiltered.csv
COVID-19,Unspecified,CHINA,2020-06-29,World Health Organization COVID-19 Dashboard,14.0,AllNationalFiltered.csv
COVID-19,Unspecified,CHINA,2020-06-30,World Health Organization COVID-19 Dashboard,23.0,AllNationalFiltered.csv
COVID-19,Unspecified,CHINA,2020-07-01,World Health Organization COVID-19 Dashboard,5.0,AllNationalFiltered.csv
COVID-19,Unspecified,CHINA,2020-07-02,World Health Organization COVID-19 Dashboard,31.0,AllNationalFiltered.csv
COVID-19,Unspecified,CHINA,2020-07-03,World Health Organization COVID-19 Dashboard,15.0,AllNationalFiltered.csv
COVID-19,Unspecified,CHINA,2020-07-04,World Health Organization COVID-19 Dashboard,9.0,AllNationalFiltered.csv
COVID-19,Unspecified,CHINA,2020-07-05,World Health Organization COVID-19 Dashboard,19.0,AllNationalFiltered.csv
COVID-19,Unspecified,CHINA,2020-07-06,World Health Organization COVID-19 Dashboard,14.0,AllNationalFiltered.csv
COVID-19,Unspecified,CHINA,2020-07-07,World Health Organization COVID-19 Dashboard,25.0,AllNationalFiltered.csv
COVID-19,Unspecified,CHINA,2020-07-08,World Health Organization COVID-19 Dashboard,21.0,AllNationalFiltered.csv
COVID-19,Unspecified,CHINA,2020-07-09,World Health Organization COVID-19 Dashboard,33.0,AllNationalFiltered.csv
COVID-19,Unspecified,CHINA,2020-07-10,World Health Organization COVID-19 Dashboard,46.0,AllNationalFiltered.csv
COVID-19,Unspecified,CHINA,2020-07-11,World Health Organization COVID-19 Dashboard,42.0,AllNationalFiltered.csv
COVID-19,Unspecified,CHINA,2020-07-12,World Health Organization COVID-19 Dashboard,35.0,AllNationalFiltered.csv
COVID-19,Unspecified,CHINA,2020-07-13,World Health Organization COVID-19 Dashboard,46.0,AllNationalFiltered.csv
COVID-19,Unspecified,CHINA,2020-07-14,World Health Organization COVID-19 Dashboard,55.0,AllNationalFiltered.csv
COVID-19,Unspecified,CHINA,2020-07-15,World Health Organization COVID-19 Dashboard,54.0,AllNationalFiltered.csv
COVID-19,Unspecified,CHINA,2020-07-16,World Health Organization COVID-19 Dashboard,20.0,AllNationalFiltered.csv
COVID-19,Unspecified,CHINA,2020-07-17,World Health Organization COVID-19 Dashboard,78.0,AllNationalFiltered.csv
COVID-19,Unspecified,CHINA,2020-07-18,World Health Organization COVID-19 Dashboard,82.0,AllNationalFiltered.csv
COVID-19,Unspecified,CHINA,2020-07-19,World Health Organization COVID-19 Dashboard,80.0,AllNationalFiltered.csv
COVID-19,Unspecified,CHINA,2020-07-20,World Health Organization COVID-19 Dashboard,131.0,AllNationalFiltered.csv
COVID-19,Unspecified,CHINA,2020-07-21,World Health Organization COVID-19 Dashboard,84.0,AllNationalFiltered.csv
COVID-19,Unspecified,CHINA,2020-07-22,World Health Organization COVID-19 Dashboard,74.0,AllNationalFiltered.csv
COVID-19,Unspecified,CHINA,2020-07-23,World Health Organization COVID-19 Dashboard,135.0,AllNationalFiltered.csv
COVID-19,Unspecified,CHINA,2020-07-24,World Health Organization COVID-19 Dashboard,139.0,AllNationalFiltered.csv
COVID-19,Unspecified,CHINA,2020-07-25,World Health Organization COVID-19 Dashboard,160.0,AllNationalFiltered.csv
COVID-19,Unspecified,CHINA,2020-07-26,World Health Organization COVID-19 Dashboard,179.0,AllNationalFiltered.csv
COVID-19,Unspecified,CHINA,2020-07-27,World Health Organization COVID-19 Dashboard,189.0,AllNationalFiltered.csv
COVID-19,Unspecified,CHINA,2020-07-28,World Health Organization COVID-19 Dashboard,217.0,AllNationalFiltered.csv
COVID-19,Unspecified,CHINA,2020-07-29,World Health Organization COVID-19 Dashboard,212.0,AllNationalFiltered.csv
COVID-19,Unspecified,CHINA,2020-07-30,World Health Organization COVID-19 Dashboard,223.0,AllNationalFiltered.csv
COVID-19,Unspecified,CHINA,2020-07-31,World Health Organization COVID-19 Dashboard,276.0,AllNationalFiltered.csv
COVID-19,Unspecified,CHINA,2020-08-01,World Health Organization COVID-19 Dashboard,166.0,AllNationalFiltered.csv
COVID-19,Unspecified,CHINA,2020-08-02,World Health Organization COVID-19 Dashboard,180.0,AllNationalFiltered.csv
COVID-19,Unspecified,CHINA,2020-08-03,World Health Organization COVID-19 Dashboard,158.0,AllNationalFiltered.csv
COVID-19,Unspecified,CHINA,2020-08-04,World Health Organization COVID-19 Dashboard,114.0,AllNationalFiltered.csv
COVID-19,Unspecified,CHINA,2020-08-05,World Health Organization COVID-19 Dashboard,108.0,AllNationalFiltered.csv
COVID-19,Unspecified,CHINA,2020-08-06,World Health Organization COVID-19 Dashboard,122.0,AllNationalFiltered.csv
COVID-19,Unspecified,CHINA,2020-08-07,World Health Organization COVID-19 Dashboard,133.0,AllNationalFiltered.csv
COVID-19,Unspecified,CHINA,2020-08-08,World Health Organization COVID-19 Dashboard,120.0,AllNationalFiltered.csv
COVID-19,Unspecified,CHINA,2020-08-09,World Health Organization COVID-19 Dashboard,92.0,AllNationalFiltered.csv
COVID-19,Unspecified,CHINA,2020-08-10,World Health Organization COVID-19 Dashboard,121.0,AllNationalFiltered.csv
COVID-19,Unspecified,CHINA,2020-08-11,World Health Organization COVID-19 Dashboard,113.0,AllNationalFiltered.csv
COVID-19,Unspecified,CHINA,2020-08-12,World Health Organization COVID-19 Dashboard,61.0,AllNationalFiltered.csv
COVID-19,Unspecified,CHINA,2020-08-13,World Health Organization COVID-19 Dashboard,82.0,AllNationalFiltered.csv
COVID-19,Unspecified,CHINA,2020-08-14,World Health Organization COVID-19 Dashboard,99.0,AllNationalFiltered.csv
COVID-19,Unspecified,CHINA,2020-08-15,World Health Organization COVID-19 Dashboard,70.0,AllNationalFiltered.csv
COVID-19,Unspecified,CHINA,2020-08-16,World Health Organization COVID-19 Dashboard,66.0,AllNationalFiltered.csv
COVID-19,Unspecified,CHINA,2020-08-17,World Health Organization COVID-19 Dashboard,98.0,AllNationalFiltered.csv
COVID-19,Unspecified,CHINA,2020-08-18,World Health Organization COVID-19 Dashboard,67.0,AllNationalFiltered.csv
COVID-19,Unspecified,CHINA,2020-08-19,World Health Organization COVID-19 Dashboard,54.0,AllNationalFiltered.csv
COVID-19,Unspecified,CHINA,2020-08-20,World Health Organization COVID-19 Dashboard,33.0,AllNationalFiltered.csv
COVID-19,Unspecified,CHINA,2020-08-21,World Health Organization COVID-19 Dashboard,40.0,AllNationalFiltered.csv
COVID-19,Unspecified,CHINA,2020-08-22,World Health Organization COVID-19 Dashboard,50.0,AllNationalFiltered.csv
COVID-19,Unspecified,CHINA,2020-08-23,World Health Organization COVID-19 Dashboard,38.0,AllNationalFiltered.csv
COVID-19,Unspecified,CHINA,2020-08-24,World Health Organization COVID-19 Dashboard,41.0,AllNationalFiltered.csv
COVID-19,Unspecified,CHINA,2020-08-25,World Health Organization COVID-19 Dashboard,23.0,AllNationalFiltered.csv
COVID-19,Unspecified,CHINA,2020-08-26,World Health Organization COVID-19 Dashboard,34.0,AllNationalFiltered.csv
COVID-19,Unspecified,CHINA,2020-08-27,World Health Organization COVID-19 Dashboard,32.0,AllNationalFiltered.csv
COVID-19,Unspecified,CHINA,2020-08-28,World Health Organization COVID-19 Dashboard,30.0,AllNationalFiltered.csv
COVID-19,Unspecified,CHINA,2020-08-29,World Health Organization COVID-19 Dashboard,22.0,AllNationalFiltered.csv
COVID-19,Unspecified,CHINA,2020-08-30,World Health Organization COVID-19 Dashboard,28.0,AllNationalFiltered.csv
COVID-19,Unspecified,CHINA,2020-08-31,World Health Organization COVID-19 Dashboard,32.0,AllNationalFiltered.csv
COVID-19,Unspecified,CHINA,2020-09-01,World Health Organization COVID-19 Dashboard,19.0,AllNationalFiltered.csv
COVID-19,Unspecified,CHINA,2020-09-02,World Health Organization COVID-19 Dashboard,20.0,AllNationalFiltered.csv
COVID-19,Unspecified,CHINA,2020-09-03,World Health Organization COVID-19 Dashboard,20.0,AllNationalFiltered.csv
COVID-19,Unspecified,CHINA,2020-09-04,World Health Organization COVID-19 Dashboard,33.0,AllNationalFiltered.csv
COVID-19,Unspecified,CHINA,2020-09-05,World Health Organization COVID-19 Dashboard,23.0,AllNationalFiltered.csv
COVID-19,Unspecified,CHINA,2020-09-06,World Health Organization COVID-19 Dashboard,19.0,AllNationalFiltered.csv
COVID-19,Unspecified,CHINA,2020-09-07,World Health Organization COVID-19 Dashboard,34.0,AllNationalFiltered.csv
COVID-19,Unspecified,CHINA,2020-09-08,World Health Organization COVID-19 Dashboard,22.0,AllNationalFiltered.csv
COVID-19,Unspecified,CHINA,2020-09-09,World Health Organization COVID-19 Dashboard,9.0,AllNationalFiltered.csv
COVID-19,Unspecified,CHINA,2020-09-10,World Health Organization COVID-19 Dashboard,13.0,AllNationalFiltered.csv
COVID-19,Unspecified,CHINA,2020-09-11,World Health Organization COVID-19 Dashboard,28.0,AllNationalFiltered.csv
COVID-19,Unspecified,CHINA,2020-09-12,World Health Organization COVID-19 Dashboard,20.0,AllNationalFiltered.csv
COVID-19,Unspecified,CHINA,2020-09-13,World Health Organization COVID-19 Dashboard,23.0,AllNationalFiltered.csv
COVID-19,Unspecified,CHINA,2020-09-14,World Health Organization COVID-19 Dashboard,29.0,AllNationalFiltered.csv
COVID-19,Unspecified,CHINA,2020-09-15,World Health Organization COVID-19 Dashboard,23.0,AllNationalFiltered.csv
COVID-19,Unspecified,CHINA,2020-09-16,World Health Organization COVID-19 Dashboard,16.0,AllNationalFiltered.csv
COVID-19,Unspecified,CHINA,2020-09-17,World Health Organization COVID-19 Dashboard,19.0,AllNationalFiltered.csv
COVID-19,Unspecified,CHINA,2020-09-18,World Health Organization COVID-19 Dashboard,44.0,AllNationalFiltered.csv
COVID-19,Unspecified,CHINA,2020-09-19,World Health Organization COVID-19 Dashboard,17.0,AllNationalFiltered.csv
COVID-19,Unspecified,CHINA,2020-09-20,World Health Organization COVID-19 Dashboard,26.0,AllNationalFiltered.csv
COVID-19,Unspecified,CHINA,2020-09-21,World Health Organization COVID-19 Dashboard,36.0,AllNationalFiltered.csv
COVID-19,Unspecified,CHINA,2020-09-22,World Health Organization COVID-19 Dashboard,14.0,AllNationalFiltered.csv
COVID-19,Unspecified,CHINA,2020-09-23,World Health Organization COVID-19 Dashboard,18.0,AllNationalFiltered.csv
COVID-19,Unspecified,CHINA,2020-09-24,World Health Organization COVID-19 Dashboard,10.0,AllNationalFiltered.csv
COVID-19,Unspecified,CHINA,2020-09-25,World Health Organization COVID-19 Dashboard,15.0,AllNationalFiltered.csv
COVID-19,Unspecified,CHINA,2020-09-26,World Health Organization COVID-19 Dashboard,18.0,AllNationalFiltered.csv
COVID-19,Unspecified,CHINA,2020-09-27,World Health Organization COVID-19 Dashboard,15.0,AllNationalFiltered.csv
COVID-19,Unspecified,CHINA,2020-09-28,World Health Organization COVID-19 Dashboard,27.0,AllNationalFiltered.csv
COVID-19,Unspecified,CHINA,2020-09-29,World Health Organization COVID-19 Dashboard,25.0,AllNationalFiltered.csv
COVID-19,Unspecified,CHINA,2020-09-30,World Health Organization COVID-19 Dashboard,23.0,AllNationalFiltered.csv
COVID-19,Unspecified,CHINA,2020-10-01,World Health Organization COVID-19 Dashboard,20.0,AllNationalFiltered.csv
COVID-19,Unspecified,CHINA,2020-10-02,World Health Organization COVID-19 Dashboard,21.0,AllNationalFiltered.csv
COVID-19,Unspecified,CHINA,2020-10-03,World Health Organization COVID-19 Dashboard,19.0,AllNationalFiltered.csv
COVID-19,Unspecified,CHINA,2020-10-04,World Health Organization COVID-19 Dashboard,20.0,AllNationalFiltered.csv
COVID-19,Unspecified,CHINA,2020-10-05,World Health Organization COVID-19 Dashboard,25.0,AllNationalFiltered.csv
COVID-19,Unspecified,CHINA,2020-10-06,World Health Organization COVID-19 Dashboard,24.0,AllNationalFiltered.csv
COVID-19,Unspecified,CHINA,2020-10-07,World Health Organization COVID-19 Dashboard,18.0,AllNationalFiltered.csv
COVID-19,Unspecified,CHINA,2020-10-08,World Health Organization COVID-19 Dashboard,24.0,AllNationalFiltered.csv
COVID-19,Unspecified,CHINA,2020-10-09,World Health Organization COVID-19 Dashboard,40.0,AllNationalFiltered.csv
COVID-19,Unspecified,CHINA,2020-10-10,World Health Organization COVID-19 Dashboard,26.0,AllNationalFiltered.csv
COVID-19,Unspecified,CHINA,2020-10-11,World Health Organization COVID-19 Dashboard,27.0,AllNationalFiltered.csv
COVID-19,Unspecified,CHINA,2020-10-12,World Health Organization COVID-19 Dashboard,28.0,AllNationalFiltered.csv
COVID-19,Unspecified,CHINA,2020-10-13,World Health Organization COVID-19 Dashboard,26.0,AllNationalFiltered.csv
COVID-19,Unspecified,CHINA,2020-10-14,World Health Organization COVID-19 Dashboard,28.0,AllNationalFiltered.csv
COVID-19,Unspecified,CHINA,2020-10-15,World Health Organization COVID-19 Dashboard,11.0,AllNationalFiltered.csv
COVID-19,Unspecified,CHINA,2020-10-16,World Health Organization COVID-19 Dashboard,36.0,AllNationalFiltered.csv
COVID-19,Unspecified,CHINA,2020-10-17,World Health Organization COVID-19 Dashboard,25.0,AllNationalFiltered.csv
COVID-19,Unspecified,CHINA,2020-10-18,World Health Organization COVID-19 Dashboard,30.0,AllNationalFiltered.csv
COVID-19,Unspecified,CHINA,2020-10-19,World Health Organization COVID-19 Dashboard,17.0,AllNationalFiltered.csv
COVID-19,Unspecified,CHINA,2020-10-20,World Health Organization COVID-19 Dashboard,39.0,AllNationalFiltered.csv
COVID-19,Unspecified,CHINA,2020-10-21,World Health Organization COVID-19 Dashboard,19.0,AllNationalFiltered.csv
COVID-19,Unspecified,CHINA,2020-10-22,World Health Organization COVID-19 Dashboard,23.0,AllNationalFiltered.csv
COVID-19,Unspecified,CHINA,2020-10-23,World Health Organization COVID-19 Dashboard,33.0,AllNationalFiltered.csv
COVID-19,Unspecified,CHINA,2020-10-24,World Health Organization COVID-19 Dashboard,32.0,AllNationalFiltered.csv
COVID-19,Unspecified,CHINA,2020-10-25,World Health Organization COVID-19 Dashboard,22.0,AllNationalFiltered.csv
COVID-19,Unspecified,CHINA,2020-10-26,World Health Organization COVID-19 Dashboard,26.0,AllNationalFiltered.csv
COVID-19,Unspecified,CHINA,2020-10-27,World Health Organization COVID-19 Dashboard,24.0,AllNationalFiltered.csv
COVID-19,Unspecified,CHINA,2020-10-28,World Health Organization COVID-19 Dashboard,47.0,AllNationalFiltered.csv
COVID-19,Unspecified,CHINA,2020-10-29,World Health Organization COVID-19 Dashboard,50.0,AllNationalFiltered.csv
COVID-19,Unspecified,CHINA,2020-10-30,World Health Organization COVID-19 Dashboard,31.0,AllNationalFiltered.csv
COVID-19,Unspecified,CHINA,2020-10-31,World Health Organization COVID-19 Dashboard,41.0,AllNationalFiltered.csv
COVID-19,Unspecified,CHINA,2020-11-01,World Health Organization COVID-19 Dashboard,28.0,AllNationalFiltered.csv
COVID-19,Unspecified,CHINA,2020-11-02,World Health Organization COVID-19 Dashboard,34.0,AllNationalFiltered.csv
COVID-19,Unspecified,CHINA,2020-11-03,World Health Organization COVID-19 Dashboard,60.0,AllNationalFiltered.csv
COVID-19,Unspecified,CHINA,2020-11-04,World Health Organization COVID-19 Dashboard,30.0,AllNationalFiltered.csv
COVID-19,Unspecified,CHINA,2020-11-05,World Health Organization COVID-19 Dashboard,32.0,AllNationalFiltered.csv
COVID-19,Unspecified,CHINA,2020-11-06,World Health Organization COVID-19 Dashboard,44.0,AllNationalFiltered.csv
COVID-19,Unspecified,CHINA,2020-11-07,World Health Organization COVID-19 Dashboard,43.0,AllNationalFiltered.csv
COVID-19,Unspecified,CHINA,2020-11-08,World Health Organization COVID-19 Dashboard,31.0,AllNationalFiltered.csv
COVID-19,Unspecified,CHINA,2020-11-09,World Health Organization COVID-19 Dashboard,47.0,AllNationalFiltered.csv
COVID-19,Unspecified,CHINA,2020-11-10,World Health Organization COVID-19 Dashboard,29.0,AllNationalFiltered.csv
COVID-19,Unspecified,CHINA,2020-11-11,World Health Organization COVID-19 Dashboard,28.0,AllNationalFiltered.csv
COVID-19,Unspecified,CHINA,2020-11-12,World Health Organization COVID-19 Dashboard,37.0,AllNationalFiltered.csv
COVID-19,Unspecified,CHINA,2020-11-13,World Health Organization COVID-19 Dashboard,36.0,AllNationalFiltered.csv
COVID-19,Unspecified,CHINA,2020-11-14,World Health Organization COVID-19 Dashboard,32.0,AllNationalFiltered.csv
COVID-19,Unspecified,CHINA,2020-11-15,World Health Organization COVID-19 Dashboard,24.0,AllNationalFiltered.csv
COVID-19,Unspecified,CHINA,2020-11-16,World Health Organization COVID-19 Dashboard,24.0,AllNationalFiltered.csv
COVID-19,Unspecified,CHINA,2020-11-17,World Health Organization COVID-19 Dashboard,24.0,AllNationalFiltered.csv
COVID-19,Unspecified,CHINA,2020-11-18,World Health Organization COVID-19 Dashboard,14.0,AllNationalFiltered.csv
COVID-19,Unspecified,CHINA,2020-11-19,World Health Organization COVID-19 Dashboard,23.0,AllNationalFiltered.csv
COVID-19,Unspecified,CHINA,2020-11-20,World Health Organization COVID-19 Dashboard,31.0,AllNationalFiltered.csv
COVID-19,Unspecified,CHINA,2020-11-21,World Health Organization COVID-19 Dashboard,44.0,AllNationalFiltered.csv
COVID-19,Unspecified,CHINA,2020-11-22,World Health Organization COVID-19 Dashboard,60.0,AllNationalFiltered.csv
COVID-19,Unspecified,CHINA,2020-11-23,World Health Organization COVID-19 Dashboard,85.0,AllNationalFiltered.csv
COVID-19,Unspecified,CHINA,2020-11-24,World Health Organization COVID-19 Dashboard,96.0,AllNationalFiltered.csv
COVID-19,Unspecified,CHINA,2020-11-25,World Health Organization COVID-19 Dashboard,85.0,AllNationalFiltered.csv
COVID-19,Unspecified,CHINA,2020-11-26,World Health Organization COVID-19 Dashboard,111.0,AllNationalFiltered.csv
COVID-19,Unspecified,CHINA,2020-11-27,World Health Organization COVID-19 Dashboard,88.0,AllNationalFiltered.csv
COVID-19,Unspecified,CHINA,2020-11-28,World Health Organization COVID-19 Dashboard,112.0,AllNationalFiltered.csv
COVID-19,Unspecified,CHINA,2020-11-29,World Health Organization COVID-19 Dashboard,104.0,AllNationalFiltered.csv
COVID-19,Unspecified,CHINA,2020-11-30,World Health Organization COVID-19 Dashboard,136.0,AllNationalFiltered.csv
COVID-19,Unspecified,CHINA,2020-12-01,World Health Organization COVID-19 Dashboard,112.0,AllNationalFiltered.csv
COVID-19,Unspecified,CHINA,2020-12-02,World Health Organization COVID-19 Dashboard,91.0,AllNationalFiltered.csv
COVID-19,Unspecified,CHINA,2020-12-03,World Health Organization COVID-19 Dashboard,129.0,AllNationalFiltered.csv
COVID-19,Unspecified,CHINA,2020-12-04,World Health Organization COVID-19 Dashboard,108.0,AllNationalFiltered.csv
COVID-19,Unspecified,CHINA,2020-12-05,World Health Organization COVID-19 Dashboard,133.0,AllNationalFiltered.csv
COVID-19,Unspecified,CHINA,2020-12-06,World Health Organization COVID-19 Dashboard,122.0,AllNationalFiltered.csv
COVID-19,Unspecified,CHINA,2020-12-07,World Health Organization COVID-19 Dashboard,133.0,AllNationalFiltered.csv
COVID-19,Unspecified,CHINA,2020-12-08,World Health Organization COVID-19 Dashboard,90.0,AllNationalFiltered.csv
COVID-19,Unspecified,CHINA,2020-12-09,World Health Organization COVID-19 Dashboard,117.0,AllNationalFiltered.csv
COVID-19,Unspecified,CHINA,2020-12-10,World Health Organization COVID-19 Dashboard,118.0,AllNationalFiltered.csv
COVID-19,Unspecified,CHINA,2020-12-11,World Health Organization COVID-19 Dashboard,131.0,AllNationalFiltered.csv
COVID-19,Unspecified,CHINA,2020-12-12,World Health Organization COVID-19 Dashboard,100.0,AllNationalFiltered.csv
COVID-19,Unspecified,CHINA,2020-12-13,World Health Organization COVID-19 Dashboard,101.0,AllNationalFiltered.csv
COVID-19,Unspecified,CHINA,2020-12-14,World Health Organization COVID-19 Dashboard,114.0,AllNationalFiltered.csv
COVID-19,Unspecified,CHINA,2020-12-15,World Health Organization COVID-19 Dashboard,103.0,AllNationalFiltered.csv
COVID-19,Unspecified,CHINA,2020-12-16,World Health Organization COVID-19 Dashboard,112.0,AllNationalFiltered.csv
COVID-19,Unspecified,CHINA,2020-12-17,World Health Organization COVID-19 Dashboard,96.0,AllNationalFiltered.csv
COVID-19,Unspecified,CHINA,2020-12-18,World Health Organization COVID-19 Dashboard,116.0,AllNationalFiltered.csv
COVID-19,Unspecified,CHINA,2020-12-19,World Health Organization COVID-19 Dashboard,89.0,AllNationalFiltered.csv
COVID-19,Unspecified,CHINA,2020-12-20,World Health Organization COVID-19 Dashboard,136.0,AllNationalFiltered.csv
COVID-19,Unspecified,CHINA,2020-12-21,World Health Organization COVID-19 Dashboard,100.0,AllNationalFiltered.csv
COVID-19,Unspecified,CHINA,2020-12-22,World Health Organization COVID-19 Dashboard,100.0,AllNationalFiltered.csv
COVID-19,Unspecified,CHINA,2020-12-23,World Health Organization COVID-19 Dashboard,82.0,AllNationalFiltered.csv
COVID-19,Unspecified,CHINA,2020-12-24,World Health Organization COVID-19 Dashboard,76.0,AllNationalFiltered.csv
COVID-19,Unspecified,CHINA,2020-12-25,World Health Organization COVID-19 Dashboard,85.0,AllNationalFiltered.csv
COVID-19,Unspecified,CHINA,2020-12-26,World Health Organization COVID-19 Dashboard,81.0,AllNationalFiltered.csv
COVID-19,Unspecified,CHINA,2020-12-27,World Health Organization COVID-19 Dashboard,84.0,AllNationalFiltered.csv
COVID-19,Unspecified,CHINA,2020-12-28,World Health Organization COVID-19 Dashboard,93.0,AllNationalFiltered.csv
COVID-19,Unspecified,CHINA,2020-12-29,World Health Organization COVID-19 Dashboard,96.0,AllNationalFiltered.csv
COVID-19,Unspecified,CHINA,2020-12-30,World Health Organization COVID-19 Dashboard,79.0,AllNationalFiltered.csv
COVID-19,Unspecified,CHINA,2020-12-31,World Health Organization COVID-19 Dashboard,81.0,AllNationalFiltered.csv
COVID-19,Unspecified,CHINA,2021-01-01,World Health Organization COVID-19 Dashboard,89.0,AllNationalFiltered.csv
COVID-19,Unspecified,CHINA,2021-01-02,World Health Organization COVID-19 Dashboard,67.0,AllNationalFiltered.csv
COVID-19,Unspecified,CHINA,2021-01-03,World Health Organization COVID-19 Dashboard,65.0,AllNationalFiltered.csv
COVID-19,Unspecified,CHINA,2021-01-04,World Health Organization COVID-19 Dashboard,78.0,AllNationalFiltered.csv
COVID-19,Unspecified,CHINA,2021-01-05,World Health Organization COVID-19 Dashboard,89.0,AllNationalFiltered.csv
COVID-19,Unspecified,CHINA,2021-01-06,World Health Organization COVID-19 Dashboard,66.0,AllNationalFiltered.csv
COVID-19,Unspecified,CHINA,2021-01-07,World Health Organization COVID-19 Dashboard,90.0,AllNationalFiltered.csv
COVID-19,Unspecified,CHINA,2021-01-08,World Health Organization COVID-19 Dashboard,89.0,AllNationalFiltered.csv
COVID-19,Unspecified,CHINA,2021-01-09,World Health Organization COVID-19 Dashboard,81.0,AllNationalFiltered.csv
COVID-19,Unspecified,CHINA,2021-01-10,World Health Organization COVID-19 Dashboard,131.0,AllNationalFiltered.csv
COVID-19,Unspecified,CHINA,2021-01-11,World Health Organization COVID-19 Dashboard,134.0,AllNationalFiltered.csv
COVID-19,Unspecified,CHINA,2021-01-12,World Health Organization COVID-19 Dashboard,102.0,AllNationalFiltered.csv
COVID-19,Unspecified,CHINA,2021-01-13,World Health Organization COVID-19 Dashboard,179.0,AllNationalFiltered.csv
COVID-19,Unspecified,CHINA,2021-01-14,World Health Organization COVID-19 Dashboard,184.0,AllNationalFiltered.csv
COVID-19,Unspecified,CHINA,2021-01-15,World Health Organization COVID-19 Dashboard,173.0,AllNationalFiltered.csv
COVID-19,Unspecified,CHINA,2021-01-16,World Health Organization COVID-19 Dashboard,169.0,AllNationalFiltered.csv
COVID-19,Unspecified,CHINA,2021-01-17,World Health Organization COVID-19 Dashboard,166.0,AllNationalFiltered.csv
COVID-19,Unspecified,CHINA,2021-01-18,World Health Organization COVID-19 Dashboard,169.0,AllNationalFiltered.csv
COVID-19,Unspecified,CHINA,2021-01-19,World Health Organization COVID-19 Dashboard,232.0,AllNationalFiltered.csv
COVID-19,Unspecified,CHINA,2021-01-20,World Health Organization COVID-19 Dashboard,165.0,AllNationalFiltered.csv
COVID-19,Unspecified,CHINA,2021-01-21,World Health Organization COVID-19 Dashboard,223.0,AllNationalFiltered.csv
COVID-19,Unspecified,CHINA,2021-01-22,World Health Organization COVID-19 Dashboard,175.0,AllNationalFiltered.csv
COVID-19,Unspecified,CHINA,2021-01-23,World Health Organization COVID-19 Dashboard,178.0,AllNationalFiltered.csv
COVID-19,Unspecified,CHINA,2021-01-24,World Health Organization COVID-19 Dashboard,164.0,AllNationalFiltered.csv
COVID-19,Unspecified,CHINA,2021-01-25,World Health Organization COVID-19 Dashboard,205.0,AllNationalFiltered.csv
COVID-19,Unspecified,CHINA,2021-01-26,World Health Organization COVID-19 Dashboard,155.0,AllNationalFiltered.csv
COVID-19,Unspecified,CHINA,2021-01-27,World Health Organization COVID-19 Dashboard,140.0,AllNationalFiltered.csv
COVID-19,Unspecified,CHINA,2021-01-28,World Health Organization COVID-19 Dashboard,117.0,AllNationalFiltered.csv
COVID-19,Unspecified,CHINA,2021-01-29,World Health Organization COVID-19 Dashboard,93.0,AllNationalFiltered.csv
COVID-19,Unspecified,CHINA,2021-01-30,World Health Organization COVID-19 Dashboard,106.0,AllNationalFiltered.csv
COVID-19,Unspecified,CHINA,2021-01-31,World Health Organization COVID-19 Dashboard,130.0,AllNationalFiltered.csv
COVID-19,Unspecified,CHINA,2021-02-01,World Health Organization COVID-19 Dashboard,97.0,AllNationalFiltered.csv
COVID-19,Unspecified,CHINA,2021-02-02,World Health Organization COVID-19 Dashboard,65.0,AllNationalFiltered.csv
COVID-19,Unspecified,CHINA,2021-02-03,World Health Organization COVID-19 Dashboard,53.0,AllNationalFiltered.csv
COVID-19,Unspecified,CHINA,2021-02-04,World Health Organization COVID-19 Dashboard,51.0,AllNationalFiltered.csv
COVID-19,Unspecified,CHINA,2021-02-05,World Health Organization COVID-19 Dashboard,44.0,AllNationalFiltered.csv
COVID-19,Unspecified,CHINA,2021-02-06,World Health Organization COVID-19 Dashboard,54.0,AllNationalFiltered.csv
COVID-19,Unspecified,CHINA,2021-02-07,World Health Organization COVID-19 Dashboard,31.0,AllNationalFiltered.csv
COVID-19,Unspecified,CHINA,2021-02-08,World Health Organization COVID-19 Dashboard,44.0,AllNationalFiltered.csv
COVID-19,Unspecified,CHINA,2021-02-09,World Health Organization COVID-19 Dashboard,47.0,AllNationalFiltered.csv
COVID-19,Unspecified,CHINA,2021-02-10,World Health Organization COVID-19 Dashboard,45.0,AllNationalFiltered.csv
COVID-19,Unspecified,CHINA,2021-02-11,World Health Organization COVID-19 Dashboard,21.0,AllNationalFiltered.csv
COVID-19,Unspecified,CHINA,2021-02-12,World Health Organization COVID-19 Dashboard,34.0,AllNationalFiltered.csv
COVID-19,Unspecified,CHINA,2021-02-13,World Health Organization COVID-19 Dashboard,33.0,AllNationalFiltered.csv
COVID-19,Unspecified,CHINA,2021-02-14,World Health Organization COVID-19 Dashboard,19.0,AllNationalFiltered.csv
COVID-19,Unspecified,CHINA,2021-02-15,World Health Organization COVID-19 Dashboard,21.0,AllNationalFiltered.csv
COVID-19,Unspecified,CHINA,2021-02-16,World Health Organization COVID-19 Dashboard,25.0,AllNationalFiltered.csv
COVID-19,Unspecified,CHINA,2021-02-17,World Health Organization COVID-19 Dashboard,15.0,AllNationalFiltered.csv
COVID-19,Unspecified,CHINA,2021-02-18,World Health Organization COVID-19 Dashboard,28.0,AllNationalFiltered.csv
COVID-19,Unspecified,CHINA,2021-02-19,World Health Organization COVID-19 Dashboard,20.0,AllNationalFiltered.csv
COVID-19,Unspecified,CHINA,2021-02-20,World Health Organization COVID-19 Dashboard,22.0,AllNationalFiltered.csv
COVID-19,Unspecified,CHINA,2021-02-21,World Health Organization COVID-19 Dashboard,23.0,AllNationalFiltered.csv
COVID-19,Unspecified,CHINA,2021-02-22,World Health Organization COVID-19 Dashboard,31.0,AllNationalFiltered.csv
COVID-19,Unspecified,CHINA,2021-02-23,World Health Organization COVID-19 Dashboard,26.0,AllNationalFiltered.csv
COVID-19,Unspecified,CHINA,2021-02-24,World Health Organization COVID-19 Dashboard,24.0,AllNationalFiltered.csv
COVID-19,Unspecified,CHINA,2021-02-25,World Health Organization COVID-19 Dashboard,28.0,AllNationalFiltered.csv
COVID-19,Unspecified,CHINA,2021-02-26,World Health Organization COVID-19 Dashboard,24.0,AllNationalFiltered.csv
COVID-19,Unspecified,CHINA,2021-02-27,World Health Organization COVID-19 Dashboard,34.0,AllNationalFiltered.csv
COVID-19,Unspecified,CHINA,2021-02-28,World Health Organization COVID-19 Dashboard,42.0,AllNationalFiltered.csv
COVID-19,Unspecified,CHINA,2021-03-01,World Health Organization COVID-19 Dashboard,42.0,AllNationalFiltered.csv
COVID-19,Unspecified,CHINA,2021-03-02,World Health Organization COVID-19 Dashboard,25.0,AllNationalFiltered.csv
COVID-19,Unspecified,CHINA,2021-03-03,World Health Organization COVID-19 Dashboard,23.0,AllNationalFiltered.csv
COVID-19,Unspecified,CHINA,2021-03-04,World Health Organization COVID-19 Dashboard,27.0,AllNationalFiltered.csv
COVID-19,Unspecified,CHINA,2021-03-05,World Health Organization COVID-19 Dashboard,20.0,AllNationalFiltered.csv
COVID-19,Unspecified,CHINA,2021-03-06,World Health Organization COVID-19 Dashboard,21.0,AllNationalFiltered.csv
COVID-19,Unspecified,CHINA,2021-03-07,World Health Organization COVID-19 Dashboard,28.0,AllNationalFiltered.csv
COVID-19,Unspecified,CHINA,2021-03-08,World Health Organization COVID-19 Dashboard,37.0,AllNationalFiltered.csv
COVID-19,Unspecified,CHINA,2021-03-09,World Health Organization COVID-19 Dashboard,24.0,AllNationalFiltered.csv
COVID-19,Unspecified,CHINA,2021-03-10,World Health Organization COVID-19 Dashboard,27.0,AllNationalFiltered.csv
COVID-19,Unspecified,CHINA,2021-03-11,World Health Organization COVID-19 Dashboard,20.0,AllNationalFiltered.csv
COVID-19,Unspecified,CHINA,2021-03-12,World Health Organization COVID-19 Dashboard,31.0,AllNationalFiltered.csv
COVID-19,Unspecified,CHINA,2021-03-13,World Health Organization COVID-19 Dashboard,73.0,AllNationalFiltered.csv
COVID-19,Unspecified,CHINA,2021-03-14,World Health Organization COVID-19 Dashboard,57.0,AllNationalFiltered.csv
COVID-19,Unspecified,CHINA,2021-03-15,World Health Organization COVID-19 Dashboard,30.0,AllNationalFiltered.csv
COVID-19,Unspecified,CHINA,2021-03-16,World Health Organization COVID-19 Dashboard,48.0,AllNationalFiltered.csv
COVID-19,Unspecified,CHINA,2021-03-17,World Health Organization COVID-19 Dashboard,22.0,AllNationalFiltered.csv
COVID-19,Unspecified,CHINA,2021-03-18,World Health Organization COVID-19 Dashboard,17.0,AllNationalFiltered.csv
COVID-19,Unspecified,CHINA,2021-03-19,World Health Organization COVID-19 Dashboard,29.0,AllNationalFiltered.csv
COVID-19,Unspecified,CHINA,2021-03-20,World Health Organization COVID-19 Dashboard,23.0,AllNationalFiltered.csv
COVID-19,Unspecified,CHINA,2021-03-21,World Health Organization COVID-19 Dashboard,21.0,AllNationalFiltered.csv
COVID-19,Unspecified,CHINA,2021-03-22,World Health Organization COVID-19 Dashboard,16.0,AllNationalFiltered.csv
COVID-19,Unspecified,CHINA,2021-03-23,World Health Organization COVID-19 Dashboard,27.0,AllNationalFiltered.csv
COVID-19,Unspecified,CHINA,2021-03-24,World Health Organization COVID-19 Dashboard,23.0,AllNationalFiltered.csv
COVID-19,Unspecified,CHINA,2021-03-25,World Health Organization COVID-19 Dashboard,23.0,AllNationalFiltered.csv
COVID-19,Unspecified,CHINA,2021-03-26,World Health Organization COVID-19 Dashboard,23.0,AllNationalFiltered.csv
COVID-19,Unspecified,CHINA,2021-03-27,World Health Organization COVID-19 Dashboard,24.0,AllNationalFiltered.csv
COVID-19,Unspecified,CHINA,2021-03-28,World Health Organization COVID-19 Dashboard,21.0,AllNationalFiltered.csv
COVID-19,Unspecified,CHINA,2021-03-29,World Health Organization COVID-19 Dashboard,18.0,AllNationalFiltered.csv
COVID-19,Unspecified,CHINA,2021-03-30,World Health Organization COVID-19 Dashboard,17.0,AllNationalFiltered.csv
COVID-19,Unspecified,CHINA,2021-03-31,World Health Organization COVID-19 Dashboard,19.0,AllNationalFiltered.csv
COVID-19,Unspecified,CHINA,2021-04-01,World Health Organization COVID-19 Dashboard,28.0,AllNationalFiltered.csv
COVID-19,Unspecified,CHINA,2021-04-02,World Health Organization COVID-19 Dashboard,28.0,AllNationalFiltered.csv
COVID-19,Unspecified,CHINA,2021-04-03,World Health Organization COVID-19 Dashboard,48.0,AllNationalFiltered.csv
COVID-19,Unspecified,CHINA,2021-04-04,World Health Organization COVID-19 Dashboard,29.0,AllNationalFiltered.csv
COVID-19,Unspecified,CHINA,2021-04-05,World Health Organization COVID-19 Dashboard,41.0,AllNationalFiltered.csv
COVID-19,Unspecified,CHINA,2021-04-06,World Health Organization COVID-19 Dashboard,41.0,AllNationalFiltered.csv
COVID-19,Unspecified,CHINA,2021-04-07,World Health Organization COVID-19 Dashboard,21.0,AllNationalFiltered.csv
COVID-19,Unspecified,CHINA,2021-04-08,World Health Organization COVID-19 Dashboard,33.0,AllNationalFiltered.csv
COVID-19,Unspecified,CHINA,2021-04-09,World Health Organization COVID-19 Dashboard,31.0,AllNationalFiltered.csv
COVID-19,Unspecified,CHINA,2021-04-10,World Health Organization COVID-19 Dashboard,32.0,AllNationalFiltered.csv
COVID-19,Unspecified,CHINA,2021-04-11,World Health Organization COVID-19 Dashboard,17.0,AllNationalFiltered.csv
COVID-19,Unspecified,CHINA,2021-04-12,World Health Organization COVID-19 Dashboard,30.0,AllNationalFiltered.csv
COVID-19,Unspecified,CHINA,2021-04-13,World Health Organization COVID-19 Dashboard,23.0,AllNationalFiltered.csv
COVID-19,Unspecified,CHINA,2021-04-14,World Health Organization COVID-19 Dashboard,29.0,AllNationalFiltered.csv
COVID-19,Unspecified,CHINA,2021-04-15,World Health Organization COVID-19 Dashboard,20.0,AllNationalFiltered.csv
COVID-19,Unspecified,CHINA,2021-04-16,World Health Organization COVID-19 Dashboard,18.0,AllNationalFiltered.csv
COVID-19,Unspecified,CHINA,2021-04-17,World Health Organization COVID-19 Dashboard,34.0,AllNationalFiltered.csv
COVID-19,Unspecified,CHINA,2021-04-18,World Health Organization COVID-19 Dashboard,36.0,AllNationalFiltered.csv
COVID-19,Unspecified,CHINA,2021-04-19,World Health Organization COVID-19 Dashboard,42.0,AllNationalFiltered.csv
COVID-19,Unspecified,CHINA,2021-04-20,World Health Organization COVID-19 Dashboard,25.0,AllNationalFiltered.csv
COVID-19,Unspecified,CHINA,2021-04-21,World Health Organization COVID-19 Dashboard,31.0,AllNationalFiltered.csv
COVID-19,Unspecified,CHINA,2021-04-22,World Health Organization COVID-19 Dashboard,11.0,AllNationalFiltered.csv
COVID-19,Unspecified,CHINA,2021-04-23,World Health Organization COVID-19 Dashboard,37.0,AllNationalFiltered.csv
COVID-19,Unspecified,CHINA,2021-04-24,World Health Organization COVID-19 Dashboard,22.0,AllNationalFiltered.csv
COVID-19,Unspecified,CHINA,2021-04-25,World Health Organization COVID-19 Dashboard,23.0,AllNationalFiltered.csv
COVID-19,Unspecified,CHINA,2021-04-26,World Health Organization COVID-19 Dashboard,20.0,AllNationalFiltered.csv
COVID-19,Unspecified,CHINA,2021-04-27,World Health Organization COVID-19 Dashboard,19.0,AllNationalFiltered.csv
COVID-19,Unspecified,CHINA,2021-04-28,World Health Organization COVID-19 Dashboard,26.0,AllNationalFiltered.csv
COVID-19,Unspecified,CHINA,2021-04-29,World Health Organization COVID-19 Dashboard,33.0,AllNationalFiltered.csv
COVID-19,Unspecified,CHINA,2021-04-30,World Health Organization COVID-19 Dashboard,33.0,AllNationalFiltered.csv
COVID-19,Unspecified,CHINA,2021-05-01,World Health Organization COVID-19 Dashboard,27.0,AllNationalFiltered.csv
COVID-19,Unspecified,CHINA,2021-05-02,World Health Organization COVID-19 Dashboard,27.0,AllNationalFiltered.csv
COVID-19,Unspecified,CHINA,2021-05-03,World Health Organization COVID-19 Dashboard,18.0,AllNationalFiltered.csv
COVID-19,Unspecified,CHINA,2021-05-04,World Health Organization COVID-19 Dashboard,27.0,AllNationalFiltered.csv
COVID-19,Unspecified,CHINA,2021-05-05,World Health Organization COVID-19 Dashboard,19.0,AllNationalFiltered.csv
COVID-19,Unspecified,CHINA,2021-05-06,World Health Organization COVID-19 Dashboard,18.0,AllNationalFiltered.csv
COVID-19,Unspecified,CHINA,2021-05-07,World Health Organization COVID-19 Dashboard,28.0,AllNationalFiltered.csv
COVID-19,Unspecified,CHINA,2021-05-08,World Health Organization COVID-19 Dashboard,14.0,AllNationalFiltered.csv
COVID-19,Unspecified,CHINA,2021-05-09,World Health Organization COVID-19 Dashboard,22.0,AllNationalFiltered.csv
COVID-19,Unspecified,CHINA,2021-05-10,World Health Organization COVID-19 Dashboard,13.0,AllNationalFiltered.csv
COVID-19,Unspecified,CHINA,2021-05-11,World Health Organization COVID-19 Dashboard,33.0,AllNationalFiltered.csv
COVID-19,Unspecified,CHINA,2021-05-12,World Health Organization COVID-19 Dashboard,28.0,AllNationalFiltered.csv
COVID-19,Unspecified,CHINA,2021-05-13,World Health Organization COVID-19 Dashboard,32.0,AllNationalFiltered.csv
COVID-19,Unspecified,CHINA,2021-05-14,World Health Organization COVID-19 Dashboard,35.0,AllNationalFiltered.csv
COVID-19,Unspecified,CHINA,2021-05-15,World Health Organization COVID-19 Dashboard,49.0,AllNationalFiltered.csv
COVID-19,Unspecified,CHINA,2021-05-16,World Health Organization COVID-19 Dashboard,206.0,AllNationalFiltered.csv
COVID-19,Unspecified,CHINA,2021-05-17,World Health Organization COVID-19 Dashboard,234.0,AllNationalFiltered.csv
COVID-19,Unspecified,CHINA,2021-05-18,World Health Organization COVID-19 Dashboard,357.0,AllNationalFiltered.csv
COVID-19,Unspecified,CHINA,2021-05-19,World Health Organization COVID-19 Dashboard,258.0,AllNationalFiltered.csv
COVID-19,Unspecified,CHINA,2021-05-20,World Health Organization COVID-19 Dashboard,286.0,AllNationalFiltered.csv
COVID-19,Unspecified,CHINA,2021-05-21,World Health Organization COVID-19 Dashboard,319.0,AllNationalFiltered.csv
COVID-19,Unspecified,CHINA,2021-05-22,World Health Organization COVID-19 Dashboard,326.0,AllNationalFiltered.csv
COVID-19,Unspecified,CHINA,2021-05-23,World Health Organization COVID-19 Dashboard,742.0,AllNationalFiltered.csv
COVID-19,Unspecified,CHINA,2021-05-24,World Health Organization COVID-19 Dashboard,474.0,AllNationalFiltered.csv
COVID-19,Unspecified,CHINA,2021-05-25,World Health Organization COVID-19 Dashboard,611.0,AllNationalFiltered.csv
COVID-19,Unspecified,CHINA,2021-05-26,World Health Organization COVID-19 Dashboard,558.0,AllNationalFiltered.csv
COVID-19,Unspecified,CHINA,2021-05-27,World Health Organization COVID-19 Dashboard,654.0,AllNationalFiltered.csv
COVID-19,Unspecified,CHINA,2021-05-28,World Health Organization COVID-19 Dashboard,678.0,AllNationalFiltered.csv
COVID-19,Unspecified,CHINA,2021-05-29,World Health Organization COVID-19 Dashboard,572.0,AllNationalFiltered.csv
COVID-19,Unspecified,CHINA,2021-05-30,World Health Organization COVID-19 Dashboard,504.0,AllNationalFiltered.csv
COVID-19,Unspecified,CHINA,2021-05-31,World Health Organization COVID-19 Dashboard,382.0,AllNationalFiltered.csv
COVID-19,Unspecified,CHINA,2021-06-01,World Health Organization COVID-19 Dashboard,377.0,AllNationalFiltered.csv
COVID-19,Unspecified,CHINA,2021-06-02,World Health Organization COVID-19 Dashboard,361.0,AllNationalFiltered.csv
COVID-19,Unspecified,CHINA,2021-06-03,World Health Organization COVID-19 Dashboard,573.0,AllNationalFiltered.csv
COVID-19,Unspecified,CHINA,2021-06-04,World Health Organization COVID-19 Dashboard,609.0,AllNationalFiltered.csv
COVID-19,Unspecified,CHINA,2021-06-05,World Health Organization COVID-19 Dashboard,498.0,AllNationalFiltered.csv
COVID-19,Unspecified,CHINA,2021-06-06,World Health Organization COVID-19 Dashboard,541.0,AllNationalFiltered.csv
COVID-19,Unspecified,CHINA,2021-06-07,World Health Organization COVID-19 Dashboard,562.0,AllNationalFiltered.csv
COVID-19,Unspecified,CHINA,2021-06-08,World Health Organization COVID-19 Dashboard,24.0,AllNationalFiltered.csv
COVID-19,Unspecified,CHINA,2021-06-09,World Health Organization COVID-19 Dashboard,237.0,AllNationalFiltered.csv
COVID-19,Unspecified,CHINA,2021-06-10,World Health Organization COVID-19 Dashboard,289.0,AllNationalFiltered.csv
COVID-19,Unspecified,CHINA,2021-06-11,World Health Organization COVID-19 Dashboard,281.0,AllNationalFiltered.csv
COVID-19,Unspecified,CHINA,2021-06-12,World Health Organization COVID-19 Dashboard,317.0,AllNationalFiltered.csv
COVID-19,Unspecified,CHINA,2021-06-13,World Health Organization COVID-19 Dashboard,288.0,AllNationalFiltered.csv
COVID-19,Unspecified,CHINA,2021-06-14,World Health Organization COVID-19 Dashboard,198.0,AllNationalFiltered.csv
COVID-19,Unspecified,CHINA,2021-06-15,World Health Organization COVID-19 Dashboard,206.0,AllNationalFiltered.csv
COVID-19,Unspecified,CHINA,2021-06-16,World Health Organization COVID-19 Dashboard,156.0,AllNationalFiltered.csv
COVID-19,Unspecified,CHINA,2021-06-17,World Health Organization COVID-19 Dashboard,190.0,AllNationalFiltered.csv
COVID-19,Unspecified,CHINA,2021-06-18,World Health Organization COVID-19 Dashboard,197.0,AllNationalFiltered.csv
COVID-19,Unspecified,CHINA,2021-06-19,World Health Organization COVID-19 Dashboard,219.0,AllNationalFiltered.csv
COVID-19,Unspecified,CHINA,2021-06-20,World Health Organization COVID-19 Dashboard,152.0,AllNationalFiltered.csv
COVID-19,Unspecified,CHINA,2021-06-21,World Health Organization COVID-19 Dashboard,127.0,AllNationalFiltered.csv
COVID-19,Unspecified,CHINA,2021-06-22,World Health Organization COVID-19 Dashboard,101.0,AllNationalFiltered.csv
COVID-19,Unspecified,CHINA,2021-06-23,World Health Organization COVID-19 Dashboard,109.0,AllNationalFiltered.csv
COVID-19,Unspecified,CHINA,2021-06-24,World Health Organization COVID-19 Dashboard,121.0,AllNationalFiltered.csv
COVID-19,Unspecified,CHINA,2021-06-25,World Health Organization COVID-19 Dashboard,161.0,AllNationalFiltered.csv
COVID-19,Unspecified,CHINA,2021-06-26,World Health Organization COVID-19 Dashboard,105.0,AllNationalFiltered.csv
COVID-19,Unspecified,CHINA,2021-06-27,World Health Organization COVID-19 Dashboard,96.0,AllNationalFiltered.csv
COVID-19,Unspecified,CHINA,2021-06-28,World Health Organization COVID-19 Dashboard,117.0,AllNationalFiltered.csv
COVID-19,Unspecified,CHINA,2021-06-29,World Health Organization COVID-19 Dashboard,81.0,AllNationalFiltered.csv
COVID-19,Unspecified,CHINA,2021-06-30,World Health Organization COVID-19 Dashboard,64.0,AllNationalFiltered.csv
COVID-19,Unspecified,CHINA,2021-07-01,World Health Organization COVID-19 Dashboard,69.0,AllNationalFiltered.csv
COVID-19,Unspecified,CHINA,2021-07-02,World Health Organization COVID-19 Dashboard,72.0,AllNationalFiltered.csv
COVID-19,Unspecified,CHINA,2021-07-03,World Health Organization COVID-19 Dashboard,92.0,AllNationalFiltered.csv
COVID-19,Unspecified,CHINA,2021-07-04,World Health Organization COVID-19 Dashboard,96.0,AllNationalFiltered.csv
COVID-19,Unspecified,CHINA,2021-07-05,World Health Organization COVID-19 Dashboard,64.0,AllNationalFiltered.csv
COVID-19,Unspecified,CHINA,2021-07-06,World Health Organization COVID-19 Dashboard,53.0,AllNationalFiltered.csv
COVID-19,Unspecified,CHINA,2021-07-07,World Health Organization COVID-19 Dashboard,87.0,AllNationalFiltered.csv
COVID-19,Unspecified,CHINA,2021-07-08,World Health Organization COVID-19 Dashboard,58.0,AllNationalFiltered.csv
COVID-19,Unspecified,CHINA,2021-07-09,World Health Organization COVID-19 Dashboard,47.0,AllNationalFiltered.csv
COVID-19,Unspecified,CHINA,2021-07-10,World Health Organization COVID-19 Dashboard,63.0,AllNationalFiltered.csv
COVID-19,Unspecified,CHINA,2021-07-11,World Health Organization COVID-19 Dashboard,58.0,AllNationalFiltered.csv
COVID-19,Unspecified,CHINA,2021-07-12,World Health Organization COVID-19 Dashboard,59.0,AllNationalFiltered.csv
COVID-19,Unspecified,CHINA,2021-07-13,World Health Organization COVID-19 Dashboard,53.0,AllNationalFiltered.csv
COVID-19,Unspecified,CHINA,2021-07-14,World Health Organization COVID-19 Dashboard,53.0,AllNationalFiltered.csv
COVID-19,Unspecified,CHINA,2021-07-15,World Health Organization COVID-19 Dashboard,58.0,AllNationalFiltered.csv
COVID-19,Unspecified,CHINA,2021-07-16,World Health Organization COVID-19 Dashboard,54.0,AllNationalFiltered.csv
COVID-19,Unspecified,CHINA,2021-07-17,World Health Organization COVID-19 Dashboard,63.0,AllNationalFiltered.csv
COVID-19,Unspecified,CHINA,2021-07-18,World Health Organization COVID-19 Dashboard,45.0,AllNationalFiltered.csv
COVID-19,Unspecified,CHINA,2021-07-19,World Health Organization COVID-19 Dashboard,51.0,AllNationalFiltered.csv
COVID-19,Unspecified,CHINA,2021-07-20,World Health Organization COVID-19 Dashboard,86.0,AllNationalFiltered.csv
COVID-19,Unspecified,CHINA,2021-07-21,World Health Organization COVID-19 Dashboard,53.0,AllNationalFiltered.csv
COVID-19,Unspecified,CHINA,2021-07-22,World Health Organization COVID-19 Dashboard,81.0,AllNationalFiltered.csv
COVID-19,Unspecified,CHINA,2021-07-23,World Health Organization COVID-19 Dashboard,82.0,AllNationalFiltered.csv
COVID-19,Unspecified,CHINA,2021-07-24,World Health Organization COVID-19 Dashboard,61.0,AllNationalFiltered.csv
COVID-19,Unspecified,CHINA,2021-07-25,World Health Organization COVID-19 Dashboard,59.0,AllNationalFiltered.csv
COVID-19,Unspecified,CHINA,2021-07-26,World Health Organization COVID-19 Dashboard,93.0,AllNationalFiltered.csv
COVID-19,Unspecified,CHINA,2021-07-27,World Health Organization COVID-19 Dashboard,82.0,AllNationalFiltered.csv
COVID-19,Unspecified,CHINA,2021-07-28,World Health Organization COVID-19 Dashboard,104.0,AllNationalFiltered.csv
COVID-19,Unspecified,CHINA,2021-07-29,World Health Organization COVID-19 Dashboard,70.0,AllNationalFiltered.csv
COVID-19,Unspecified,CHINA,2021-07-30,World Health Organization COVID-19 Dashboard,84.0,AllNationalFiltered.csv
COVID-19,Unspecified,CHINA,2021-07-31,World Health Organization COVID-19 Dashboard,82.0,AllNationalFiltered.csv
COVID-19,Unspecified,CANADA,2020-01-04,World Health Organization COVID-19 Dashboard,0.0,AllNationalFiltered.csv
COVID-19,Unspecified,CANADA,2020-01-05,World Health Organization COVID-19 Dashboard,0.0,AllNationalFiltered.csv
COVID-19,Unspecified,CANADA,2020-01-06,World Health Organization COVID-19 Dashboard,0.0,AllNationalFiltered.csv
COVID-19,Unspecified,CANADA,2020-01-07,World Health Organization COVID-19 Dashboard,0.0,AllNationalFiltered.csv
COVID-19,Unspecified,CANADA,2020-01-08,World Health Organization COVID-19 Dashboard,0.0,AllNationalFiltered.csv
COVID-19,Unspecified,CANADA,2020-01-09,World Health Organization COVID-19 Dashboard,0.0,AllNationalFiltered.csv
COVID-19,Unspecified,CANADA,2020-01-10,World Health Organization COVID-19 Dashboard,0.0,AllNationalFiltered.csv
COVID-19,Unspecified,CANADA,2020-01-11,World Health Organization COVID-19 Dashboard,0.0,AllNationalFiltered.csv
COVID-19,Unspecified,CANADA,2020-01-12,World Health Organization COVID-19 Dashboard,0.0,AllNationalFiltered.csv
COVID-19,Unspecified,CANADA,2020-01-13,World Health Organization COVID-19 Dashboard,0.0,AllNationalFiltered.csv
COVID-19,Unspecified,CANADA,2020-01-14,World Health Organization COVID-19 Dashboard,0.0,AllNationalFiltered.csv
COVID-19,Unspecified,CANADA,2020-01-15,World Health Organization COVID-19 Dashboard,0.0,AllNationalFiltered.csv
COVID-19,Unspecified,CANADA,2020-01-16,World Health Organization COVID-19 Dashboard,0.0,AllNationalFiltered.csv
COVID-19,Unspecified,CANADA,2020-01-17,World Health Organization COVID-19 Dashboard,0.0,AllNationalFiltered.csv
COVID-19,Unspecified,CANADA,2020-01-18,World Health Organization COVID-19 Dashboard,0.0,AllNationalFiltered.csv
COVID-19,Unspecified,CANADA,2020-01-19,World Health Organization COVID-19 Dashboard,0.0,AllNationalFiltered.csv
COVID-19,Unspecified,CANADA,2020-01-20,World Health Organization COVID-19 Dashboard,0.0,AllNationalFiltered.csv
COVID-19,Unspecified,CANADA,2020-01-21,World Health Organization COVID-19 Dashboard,0.0,AllNationalFiltered.csv
COVID-19,Unspecified,CANADA,2020-01-22,World Health Organization COVID-19 Dashboard,0.0,AllNationalFiltered.csv
COVID-19,Unspecified,CANADA,2020-01-23,World Health Organization COVID-19 Dashboard,0.0,AllNationalFiltered.csv
COVID-19,Unspecified,CANADA,2020-01-24,World Health Organization COVID-19 Dashboard,0.0,AllNationalFiltered.csv
COVID-19,Unspecified,CANADA,2020-01-25,World Health Organization COVID-19 Dashboard,0.0,AllNationalFiltered.csv
COVID-19,Unspecified,CANADA,2020-01-26,World Health Organization COVID-19 Dashboard,5.0,AllNationalFiltered.csv
COVID-19,Unspecified,CANADA,2020-01-27,World Health Organization COVID-19 Dashboard,0.0,AllNationalFiltered.csv
COVID-19,Unspecified,CANADA,2020-01-28,World Health Organization COVID-19 Dashboard,1.0,AllNationalFiltered.csv
COVID-19,Unspecified,CANADA,2020-01-29,World Health Organization COVID-19 Dashboard,0.0,AllNationalFiltered.csv
COVID-19,Unspecified,CANADA,2020-01-30,World Health Organization COVID-19 Dashboard,1.0,AllNationalFiltered.csv
COVID-19,Unspecified,CANADA,2020-01-31,World Health Organization COVID-19 Dashboard,0.0,AllNationalFiltered.csv
COVID-19,Unspecified,CANADA,2020-02-01,World Health Organization COVID-19 Dashboard,1.0,AllNationalFiltered.csv
COVID-19,Unspecified,CANADA,2020-02-02,World Health Organization COVID-19 Dashboard,0.0,AllNationalFiltered.csv
COVID-19,Unspecified,CANADA,2020-02-03,World Health Organization COVID-19 Dashboard,0.0,AllNationalFiltered.csv
COVID-19,Unspecified,CANADA,2020-02-04,World Health Organization COVID-19 Dashboard,4.0,AllNationalFiltered.csv
COVID-19,Unspecified,CANADA,2020-02-05,World Health Organization COVID-19 Dashboard,1.0,AllNationalFiltered.csv
COVID-19,Unspecified,CANADA,2020-02-06,World Health Organization COVID-19 Dashboard,0.0,AllNationalFiltered.csv
COVID-19,Unspecified,CANADA,2020-02-07,World Health Organization COVID-19 Dashboard,0.0,AllNationalFiltered.csv
COVID-19,Unspecified,CANADA,2020-02-08,World Health Organization COVID-19 Dashboard,2.0,AllNationalFiltered.csv
COVID-19,Unspecified,CANADA,2020-02-09,World Health Organization COVID-19 Dashboard,0.0,AllNationalFiltered.csv
COVID-19,Unspecified,CANADA,2020-02-10,World Health Organization COVID-19 Dashboard,0.0,AllNationalFiltered.csv
COVID-19,Unspecified,CANADA,2020-02-11,World Health Organization COVID-19 Dashboard,0.0,AllNationalFiltered.csv
COVID-19,Unspecified,CANADA,2020-02-12,World Health Organization COVID-19 Dashboard,0.0,AllNationalFiltered.csv
COVID-19,Unspecified,CANADA,2020-02-13,World Health Organization COVID-19 Dashboard,0.0,AllNationalFiltered.csv
COVID-19,Unspecified,CANADA,2020-02-14,World Health Organization COVID-19 Dashboard,0.0,AllNationalFiltered.csv
COVID-19,Unspecified,CANADA,2020-02-15,World Health Organization COVID-19 Dashboard,0.0,AllNationalFiltered.csv
COVID-19,Unspecified,CANADA,2020-02-16,World Health Organization COVID-19 Dashboard,0.0,AllNationalFiltered.csv
COVID-19,Unspecified,CANADA,2020-02-17,World Health Organization COVID-19 Dashboard,1.0,AllNationalFiltered.csv
COVID-19,Unspecified,CANADA,2020-02-18,World Health Organization COVID-19 Dashboard,0.0,AllNationalFiltered.csv
COVID-19,Unspecified,CANADA,2020-02-19,World Health Organization COVID-19 Dashboard,0.0,AllNationalFiltered.csv
COVID-19,Unspecified,CANADA,2020-02-20,World Health Organization COVID-19 Dashboard,0.0,AllNationalFiltered.csv
COVID-19,Unspecified,CANADA,2020-02-21,World Health Organization COVID-19 Dashboard,0.0,AllNationalFiltered.csv
COVID-19,Unspecified,CANADA,2020-02-22,World Health Organization COVID-19 Dashboard,1.0,AllNationalFiltered.csv
COVID-19,Unspecified,CANADA,2020-02-23,World Health Organization COVID-19 Dashboard,0.0,AllNationalFiltered.csv
COVID-19,Unspecified,CANADA,2020-02-24,World Health Organization COVID-19 Dashboard,0.0,AllNationalFiltered.csv
COVID-19,Unspecified,CANADA,2020-02-25,World Health Organization COVID-19 Dashboard,1.0,AllNationalFiltered.csv
COVID-19,Unspecified,CANADA,2020-02-26,World Health Organization COVID-19 Dashboard,0.0,AllNationalFiltered.csv
COVID-19,Unspecified,CANADA,2020-02-27,World Health Organization COVID-19 Dashboard,1.0,AllNationalFiltered.csv
COVID-19,Unspecified,CANADA,2020-02-28,World Health Organization COVID-19 Dashboard,1.0,AllNationalFiltered.csv
COVID-19,Unspecified,CANADA,2020-02-29,World Health Organization COVID-19 Dashboard,1.0,AllNationalFiltered.csv
COVID-19,Unspecified,CANADA,2020-03-01,World Health Organization COVID-19 Dashboard,2.0,AllNationalFiltered.csv
COVID-19,Unspecified,CANADA,2020-03-02,World Health Organization COVID-19 Dashboard,0.0,AllNationalFiltered.csv
COVID-19,Unspecified,CANADA,2020-03-03,World Health Organization COVID-19 Dashboard,9.0,AllNationalFiltered.csv
COVID-19,Unspecified,CANADA,2020-03-04,World Health Organization COVID-19 Dashboard,9.0,AllNationalFiltered.csv
COVID-19,Unspecified,CANADA,2020-03-05,World Health Organization COVID-19 Dashboard,0.0,AllNationalFiltered.csv
COVID-19,Unspecified,CANADA,2020-03-06,World Health Organization COVID-19 Dashboard,12.0,AllNationalFiltered.csv
COVID-19,Unspecified,CANADA,2020-03-07,World Health Organization COVID-19 Dashboard,0.0,AllNationalFiltered.csv
COVID-19,Unspecified,CANADA,2020-03-08,World Health Organization COVID-19 Dashboard,6.0,AllNationalFiltered.csv
COVID-19,Unspecified,CANADA,2020-03-09,World Health Organization COVID-19 Dashboard,6.0,AllNationalFiltered.csv
COVID-19,Unspecified,CANADA,2020-03-10,World Health Organization COVID-19 Dashboard,5.0,AllNationalFiltered.csv
COVID-19,Unspecified,CANADA,2020-03-11,World Health Organization COVID-19 Dashboard,15.0,AllNationalFiltered.csv
COVID-19,Unspecified,CANADA,2020-03-12,World Health Organization COVID-19 Dashboard,26.0,AllNationalFiltered.csv
COVID-19,Unspecified,CANADA,2020-03-13,World Health Organization COVID-19 Dashboard,0.0,AllNationalFiltered.csv
COVID-19,Unspecified,CANADA,2020-03-14,World Health Organization COVID-19 Dashboard,35.0,AllNationalFiltered.csv
COVID-19,Unspecified,CANADA,2020-03-15,World Health Organization COVID-19 Dashboard,38.0,AllNationalFiltered.csv
COVID-19,Unspecified,CANADA,2020-03-16,World Health Organization COVID-19 Dashboard,17.0,AllNationalFiltered.csv
COVID-19,Unspecified,CANADA,2020-03-17,World Health Organization COVID-19 Dashboard,56.0,AllNationalFiltered.csv
COVID-19,Unspecified,CANADA,2020-03-18,World Health Organization COVID-19 Dashboard,75.0,AllNationalFiltered.csv
COVID-19,Unspecified,CANADA,2020-03-19,World Health Organization COVID-19 Dashboard,100.0,AllNationalFiltered.csv
COVID-19,Unspecified,CANADA,2020-03-20,World Health Organization COVID-19 Dashboard,145.0,AllNationalFiltered.csv
COVID-19,Unspecified,CANADA,2020-03-21,World Health Organization COVID-19 Dashboard,277.0,AllNationalFiltered.csv
COVID-19,Unspecified,CANADA,2020-03-22,World Health Organization COVID-19 Dashboard,125.0,AllNationalFiltered.csv
COVID-19,Unspecified,CANADA,2020-03-23,World Health Organization COVID-19 Dashboard,331.0,AllNationalFiltered.csv
COVID-19,Unspecified,CANADA,2020-03-24,World Health Organization COVID-19 Dashboard,128.0,AllNationalFiltered.csv
COVID-19,Unspecified,CANADA,2020-03-25,World Health Organization COVID-19 Dashboard,216.0,AllNationalFiltered.csv
COVID-19,Unspecified,CANADA,2020-03-26,World Health Organization COVID-19 Dashboard,313.0,AllNationalFiltered.csv
COVID-19,Unspecified,CANADA,2020-03-27,World Health Organization COVID-19 Dashboard,1426.0,AllNationalFiltered.csv
COVID-19,Unspecified,CANADA,2020-03-28,World Health Organization COVID-19 Dashboard,633.0,AllNationalFiltered.csv
COVID-19,Unspecified,CANADA,2020-03-29,World Health Organization COVID-19 Dashboard,657.0,AllNationalFiltered.csv
COVID-19,Unspecified,CANADA,2020-03-30,World Health Organization COVID-19 Dashboard,711.0,AllNationalFiltered.csv
COVID-19,Unspecified,CANADA,2020-03-31,World Health Organization COVID-19 Dashboard,869.0,AllNationalFiltered.csv
COVID-19,Unspecified,CANADA,2020-04-01,World Health Organization COVID-19 Dashboard,1169.0,AllNationalFiltered.csv
COVID-19,Unspecified,CANADA,2020-04-02,World Health Organization COVID-19 Dashboard,1112.0,AllNationalFiltered.csv
COVID-19,Unspecified,CANADA,2020-04-03,World Health Organization COVID-19 Dashboard,1059.0,AllNationalFiltered.csv
COVID-19,Unspecified,CANADA,2020-04-04,World Health Organization COVID-19 Dashboard,1673.0,AllNationalFiltered.csv
COVID-19,Unspecified,CANADA,2020-04-05,World Health Organization COVID-19 Dashboard,1251.0,AllNationalFiltered.csv
COVID-19,Unspecified,CANADA,2020-04-06,World Health Organization COVID-19 Dashboard,1363.0,AllNationalFiltered.csv
COVID-19,Unspecified,CANADA,2020-04-07,World Health Organization COVID-19 Dashboard,1614.0,AllNationalFiltered.csv
COVID-19,Unspecified,CANADA,2020-04-08,World Health Organization COVID-19 Dashboard,1157.0,AllNationalFiltered.csv
COVID-19,Unspecified,CANADA,2020-04-09,World Health Organization COVID-19 Dashboard,1230.0,AllNationalFiltered.csv
COVID-19,Unspecified,CANADA,2020-04-10,World Health Organization COVID-19 Dashboard,1391.0,AllNationalFiltered.csv
COVID-19,Unspecified,CANADA,2020-04-11,World Health Organization COVID-19 Dashboard,1474.0,AllNationalFiltered.csv
COVID-19,Unspecified,CANADA,2020-04-12,World Health Organization COVID-19 Dashboard,1385.0,AllNationalFiltered.csv
COVID-19,Unspecified,CANADA,2020-04-13,World Health Organization COVID-19 Dashboard,1168.0,AllNationalFiltered.csv
COVID-19,Unspecified,CANADA,2020-04-14,World Health Organization COVID-19 Dashboard,1064.0,AllNationalFiltered.csv
COVID-19,Unspecified,CANADA,2020-04-15,World Health Organization COVID-19 Dashboard,1298.0,AllNationalFiltered.csv
COVID-19,Unspecified,CANADA,2020-04-16,World Health Organization COVID-19 Dashboard,1383.0,AllNationalFiltered.csv
COVID-19,Unspecified,CANADA,2020-04-17,World Health Organization COVID-19 Dashboard,1318.0,AllNationalFiltered.csv
COVID-19,Unspecified,CANADA,2020-04-18,World Health Organization COVID-19 Dashboard,1717.0,AllNationalFiltered.csv
COVID-19,Unspecified,CANADA,2020-04-19,World Health Organization COVID-19 Dashboard,1791.0,AllNationalFiltered.csv
COVID-19,Unspecified,CANADA,2020-04-20,World Health Organization COVID-19 Dashboard,1468.0,AllNationalFiltered.csv
COVID-19,Unspecified,CANADA,2020-04-21,World Health Organization COVID-19 Dashboard,1436.0,AllNationalFiltered.csv
COVID-19,Unspecified,CANADA,2020-04-22,World Health Organization COVID-19 Dashboard,2046.0,AllNationalFiltered.csv
COVID-19,Unspecified,CANADA,2020-04-23,World Health Organization COVID-19 Dashboard,1590.0,AllNationalFiltered.csv
COVID-19,Unspecified,CANADA,2020-04-24,World Health Organization COVID-19 Dashboard,1767.0,AllNationalFiltered.csv
COVID-19,Unspecified,CANADA,2020-04-25,World Health Organization COVID-19 Dashboard,1920.0,AllNationalFiltered.csv
COVID-19,Unspecified,CANADA,2020-04-26,World Health Organization COVID-19 Dashboard,1778.0,AllNationalFiltered.csv
COVID-19,Unspecified,CANADA,2020-04-27,World Health Organization COVID-19 Dashboard,1464.0,AllNationalFiltered.csv
COVID-19,Unspecified,CANADA,2020-04-28,World Health Organization COVID-19 Dashboard,1543.0,AllNationalFiltered.csv
COVID-19,Unspecified,CANADA,2020-04-29,World Health Organization COVID-19 Dashboard,1605.0,AllNationalFiltered.csv
COVID-19,Unspecified,CANADA,2020-04-30,World Health Organization COVID-19 Dashboard,1526.0,AllNationalFiltered.csv
COVID-19,Unspecified,CANADA,2020-05-01,World Health Organization COVID-19 Dashboard,1572.0,AllNationalFiltered.csv
COVID-19,Unspecified,CANADA,2020-05-02,World Health Organization COVID-19 Dashboard,1638.0,AllNationalFiltered.csv
COVID-19,Unspecified,CANADA,2020-05-03,World Health Organization COVID-19 Dashboard,1825.0,AllNationalFiltered.csv
COVID-19,Unspecified,CANADA,2020-05-04,World Health Organization COVID-19 Dashboard,1653.0,AllNationalFiltered.csv
COVID-19,Unspecified,CANADA,2020-05-05,World Health Organization COVID-19 Dashboard,2760.0,AllNationalFiltered.csv
COVID-19,Unspecified,CANADA,2020-05-06,World Health Organization COVID-19 Dashboard,1298.0,AllNationalFiltered.csv
COVID-19,Unspecified,CANADA,2020-05-07,World Health Organization COVID-19 Dashboard,1274.0,AllNationalFiltered.csv
COVID-19,Unspecified,CANADA,2020-05-08,World Health Organization COVID-19 Dashboard,1449.0,AllNationalFiltered.csv
COVID-19,Unspecified,CANADA,2020-05-09,World Health Organization COVID-19 Dashboard,1426.0,AllNationalFiltered.csv
COVID-19,Unspecified,CANADA,2020-05-10,World Health Organization COVID-19 Dashboard,1512.0,AllNationalFiltered.csv
COVID-19,Unspecified,CANADA,2020-05-11,World Health Organization COVID-19 Dashboard,1268.0,AllNationalFiltered.csv
COVID-19,Unspecified,CANADA,2020-05-12,World Health Organization COVID-19 Dashboard,1146.0,AllNationalFiltered.csv
COVID-19,Unspecified,CANADA,2020-05-13,World Health Organization COVID-19 Dashboard,1133.0,AllNationalFiltered.csv
COVID-19,Unspecified,CANADA,2020-05-14,World Health Organization COVID-19 Dashboard,1175.0,AllNationalFiltered.csv
COVID-19,Unspecified,CANADA,2020-05-15,World Health Organization COVID-19 Dashboard,1121.0,AllNationalFiltered.csv
COVID-19,Unspecified,CANADA,2020-05-16,World Health Organization COVID-19 Dashboard,1211.0,AllNationalFiltered.csv
COVID-19,Unspecified,CANADA,2020-05-17,World Health Organization COVID-19 Dashboard,1126.0,AllNationalFiltered.csv
COVID-19,Unspecified,CANADA,2020-05-18,World Health Organization COVID-19 Dashboard,1251.0,AllNationalFiltered.csv
COVID-19,Unspecified,CANADA,2020-05-19,World Health Organization COVID-19 Dashboard,1138.0,AllNationalFiltered.csv
COVID-19,Unspecified,CANADA,2020-05-20,World Health Organization COVID-19 Dashboard,1070.0,AllNationalFiltered.csv
COVID-19,Unspecified,CANADA,2020-05-21,World Health Organization COVID-19 Dashboard,1040.0,AllNationalFiltered.csv
COVID-19,Unspecified,CANADA,2020-05-22,World Health Organization COVID-19 Dashboard,1011.0,AllNationalFiltered.csv
COVID-19,Unspecified,CANADA,2020-05-23,World Health Organization COVID-19 Dashboard,1201.0,AllNationalFiltered.csv
COVID-19,Unspecified,CANADA,2020-05-24,World Health Organization COVID-19 Dashboard,1156.0,AllNationalFiltered.csv
COVID-19,Unspecified,CANADA,2020-05-25,World Health Organization COVID-19 Dashboard,1141.0,AllNationalFiltered.csv
COVID-19,Unspecified,CANADA,2020-05-26,World Health Organization COVID-19 Dashboard,1078.0,AllNationalFiltered.csv
COVID-19,Unspecified,CANADA,2020-05-27,World Health Organization COVID-19 Dashboard,1012.0,AllNationalFiltered.csv
COVID-19,Unspecified,CANADA,2020-05-28,World Health Organization COVID-19 Dashboard,936.0,AllNationalFiltered.csv
COVID-19,Unspecified,CANADA,2020-05-29,World Health Organization COVID-19 Dashboard,872.0,AllNationalFiltered.csv
COVID-19,Unspecified,CANADA,2020-05-30,World Health Organization COVID-19 Dashboard,993.0,AllNationalFiltered.csv
COVID-19,Unspecified,CANADA,2020-05-31,World Health Organization COVID-19 Dashboard,906.0,AllNationalFiltered.csv
COVID-19,Unspecified,CANADA,2020-06-01,World Health Organization COVID-19 Dashboard,772.0,AllNationalFiltered.csv
COVID-19,Unspecified,CANADA,2020-06-02,World Health Organization COVID-19 Dashboard,757.0,AllNationalFiltered.csv
COVID-19,Unspecified,CANADA,2020-06-03,World Health Organization COVID-19 Dashboard,758.0,AllNationalFiltered.csv
COVID-19,Unspecified,CANADA,2020-06-04,World Health Organization COVID-19 Dashboard,705.0,AllNationalFiltered.csv
COVID-19,Unspecified,CANADA,2020-06-05,World Health Organization COVID-19 Dashboard,675.0,AllNationalFiltered.csv
COVID-19,Unspecified,CANADA,2020-06-06,World Health Organization COVID-19 Dashboard,641.0,AllNationalFiltered.csv
COVID-19,Unspecified,CANADA,2020-06-07,World Health Organization COVID-19 Dashboard,609.0,AllNationalFiltered.csv
COVID-19,Unspecified,CANADA,2020-06-08,World Health Organization COVID-19 Dashboard,722.0,AllNationalFiltered.csv
COVID-19,Unspecified,CANADA,2020-06-09,World Health Organization COVID-19 Dashboard,642.0,AllNationalFiltered.csv
COVID-19,Unspecified,CANADA,2020-06-10,World Health Organization COVID-19 Dashboard,545.0,AllNationalFiltered.csv
COVID-19,Unspecified,CANADA,2020-06-11,World Health Organization COVID-19 Dashboard,409.0,AllNationalFiltered.csv
COVID-19,Unspecified,CANADA,2020-06-12,World Health Organization COVID-19 Dashboard,472.0,AllNationalFiltered.csv
COVID-19,Unspecified,CANADA,2020-06-13,World Health Organization COVID-19 Dashboard,405.0,AllNationalFiltered.csv
COVID-19,Unspecified,CANADA,2020-06-14,World Health Organization COVID-19 Dashboard,413.0,AllNationalFiltered.csv
COVID-19,Unspecified,CANADA,2020-06-15,World Health Organization COVID-19 Dashboard,467.0,AllNationalFiltered.csv
COVID-19,Unspecified,CANADA,2020-06-16,World Health Organization COVID-19 Dashboard,377.0,AllNationalFiltered.csv
COVID-19,Unspecified,CANADA,2020-06-17,World Health Organization COVID-19 Dashboard,360.0,AllNationalFiltered.csv
COVID-19,Unspecified,CANADA,2020-06-18,World Health Organization COVID-19 Dashboard,320.0,AllNationalFiltered.csv
COVID-19,Unspecified,CANADA,2020-06-19,World Health Organization COVID-19 Dashboard,386.0,AllNationalFiltered.csv
COVID-19,Unspecified,CANADA,2020-06-20,World Health Organization COVID-19 Dashboard,367.0,AllNationalFiltered.csv
COVID-19,Unspecified,CANADA,2020-06-21,World Health Organization COVID-19 Dashboard,409.0,AllNationalFiltered.csv
COVID-19,Unspecified,CANADA,2020-06-22,World Health Organization COVID-19 Dashboard,390.0,AllNationalFiltered.csv
COVID-19,Unspecified,CANADA,2020-06-23,World Health Organization COVID-19 Dashboard,318.0,AllNationalFiltered.csv
COVID-19,Unspecified,CANADA,2020-06-24,World Health Organization COVID-19 Dashboard,300.0,AllNationalFiltered.csv
COVID-19,Unspecified,CANADA,2020-06-25,World Health Organization COVID-19 Dashboard,326.0,AllNationalFiltered.csv
COVID-19,Unspecified,CANADA,2020-06-26,World Health Organization COVID-19 Dashboard,279.0,AllNationalFiltered.csv
COVID-19,Unspecified,CANADA,2020-06-27,World Health Organization COVID-19 Dashboard,380.0,AllNationalFiltered.csv
COVID-19,Unspecified,CANADA,2020-06-28,World Health Organization COVID-19 Dashboard,172.0,AllNationalFiltered.csv
COVID-19,Unspecified,CANADA,2020-06-29,World Health Organization COVID-19 Dashboard,238.0,AllNationalFiltered.csv
COVID-19,Unspecified,CANADA,2020-06-30,World Health Organization COVID-19 Dashboard,218.0,AllNationalFiltered.csv
COVID-19,Unspecified,CANADA,2020-07-01,World Health Organization COVID-19 Dashboard,668.0,AllNationalFiltered.csv
COVID-19,Unspecified,CANADA,2020-07-02,World Health Organization COVID-19 Dashboard,286.0,AllNationalFiltered.csv
COVID-19,Unspecified,CANADA,2020-07-03,World Health Organization COVID-19 Dashboard,0.0,AllNationalFiltered.csv
COVID-19,Unspecified,CANADA,2020-07-04,World Health Organization COVID-19 Dashboard,567.0,AllNationalFiltered.csv
COVID-19,Unspecified,CANADA,2020-07-05,World Health Organization COVID-19 Dashboard,319.0,AllNationalFiltered.csv
COVID-19,Unspecified,CANADA,2020-07-06,World Health Organization COVID-19 Dashboard,226.0,AllNationalFiltered.csv
COVID-19,Unspecified,CANADA,2020-07-07,World Health Organization COVID-19 Dashboard,219.0,AllNationalFiltered.csv
COVID-19,Unspecified,CANADA,2020-07-08,World Health Organization COVID-19 Dashboard,399.0,AllNationalFiltered.csv
COVID-19,Unspecified,CANADA,2020-07-09,World Health Organization COVID-19 Dashboard,232.0,AllNationalFiltered.csv
COVID-19,Unspecified,CANADA,2020-07-10,World Health Organization COVID-19 Dashboard,267.0,AllNationalFiltered.csv
COVID-19,Unspecified,CANADA,2020-07-11,World Health Organization COVID-19 Dashboard,371.0,AllNationalFiltered.csv
COVID-19,Unspecified,CANADA,2020-07-12,World Health Organization COVID-19 Dashboard,321.0,AllNationalFiltered.csv
COVID-19,Unspecified,CANADA,2020-07-13,World Health Organization COVID-19 Dashboard,221.0,AllNationalFiltered.csv
COVID-19,Unspecified,CANADA,2020-07-14,World Health Organization COVID-19 Dashboard,244.0,AllNationalFiltered.csv
COVID-19,Unspecified,CANADA,2020-07-15,World Health Organization COVID-19 Dashboard,565.0,AllNationalFiltered.csv
COVID-19,Unspecified,CANADA,2020-07-16,World Health Organization COVID-19 Dashboard,331.0,AllNationalFiltered.csv
COVID-19,Unspecified,CANADA,2020-07-17,World Health Organization COVID-19 Dashboard,341.0,AllNationalFiltered.csv
COVID-19,Unspecified,CANADA,2020-07-18,World Health Organization COVID-19 Dashboard,437.0,AllNationalFiltered.csv
COVID-19,Unspecified,CANADA,2020-07-19,World Health Organization COVID-19 Dashboard,405.0,AllNationalFiltered.csv
COVID-19,Unspecified,CANADA,2020-07-20,World Health Organization COVID-19 Dashboard,330.0,AllNationalFiltered.csv
COVID-19,Unspecified,CANADA,2020-07-21,World Health Organization COVID-19 Dashboard,339.0,AllNationalFiltered.csv
COVID-19,Unspecified,CANADA,2020-07-22,World Health Organization COVID-19 Dashboard,786.0,AllNationalFiltered.csv
COVID-19,Unspecified,CANADA,2020-07-23,World Health Organization COVID-19 Dashboard,571.0,AllNationalFiltered.csv
COVID-19,Unspecified,CANADA,2020-07-24,World Health Organization COVID-19 Dashboard,543.0,AllNationalFiltered.csv
COVID-19,Unspecified,CANADA,2020-07-25,World Health Organization COVID-19 Dashboard,432.0,AllNationalFiltered.csv
COVID-19,Unspecified,CANADA,2020-07-26,World Health Organization COVID-19 Dashboard,534.0,AllNationalFiltered.csv
COVID-19,Unspecified,CANADA,2020-07-27,World Health Organization COVID-19 Dashboard,350.0,AllNationalFiltered.csv
COVID-19,Unspecified,CANADA,2020-07-28,World Health Organization COVID-19 Dashboard,355.0,AllNationalFiltered.csv
COVID-19,Unspecified,CANADA,2020-07-29,World Health Organization COVID-19 Dashboard,686.0,AllNationalFiltered.csv
COVID-19,Unspecified,CANADA,2020-07-30,World Health Organization COVID-19 Dashboard,396.0,AllNationalFiltered.csv
COVID-19,Unspecified,CANADA,2020-07-31,World Health Organization COVID-19 Dashboard,412.0,AllNationalFiltered.csv
COVID-19,Unspecified,CANADA,2020-08-01,World Health Organization COVID-19 Dashboard,393.0,AllNationalFiltered.csv
COVID-19,Unspecified,CANADA,2020-08-02,World Health Organization COVID-19 Dashboard,513.0,AllNationalFiltered.csv
COVID-19,Unspecified,CANADA,2020-08-03,World Health Organization COVID-19 Dashboard,287.0,AllNationalFiltered.csv
COVID-19,Unspecified,CANADA,2020-08-04,World Health Organization COVID-19 Dashboard,285.0,AllNationalFiltered.csv
COVID-19,Unspecified,CANADA,2020-08-05,World Health Organization COVID-19 Dashboard,147.0,AllNationalFiltered.csv
COVID-19,Unspecified,CANADA,2020-08-06,World Health Organization COVID-19 Dashboard,760.0,AllNationalFiltered.csv
COVID-19,Unspecified,CANADA,2020-08-07,World Health Organization COVID-19 Dashboard,395.0,AllNationalFiltered.csv
COVID-19,Unspecified,CANADA,2020-08-08,World Health Organization COVID-19 Dashboard,374.0,AllNationalFiltered.csv
COVID-19,Unspecified,CANADA,2020-08-09,World Health Organization COVID-19 Dashboard,424.0,AllNationalFiltered.csv
COVID-19,Unspecified,CANADA,2020-08-10,World Health Organization COVID-19 Dashboard,236.0,AllNationalFiltered.csv
COVID-19,Unspecified,CANADA,2020-08-11,World Health Organization COVID-19 Dashboard,230.0,AllNationalFiltered.csv
COVID-19,Unspecified,CANADA,2020-08-12,World Health Organization COVID-19 Dashboard,681.0,AllNationalFiltered.csv
COVID-19,Unspecified,CANADA,2020-08-13,World Health Organization COVID-19 Dashboard,289.0,AllNationalFiltered.csv
COVID-19,Unspecified,CANADA,2020-08-14,World Health Organization COVID-19 Dashboard,423.0,AllNationalFiltered.csv
COVID-19,Unspecified,CANADA,2020-08-15,World Health Organization COVID-19 Dashboard,405.0,AllNationalFiltered.csv
COVID-19,Unspecified,CANADA,2020-08-16,World Health Organization COVID-19 Dashboard,418.0,AllNationalFiltered.csv
COVID-19,Unspecified,CANADA,2020-08-17,World Health Organization COVID-19 Dashboard,237.0,AllNationalFiltered.csv
COVID-19,Unspecified,CANADA,2020-08-18,World Health Organization COVID-19 Dashboard,198.0,AllNationalFiltered.csv
COVID-19,Unspecified,CANADA,2020-08-19,World Health Organization COVID-19 Dashboard,785.0,AllNationalFiltered.csv
COVID-19,Unspecified,CANADA,2020-08-20,World Health Organization COVID-19 Dashboard,282.0,AllNationalFiltered.csv
COVID-19,Unspecified,CANADA,2020-08-21,World Health Organization COVID-19 Dashboard,336.0,AllNationalFiltered.csv
COVID-19,Unspecified,CANADA,2020-08-22,World Health Organization COVID-19 Dashboard,383.0,AllNationalFiltered.csv
COVID-19,Unspecified,CANADA,2020-08-23,World Health Organization COVID-19 Dashboard,499.0,AllNationalFiltered.csv
COVID-19,Unspecified,CANADA,2020-08-24,World Health Organization COVID-19 Dashboard,257.0,AllNationalFiltered.csv
COVID-19,Unspecified,CANADA,2020-08-25,World Health Organization COVID-19 Dashboard,267.0,AllNationalFiltered.csv
COVID-19,Unspecified,CANADA,2020-08-26,World Health Organization COVID-19 Dashboard,750.0,AllNationalFiltered.csv
COVID-19,Unspecified,CANADA,2020-08-27,World Health Organization COVID-19 Dashboard,323.0,AllNationalFiltered.csv
COVID-19,Unspecified,CANADA,2020-08-28,World Health Organization COVID-19 Dashboard,448.0,AllNationalFiltered.csv
COVID-19,Unspecified,CANADA,2020-08-29,World Health Organization COVID-19 Dashboard,431.0,AllNationalFiltered.csv
COVID-19,Unspecified,CANADA,2020-08-30,World Health Organization COVID-19 Dashboard,462.0,AllNationalFiltered.csv
COVID-19,Unspecified,CANADA,2020-08-31,World Health Organization COVID-19 Dashboard,363.0,AllNationalFiltered.csv
COVID-19,Unspecified,CANADA,2020-09-01,World Health Organization COVID-19 Dashboard,267.0,AllNationalFiltered.csv
COVID-19,Unspecified,CANADA,2020-09-02,World Health Organization COVID-19 Dashboard,1008.0,AllNationalFiltered.csv
COVID-19,Unspecified,CANADA,2020-09-03,World Health Organization COVID-19 Dashboard,477.0,AllNationalFiltered.csv
COVID-19,Unspecified,CANADA,2020-09-04,World Health Organization COVID-19 Dashboard,498.0,AllNationalFiltered.csv
COVID-19,Unspecified,CANADA,2020-09-05,World Health Organization COVID-19 Dashboard,570.0,AllNationalFiltered.csv
COVID-19,Unspecified,CANADA,2020-09-06,World Health Organization COVID-19 Dashboard,631.0,AllNationalFiltered.csv
COVID-19,Unspecified,CANADA,2020-09-07,World Health Organization COVID-19 Dashboard,371.0,AllNationalFiltered.csv
COVID-19,Unspecified,CANADA,2020-09-08,World Health Organization COVID-19 Dashboard,400.0,AllNationalFiltered.csv
COVID-19,Unspecified,CANADA,2020-09-09,World Health Organization COVID-19 Dashboard,247.0,AllNationalFiltered.csv
COVID-19,Unspecified,CANADA,2020-09-10,World Health Organization COVID-19 Dashboard,1606.0,AllNationalFiltered.csv
COVID-19,Unspecified,CANADA,2020-09-11,World Health Organization COVID-19 Dashboard,546.0,AllNationalFiltered.csv
COVID-19,Unspecified,CANADA,2020-09-12,World Health Organization COVID-19 Dashboard,630.0,AllNationalFiltered.csv
COVID-19,Unspecified,CANADA,2020-09-13,World Health Organization COVID-19 Dashboard,702.0,AllNationalFiltered.csv
COVID-19,Unspecified,CANADA,2020-09-14,World Health Organization COVID-19 Dashboard,515.0,AllNationalFiltered.csv
COVID-19,Unspecified,CANADA,2020-09-15,World Health Organization COVID-19 Dashboard,518.0,AllNationalFiltered.csv
COVID-19,Unspecified,CANADA,2020-09-16,World Health Organization COVID-19 Dashboard,1351.0,AllNationalFiltered.csv
COVID-19,Unspecified,CANADA,2020-09-17,World Health Organization COVID-19 Dashboard,793.0,AllNationalFiltered.csv
COVID-19,Unspecified,CANADA,2020-09-18,World Health Organization COVID-19 Dashboard,944.0,AllNationalFiltered.csv
COVID-19,Unspecified,CANADA,2020-09-19,World Health Organization COVID-19 Dashboard,1120.0,AllNationalFiltered.csv
COVID-19,Unspecified,CANADA,2020-09-20,World Health Organization COVID-19 Dashboard,1044.0,AllNationalFiltered.csv
COVID-19,Unspecified,CANADA,2020-09-21,World Health Organization COVID-19 Dashboard,863.0,AllNationalFiltered.csv
COVID-19,Unspecified,CANADA,2020-09-22,World Health Organization COVID-19 Dashboard,875.0,AllNationalFiltered.csv
COVID-19,Unspecified,CANADA,2020-09-23,World Health Organization COVID-19 Dashboard,1766.0,AllNationalFiltered.csv
COVID-19,Unspecified,CANADA,2020-09-24,World Health Organization COVID-19 Dashboard,1248.0,AllNationalFiltered.csv
COVID-19,Unspecified,CANADA,2020-09-25,World Health Organization COVID-19 Dashboard,1090.0,AllNationalFiltered.csv
COVID-19,Unspecified,CANADA,2020-09-26,World Health Organization COVID-19 Dashboard,1341.0,AllNationalFiltered.csv
COVID-19,Unspecified,CANADA,2020-09-27,World Health Organization COVID-19 Dashboard,1362.0,AllNationalFiltered.csv
COVID-19,Unspecified,CANADA,2020-09-28,World Health Organization COVID-19 Dashboard,1215.0,AllNationalFiltered.csv
COVID-19,Unspecified,CANADA,2020-09-29,World Health Organization COVID-19 Dashboard,1454.0,AllNationalFiltered.csv
COVID-19,Unspecified,CANADA,2020-09-30,World Health Organization COVID-19 Dashboard,2176.0,AllNationalFiltered.csv
COVID-19,Unspecified,CANADA,2020-10-01,World Health Organization COVID-19 Dashboard,1660.0,AllNationalFiltered.csv
COVID-19,Unspecified,CANADA,2020-10-02,World Health Organization COVID-19 Dashboard,1797.0,AllNationalFiltered.csv
COVID-19,Unspecified,CANADA,2020-10-03,World Health Organization COVID-19 Dashboard,1777.0,AllNationalFiltered.csv
COVID-19,Unspecified,CANADA,2020-10-04,World Health Organization COVID-19 Dashboard,2124.0,AllNationalFiltered.csv
COVID-19,Unspecified,CANADA,2020-10-05,World Health Organization COVID-19 Dashboard,1812.0,AllNationalFiltered.csv
COVID-19,Unspecified,CANADA,2020-10-06,World Health Organization COVID-19 Dashboard,1685.0,AllNationalFiltered.csv
COVID-19,Unspecified,CANADA,2020-10-07,World Health Organization COVID-19 Dashboard,2804.0,AllNationalFiltered.csv
COVID-19,Unspecified,CANADA,2020-10-08,World Health Organization COVID-19 Dashboard,2363.0,AllNationalFiltered.csv
COVID-19,Unspecified,CANADA,2020-10-09,World Health Organization COVID-19 Dashboard,1800.0,AllNationalFiltered.csv
COVID-19,Unspecified,CANADA,2020-10-10,World Health Organization COVID-19 Dashboard,2436.0,AllNationalFiltered.csv
COVID-19,Unspecified,CANADA,2020-10-11,World Health Organization COVID-19 Dashboard,2558.0,AllNationalFiltered.csv
COVID-19,Unspecified,CANADA,2020-10-12,World Health Organization COVID-19 Dashboard,2062.0,AllNationalFiltered.csv
COVID-19,Unspecified,CANADA,2020-10-13,World Health Organization COVID-19 Dashboard,1685.0,AllNationalFiltered.csv
COVID-19,Unspecified,CANADA,2020-10-14,World Health Organization COVID-19 Dashboard,975.0,AllNationalFiltered.csv
COVID-19,Unspecified,CANADA,2020-10-15,World Health Organization COVID-19 Dashboard,4042.0,AllNationalFiltered.csv
COVID-19,Unspecified,CANADA,2020-10-16,World Health Organization COVID-19 Dashboard,2504.0,AllNationalFiltered.csv
COVID-19,Unspecified,CANADA,2020-10-17,World Health Organization COVID-19 Dashboard,2345.0,AllNationalFiltered.csv
COVID-19,Unspecified,CANADA,2020-10-18,World Health Organization COVID-19 Dashboard,2376.0,AllNationalFiltered.csv
COVID-19,Unspecified,CANADA,2020-10-19,World Health Organization COVID-19 Dashboard,2215.0,AllNationalFiltered.csv
COVID-19,Unspecified,CANADA,2020-10-20,World Health Organization COVID-19 Dashboard,1827.0,AllNationalFiltered.csv
COVID-19,Unspecified,CANADA,2020-10-21,World Health Organization COVID-19 Dashboard,3289.0,AllNationalFiltered.csv
COVID-19,Unspecified,CANADA,2020-10-22,World Health Organization COVID-19 Dashboard,2251.0,AllNationalFiltered.csv
COVID-19,Unspecified,CANADA,2020-10-23,World Health Organization COVID-19 Dashboard,2672.0,AllNationalFiltered.csv
COVID-19,Unspecified,CANADA,2020-10-24,World Health Organization COVID-19 Dashboard,2788.0,AllNationalFiltered.csv
COVID-19,Unspecified,CANADA,2020-10-25,World Health Organization COVID-19 Dashboard,2584.0,AllNationalFiltered.csv
COVID-19,Unspecified,CANADA,2020-10-26,World Health Organization COVID-19 Dashboard,2227.0,AllNationalFiltered.csv
COVID-19,Unspecified,CANADA,2020-10-27,World Health Organization COVID-19 Dashboard,2145.0,AllNationalFiltered.csv
COVID-19,Unspecified,CANADA,2020-10-28,World Health Organization COVID-19 Dashboard,4109.0,AllNationalFiltered.csv
COVID-19,Unspecified,CANADA,2020-10-29,World Health Organization COVID-19 Dashboard,2674.0,AllNationalFiltered.csv
COVID-19,Unspecified,CANADA,2020-10-30,World Health Organization COVID-19 Dashboard,2699.0,AllNationalFiltered.csv
COVID-19,Unspecified,CANADA,2020-10-31,World Health Organization COVID-19 Dashboard,2956.0,AllNationalFiltered.csv
COVID-19,Unspecified,CANADA,2020-11-01,World Health Organization COVID-19 Dashboard,3457.0,AllNationalFiltered.csv
COVID-19,Unspecified,CANADA,2020-11-02,World Health Organization COVID-19 Dashboard,3445.0,AllNationalFiltered.csv
COVID-19,Unspecified,CANADA,2020-11-03,World Health Organization COVID-19 Dashboard,3244.0,AllNationalFiltered.csv
COVID-19,Unspecified,CANADA,2020-11-04,World Health Organization COVID-19 Dashboard,3273.0,AllNationalFiltered.csv
COVID-19,Unspecified,CANADA,2020-11-05,World Health Organization COVID-19 Dashboard,2974.0,AllNationalFiltered.csv
COVID-19,Unspecified,CANADA,2020-11-06,World Health Organization COVID-19 Dashboard,3283.0,AllNationalFiltered.csv
COVID-19,Unspecified,CANADA,2020-11-07,World Health Organization COVID-19 Dashboard,3922.0,AllNationalFiltered.csv
COVID-19,Unspecified,CANADA,2020-11-08,World Health Organization COVID-19 Dashboard,3669.0,AllNationalFiltered.csv
COVID-19,Unspecified,CANADA,2020-11-09,World Health Organization COVID-19 Dashboard,4246.0,AllNationalFiltered.csv
COVID-19,Unspecified,CANADA,2020-11-10,World Health Organization COVID-19 Dashboard,4594.0,AllNationalFiltered.csv
COVID-19,Unspecified,CANADA,2020-11-11,World Health Organization COVID-19 Dashboard,4086.0,AllNationalFiltered.csv
COVID-19,Unspecified,CANADA,2020-11-12,World Health Organization COVID-19 Dashboard,4302.0,AllNationalFiltered.csv
COVID-19,Unspecified,CANADA,2020-11-13,World Health Organization COVID-19 Dashboard,4559.0,AllNationalFiltered.csv
COVID-19,Unspecified,CANADA,2020-11-14,World Health Organization COVID-19 Dashboard,4981.0,AllNationalFiltered.csv
COVID-19,Unspecified,CANADA,2020-11-15,World Health Organization COVID-19 Dashboard,4741.0,AllNationalFiltered.csv
COVID-19,Unspecified,CANADA,2020-11-16,World Health Organization COVID-19 Dashboard,5267.0,AllNationalFiltered.csv
COVID-19,Unspecified,CANADA,2020-11-17,World Health Organization COVID-19 Dashboard,4805.0,AllNationalFiltered.csv
COVID-19,Unspecified,CANADA,2020-11-18,World Health Organization COVID-19 Dashboard,4802.0,AllNationalFiltered.csv
COVID-19,Unspecified,CANADA,2020-11-19,World Health Organization COVID-19 Dashboard,4276.0,AllNationalFiltered.csv
COVID-19,Unspecified,CANADA,2020-11-20,World Health Organization COVID-19 Dashboard,4641.0,AllNationalFiltered.csv
COVID-19,Unspecified,CANADA,2020-11-21,World Health Organization COVID-19 Dashboard,4642.0,AllNationalFiltered.csv
COVID-19,Unspecified,CANADA,2020-11-22,World Health Organization COVID-19 Dashboard,4968.0,AllNationalFiltered.csv
COVID-19,Unspecified,CANADA,2020-11-23,World Health Organization COVID-19 Dashboard,5705.0,AllNationalFiltered.csv
COVID-19,Unspecified,CANADA,2020-11-24,World Health Organization COVID-19 Dashboard,5418.0,AllNationalFiltered.csv
COVID-19,Unspecified,CANADA,2020-11-25,World Health Organization COVID-19 Dashboard,5713.0,AllNationalFiltered.csv
COVID-19,Unspecified,CANADA,2020-11-26,World Health Organization COVID-19 Dashboard,4889.0,AllNationalFiltered.csv
COVID-19,Unspecified,CANADA,2020-11-27,World Health Organization COVID-19 Dashboard,5022.0,AllNationalFiltered.csv
COVID-19,Unspecified,CANADA,2020-11-28,World Health Organization COVID-19 Dashboard,5631.0,AllNationalFiltered.csv
COVID-19,Unspecified,CANADA,2020-11-29,World Health Organization COVID-19 Dashboard,5967.0,AllNationalFiltered.csv
COVID-19,Unspecified,CANADA,2020-11-30,World Health Organization COVID-19 Dashboard,6496.0,AllNationalFiltered.csv
COVID-19,Unspecified,CANADA,2020-12-01,World Health Organization COVID-19 Dashboard,6476.0,AllNationalFiltered.csv
COVID-19,Unspecified,CANADA,2020-12-02,World Health Organization COVID-19 Dashboard,6103.0,AllNationalFiltered.csv
COVID-19,Unspecified,CANADA,2020-12-03,World Health Organization COVID-19 Dashboard,5329.0,AllNationalFiltered.csv
COVID-19,Unspecified,CANADA,2020-12-04,World Health Organization COVID-19 Dashboard,6307.0,AllNationalFiltered.csv
COVID-19,Unspecified,CANADA,2020-12-05,World Health Organization COVID-19 Dashboard,6493.0,AllNationalFiltered.csv
COVID-19,Unspecified,CANADA,2020-12-06,World Health Organization COVID-19 Dashboard,6300.0,AllNationalFiltered.csv
COVID-19,Unspecified,CANADA,2020-12-07,World Health Organization COVID-19 Dashboard,6999.0,AllNationalFiltered.csv
COVID-19,Unspecified,CANADA,2020-12-08,World Health Organization COVID-19 Dashboard,6987.0,AllNationalFiltered.csv
COVID-19,Unspecified,CANADA,2020-12-09,World Health Organization COVID-19 Dashboard,6499.0,AllNationalFiltered.csv
COVID-19,Unspecified,CANADA,2020-12-10,World Health Organization COVID-19 Dashboard,5981.0,AllNationalFiltered.csv
COVID-19,Unspecified,CANADA,2020-12-11,World Health Organization COVID-19 Dashboard,6295.0,AllNationalFiltered.csv
COVID-19,Unspecified,CANADA,2020-12-12,World Health Organization COVID-19 Dashboard,6739.0,AllNationalFiltered.csv
COVID-19,Unspecified,CANADA,2020-12-13,World Health Organization COVID-19 Dashboard,6771.0,AllNationalFiltered.csv
COVID-19,Unspecified,CANADA,2020-12-14,World Health Organization COVID-19 Dashboard,6710.0,AllNationalFiltered.csv
COVID-19,Unspecified,CANADA,2020-12-15,World Health Organization COVID-19 Dashboard,6580.0,AllNationalFiltered.csv
COVID-19,Unspecified,CANADA,2020-12-16,World Health Organization COVID-19 Dashboard,6731.0,AllNationalFiltered.csv
COVID-19,Unspecified,CANADA,2020-12-17,World Health Organization COVID-19 Dashboard,6352.0,AllNationalFiltered.csv
COVID-19,Unspecified,CANADA,2020-12-18,World Health Organization COVID-19 Dashboard,6416.0,AllNationalFiltered.csv
COVID-19,Unspecified,CANADA,2020-12-19,World Health Organization COVID-19 Dashboard,7008.0,AllNationalFiltered.csv
COVID-19,Unspecified,CANADA,2020-12-20,World Health Organization COVID-19 Dashboard,6707.0,AllNationalFiltered.csv
COVID-19,Unspecified,CANADA,2020-12-21,World Health Organization COVID-19 Dashboard,6895.0,AllNationalFiltered.csv
COVID-19,Unspecified,CANADA,2020-12-22,World Health Organization COVID-19 Dashboard,6693.0,AllNationalFiltered.csv
COVID-19,Unspecified,CANADA,2020-12-23,World Health Organization COVID-19 Dashboard,6381.0,AllNationalFiltered.csv
COVID-19,Unspecified,CANADA,2020-12-24,World Health Organization COVID-19 Dashboard,6196.0,AllNationalFiltered.csv
COVID-19,Unspecified,CANADA,2020-12-25,World Health Organization COVID-19 Dashboard,6845.0,AllNationalFiltered.csv
COVID-19,Unspecified,CANADA,2020-12-26,World Health Organization COVID-19 Dashboard,6796.0,AllNationalFiltered.csv
COVID-19,Unspecified,CANADA,2020-12-27,World Health Organization COVID-19 Dashboard,4092.0,AllNationalFiltered.csv
COVID-19,Unspecified,CANADA,2020-12-28,World Health Organization COVID-19 Dashboard,8129.0,AllNationalFiltered.csv
COVID-19,Unspecified,CANADA,2020-12-29,World Health Organization COVID-19 Dashboard,5903.0,AllNationalFiltered.csv
COVID-19,Unspecified,CANADA,2020-12-30,World Health Organization COVID-19 Dashboard,5790.0,AllNationalFiltered.csv
COVID-19,Unspecified,CANADA,2020-12-31,World Health Organization COVID-19 Dashboard,6441.0,AllNationalFiltered.csv
COVID-19,Unspecified,CANADA,2021-01-01,World Health Organization COVID-19 Dashboard,7477.0,AllNationalFiltered.csv
COVID-19,Unspecified,CANADA,2021-01-02,World Health Organization COVID-19 Dashboard,8446.0,AllNationalFiltered.csv
COVID-19,Unspecified,CANADA,2021-01-03,World Health Organization COVID-19 Dashboard,7512.0,AllNationalFiltered.csv
COVID-19,Unspecified,CANADA,2021-01-04,World Health Organization COVID-19 Dashboard,7437.0,AllNationalFiltered.csv
COVID-19,Unspecified,CANADA,2021-01-05,World Health Organization COVID-19 Dashboard,7137.0,AllNationalFiltered.csv
COVID-19,Unspecified,CANADA,2021-01-06,World Health Organization COVID-19 Dashboard,7911.0,AllNationalFiltered.csv
COVID-19,Unspecified,CANADA,2021-01-07,World Health Organization COVID-19 Dashboard,7447.0,AllNationalFiltered.csv
COVID-19,Unspecified,CANADA,2021-01-08,World Health Organization COVID-19 Dashboard,8372.0,AllNationalFiltered.csv
COVID-19,Unspecified,CANADA,2021-01-09,World Health Organization COVID-19 Dashboard,8340.0,AllNationalFiltered.csv
COVID-19,Unspecified,CANADA,2021-01-10,World Health Organization COVID-19 Dashboard,8766.0,AllNationalFiltered.csv
COVID-19,Unspecified,CANADA,2021-01-11,World Health Organization COVID-19 Dashboard,8665.0,AllNationalFiltered.csv
COVID-19,Unspecified,CANADA,2021-01-12,World Health Organization COVID-19 Dashboard,8320.0,AllNationalFiltered.csv
COVID-19,Unspecified,CANADA,2021-01-13,World Health Organization COVID-19 Dashboard,6849.0,AllNationalFiltered.csv
COVID-19,Unspecified,CANADA,2021-01-14,World Health Organization COVID-19 Dashboard,6287.0,AllNationalFiltered.csv
COVID-19,Unspecified,CANADA,2021-01-15,World Health Organization COVID-19 Dashboard,6860.0,AllNationalFiltered.csv
COVID-19,Unspecified,CANADA,2021-01-16,World Health Organization COVID-19 Dashboard,7565.0,AllNationalFiltered.csv
COVID-19,Unspecified,CANADA,2021-01-17,World Health Organization COVID-19 Dashboard,6809.0,AllNationalFiltered.csv
COVID-19,Unspecified,CANADA,2021-01-18,World Health Organization COVID-19 Dashboard,7063.0,AllNationalFiltered.csv
COVID-19,Unspecified,CANADA,2021-01-19,World Health Organization COVID-19 Dashboard,7080.0,AllNationalFiltered.csv
COVID-19,Unspecified,CANADA,2021-01-20,World Health Organization COVID-19 Dashboard,5225.0,AllNationalFiltered.csv
COVID-19,Unspecified,CANADA,2021-01-21,World Health Organization COVID-19 Dashboard,4679.0,AllNationalFiltered.csv
COVID-19,Unspecified,CANADA,2021-01-22,World Health Organization COVID-19 Dashboard,5744.0,AllNationalFiltered.csv
COVID-19,Unspecified,CANADA,2021-01-23,World Health Organization COVID-19 Dashboard,5955.0,AllNationalFiltered.csv
COVID-19,Unspecified,CANADA,2021-01-24,World Health Organization COVID-19 Dashboard,5957.0,AllNationalFiltered.csv
COVID-19,Unspecified,CANADA,2021-01-25,World Health Organization COVID-19 Dashboard,5651.0,AllNationalFiltered.csv
COVID-19,Unspecified,CANADA,2021-01-26,World Health Organization COVID-19 Dashboard,5323.0,AllNationalFiltered.csv
COVID-19,Unspecified,CANADA,2021-01-27,World Health Organization COVID-19 Dashboard,4630.0,AllNationalFiltered.csv
COVID-19,Unspecified,CANADA,2021-01-28,World Health Organization COVID-19 Dashboard,4011.0,AllNationalFiltered.csv
COVID-19,Unspecified,CANADA,2021-01-29,World Health Organization COVID-19 Dashboard,4204.0,AllNationalFiltered.csv
COVID-19,Unspecified,CANADA,2021-01-30,World Health Organization COVID-19 Dashboard,4877.0,AllNationalFiltered.csv
COVID-19,Unspecified,CANADA,2021-01-31,World Health Organization COVID-19 Dashboard,4690.0,AllNationalFiltered.csv
COVID-19,Unspecified,CANADA,2021-02-01,World Health Organization COVID-19 Dashboard,4663.0,AllNationalFiltered.csv
COVID-19,Unspecified,CANADA,2021-02-02,World Health Organization COVID-19 Dashboard,4397.0,AllNationalFiltered.csv
COVID-19,Unspecified,CANADA,2021-02-03,World Health Organization COVID-19 Dashboard,3736.0,AllNationalFiltered.csv
COVID-19,Unspecified,CANADA,2021-02-04,World Health Organization COVID-19 Dashboard,2828.0,AllNationalFiltered.csv
COVID-19,Unspecified,CANADA,2021-02-05,World Health Organization COVID-19 Dashboard,3234.0,AllNationalFiltered.csv
COVID-19,Unspecified,CANADA,2021-02-06,World Health Organization COVID-19 Dashboard,4083.0,AllNationalFiltered.csv
COVID-19,Unspecified,CANADA,2021-02-07,World Health Organization COVID-19 Dashboard,4022.0,AllNationalFiltered.csv
COVID-19,Unspecified,CANADA,2021-02-08,World Health Organization COVID-19 Dashboard,3729.0,AllNationalFiltered.csv
COVID-19,Unspecified,CANADA,2021-02-09,World Health Organization COVID-19 Dashboard,3668.0,AllNationalFiltered.csv
COVID-19,Unspecified,CANADA,2021-02-10,World Health Organization COVID-19 Dashboard,2967.0,AllNationalFiltered.csv
COVID-19,Unspecified,CANADA,2021-02-11,World Health Organization COVID-19 Dashboard,2677.0,AllNationalFiltered.csv
COVID-19,Unspecified,CANADA,2021-02-12,World Health Organization COVID-19 Dashboard,3185.0,AllNationalFiltered.csv
COVID-19,Unspecified,CANADA,2021-02-13,World Health Organization COVID-19 Dashboard,3181.0,AllNationalFiltered.csv
COVID-19,Unspecified,CANADA,2021-02-14,World Health Organization COVID-19 Dashboard,3143.0,AllNationalFiltered.csv
COVID-19,Unspecified,CANADA,2021-02-15,World Health Organization COVID-19 Dashboard,3499.0,AllNationalFiltered.csv
COVID-19,Unspecified,CANADA,2021-02-16,World Health Organization COVID-19 Dashboard,2862.0,AllNationalFiltered.csv
COVID-19,Unspecified,CANADA,2021-02-17,World Health Organization COVID-19 Dashboard,2522.0,AllNationalFiltered.csv
COVID-19,Unspecified,CANADA,2021-02-18,World Health Organization COVID-19 Dashboard,2387.0,AllNationalFiltered.csv
COVID-19,Unspecified,CANADA,2021-02-19,World Health Organization COVID-19 Dashboard,2605.0,AllNationalFiltered.csv
COVID-19,Unspecified,CANADA,2021-02-20,World Health Organization COVID-19 Dashboard,3314.0,AllNationalFiltered.csv
COVID-19,Unspecified,CANADA,2021-02-21,World Health Organization COVID-19 Dashboard,3091.0,AllNationalFiltered.csv
COVID-19,Unspecified,CANADA,2021-02-22,World Health Organization COVID-19 Dashboard,3219.0,AllNationalFiltered.csv
COVID-19,Unspecified,CANADA,2021-02-23,World Health Organization COVID-19 Dashboard,2825.0,AllNationalFiltered.csv
COVID-19,Unspecified,CANADA,2021-02-24,World Health Organization COVID-19 Dashboard,2878.0,AllNationalFiltered.csv
COVID-19,Unspecified,CANADA,2021-02-25,World Health Organization COVID-19 Dashboard,2790.0,AllNationalFiltered.csv
COVID-19,Unspecified,CANADA,2021-02-26,World Health Organization COVID-19 Dashboard,2896.0,AllNationalFiltered.csv
COVID-19,Unspecified,CANADA,2021-02-27,World Health Organization COVID-19 Dashboard,3134.0,AllNationalFiltered.csv
COVID-19,Unspecified,CANADA,2021-02-28,World Health Organization COVID-19 Dashboard,3219.0,AllNationalFiltered.csv
COVID-19,Unspecified,CANADA,2021-03-01,World Health Organization COVID-19 Dashboard,3295.0,AllNationalFiltered.csv
COVID-19,Unspecified,CANADA,2021-03-02,World Health Organization COVID-19 Dashboard,2852.0,AllNationalFiltered.csv
COVID-19,Unspecified,CANADA,2021-03-03,World Health Organization COVID-19 Dashboard,2596.0,AllNationalFiltered.csv
COVID-19,Unspecified,CANADA,2021-03-04,World Health Organization COVID-19 Dashboard,2457.0,AllNationalFiltered.csv
COVID-19,Unspecified,CANADA,2021-03-05,World Health Organization COVID-19 Dashboard,2812.0,AllNationalFiltered.csv
COVID-19,Unspecified,CANADA,2021-03-06,World Health Organization COVID-19 Dashboard,2832.0,AllNationalFiltered.csv
COVID-19,Unspecified,CANADA,2021-03-07,World Health Organization COVID-19 Dashboard,3363.0,AllNationalFiltered.csv
COVID-19,Unspecified,CANADA,2021-03-08,World Health Organization COVID-19 Dashboard,2876.0,AllNationalFiltered.csv
COVID-19,Unspecified,CANADA,2021-03-09,World Health Organization COVID-19 Dashboard,3025.0,AllNationalFiltered.csv
COVID-19,Unspecified,CANADA,2021-03-10,World Health Organization COVID-19 Dashboard,3037.0,AllNationalFiltered.csv
COVID-19,Unspecified,CANADA,2021-03-11,World Health Organization COVID-19 Dashboard,2820.0,AllNationalFiltered.csv
COVID-19,Unspecified,CANADA,2021-03-12,World Health Organization COVID-19 Dashboard,3223.0,AllNationalFiltered.csv
COVID-19,Unspecified,CANADA,2021-03-13,World Health Organization COVID-19 Dashboard,3022.0,AllNationalFiltered.csv
COVID-19,Unspecified,CANADA,2021-03-14,World Health Organization COVID-19 Dashboard,3459.0,AllNationalFiltered.csv
COVID-19,Unspecified,CANADA,2021-03-15,World Health Organization COVID-19 Dashboard,3539.0,AllNationalFiltered.csv
COVID-19,Unspecified,CANADA,2021-03-16,World Health Organization COVID-19 Dashboard,3445.0,AllNationalFiltered.csv
COVID-19,Unspecified,CANADA,2021-03-17,World Health Organization COVID-19 Dashboard,2846.0,AllNationalFiltered.csv
COVID-19,Unspecified,CANADA,2021-03-18,World Health Organization COVID-19 Dashboard,2819.0,AllNationalFiltered.csv
COVID-19,Unspecified,CANADA,2021-03-19,World Health Organization COVID-19 Dashboard,3384.0,AllNationalFiltered.csv
COVID-19,Unspecified,CANADA,2021-03-20,World Health Organization COVID-19 Dashboard,3599.0,AllNationalFiltered.csv
COVID-19,Unspecified,CANADA,2021-03-21,World Health Organization COVID-19 Dashboard,4214.0,AllNationalFiltered.csv
COVID-19,Unspecified,CANADA,2021-03-22,World Health Organization COVID-19 Dashboard,4010.0,AllNationalFiltered.csv
COVID-19,Unspecified,CANADA,2021-03-23,World Health Organization COVID-19 Dashboard,3866.0,AllNationalFiltered.csv
COVID-19,Unspecified,CANADA,2021-03-24,World Health Organization COVID-19 Dashboard,3775.0,AllNationalFiltered.csv
COVID-19,Unspecified,CANADA,2021-03-25,World Health Organization COVID-19 Dashboard,3606.0,AllNationalFiltered.csv
COVID-19,Unspecified,CANADA,2021-03-26,World Health Organization COVID-19 Dashboard,4041.0,AllNationalFiltered.csv
COVID-19,Unspecified,CANADA,2021-03-27,World Health Organization COVID-19 Dashboard,5200.0,AllNationalFiltered.csv
COVID-19,Unspecified,CANADA,2021-03-28,World Health Organization COVID-19 Dashboard,5095.0,AllNationalFiltered.csv
COVID-19,Unspecified,CANADA,2021-03-29,World Health Organization COVID-19 Dashboard,5364.0,AllNationalFiltered.csv
COVID-19,Unspecified,CANADA,2021-03-30,World Health Organization COVID-19 Dashboard,5126.0,AllNationalFiltered.csv
COVID-19,Unspecified,CANADA,2021-03-31,World Health Organization COVID-19 Dashboard,4574.0,AllNationalFiltered.csv
COVID-19,Unspecified,CANADA,2021-04-01,World Health Organization COVID-19 Dashboard,4878.0,AllNationalFiltered.csv
COVID-19,Unspecified,CANADA,2021-04-02,World Health Organization COVID-19 Dashboard,5513.0,AllNationalFiltered.csv
COVID-19,Unspecified,CANADA,2021-04-03,World Health Organization COVID-19 Dashboard,5805.0,AllNationalFiltered.csv
COVID-19,Unspecified,CANADA,2021-04-04,World Health Organization COVID-19 Dashboard,6921.0,AllNationalFiltered.csv
COVID-19,Unspecified,CANADA,2021-04-05,World Health Organization COVID-19 Dashboard,6822.0,AllNationalFiltered.csv
COVID-19,Unspecified,CANADA,2021-04-06,World Health Organization COVID-19 Dashboard,6448.0,AllNationalFiltered.csv
COVID-19,Unspecified,CANADA,2021-04-07,World Health Organization COVID-19 Dashboard,6267.0,AllNationalFiltered.csv
COVID-19,Unspecified,CANADA,2021-04-08,World Health Organization COVID-19 Dashboard,6520.0,AllNationalFiltered.csv
COVID-19,Unspecified,CANADA,2021-04-09,World Health Organization COVID-19 Dashboard,7146.0,AllNationalFiltered.csv
COVID-19,Unspecified,CANADA,2021-04-10,World Health Organization COVID-19 Dashboard,7995.0,AllNationalFiltered.csv
COVID-19,Unspecified,CANADA,2021-04-11,World Health Organization COVID-19 Dashboard,9243.0,AllNationalFiltered.csv
COVID-19,Unspecified,CANADA,2021-04-12,World Health Organization COVID-19 Dashboard,8542.0,AllNationalFiltered.csv
COVID-19,Unspecified,CANADA,2021-04-13,World Health Organization COVID-19 Dashboard,8656.0,AllNationalFiltered.csv
COVID-19,Unspecified,CANADA,2021-04-14,World Health Organization COVID-19 Dashboard,8539.0,AllNationalFiltered.csv
COVID-19,Unspecified,CANADA,2021-04-15,World Health Organization COVID-19 Dashboard,7542.0,AllNationalFiltered.csv
COVID-19,Unspecified,CANADA,2021-04-16,World Health Organization COVID-19 Dashboard,8598.0,AllNationalFiltered.csv
COVID-19,Unspecified,CANADA,2021-04-17,World Health Organization COVID-19 Dashboard,9570.0,AllNationalFiltered.csv
COVID-19,Unspecified,CANADA,2021-04-18,World Health Organization COVID-19 Dashboard,9341.0,AllNationalFiltered.csv
COVID-19,Unspecified,CANADA,2021-04-19,World Health Organization COVID-19 Dashboard,8867.0,AllNationalFiltered.csv
COVID-19,Unspecified,CANADA,2021-04-20,World Health Organization COVID-19 Dashboard,8524.0,AllNationalFiltered.csv
COVID-19,Unspecified,CANADA,2021-04-21,World Health Organization COVID-19 Dashboard,8311.0,AllNationalFiltered.csv
COVID-19,Unspecified,CANADA,2021-04-22,World Health Organization COVID-19 Dashboard,7275.0,AllNationalFiltered.csv
COVID-19,Unspecified,CANADA,2021-04-23,World Health Organization COVID-19 Dashboard,8419.0,AllNationalFiltered.csv
COVID-19,Unspecified,CANADA,2021-04-24,World Health Organization COVID-19 Dashboard,8381.0,AllNationalFiltered.csv
COVID-19,Unspecified,CANADA,2021-04-25,World Health Organization COVID-19 Dashboard,8738.0,AllNationalFiltered.csv
COVID-19,Unspecified,CANADA,2021-04-26,World Health Organization COVID-19 Dashboard,8305.0,AllNationalFiltered.csv
COVID-19,Unspecified,CANADA,2021-04-27,World Health Organization COVID-19 Dashboard,7829.0,AllNationalFiltered.csv
COVID-19,Unspecified,CANADA,2021-04-28,World Health Organization COVID-19 Dashboard,7203.0,AllNationalFiltered.csv
COVID-19,Unspecified,CANADA,2021-04-29,World Health Organization COVID-19 Dashboard,7069.0,AllNationalFiltered.csv
COVID-19,Unspecified,CANADA,2021-04-30,World Health Organization COVID-19 Dashboard,7749.0,AllNationalFiltered.csv
COVID-19,Unspecified,CANADA,2021-05-01,World Health Organization COVID-19 Dashboard,8343.0,AllNationalFiltered.csv
COVID-19,Unspecified,CANADA,2021-05-02,World Health Organization COVID-19 Dashboard,8340.0,AllNationalFiltered.csv
COVID-19,Unspecified,CANADA,2021-05-03,World Health Organization COVID-19 Dashboard,8450.0,AllNationalFiltered.csv
COVID-19,Unspecified,CANADA,2021-05-04,World Health Organization COVID-19 Dashboard,7828.0,AllNationalFiltered.csv
COVID-19,Unspecified,CANADA,2021-05-05,World Health Organization COVID-19 Dashboard,7565.0,AllNationalFiltered.csv
COVID-19,Unspecified,CANADA,2021-05-06,World Health Organization COVID-19 Dashboard,6688.0,AllNationalFiltered.csv
COVID-19,Unspecified,CANADA,2021-05-07,World Health Organization COVID-19 Dashboard,7390.0,AllNationalFiltered.csv
COVID-19,Unspecified,CANADA,2021-05-08,World Health Organization COVID-19 Dashboard,8001.0,AllNationalFiltered.csv
COVID-19,Unspecified,CANADA,2021-05-09,World Health Organization COVID-19 Dashboard,7826.0,AllNationalFiltered.csv
COVID-19,Unspecified,CANADA,2021-05-10,World Health Organization COVID-19 Dashboard,7398.0,AllNationalFiltered.csv
COVID-19,Unspecified,CANADA,2021-05-11,World Health Organization COVID-19 Dashboard,7297.0,AllNationalFiltered.csv
COVID-19,Unspecified,CANADA,2021-05-12,World Health Organization COVID-19 Dashboard,6338.0,AllNationalFiltered.csv
COVID-19,Unspecified,CANADA,2021-05-13,World Health Organization COVID-19 Dashboard,5382.0,AllNationalFiltered.csv
COVID-19,Unspecified,CANADA,2021-05-14,World Health Organization COVID-19 Dashboard,6212.0,AllNationalFiltered.csv
COVID-19,Unspecified,CANADA,2021-05-15,World Health Organization COVID-19 Dashboard,6619.0,AllNationalFiltered.csv
COVID-19,Unspecified,CANADA,2021-05-16,World Health Organization COVID-19 Dashboard,6000.0,AllNationalFiltered.csv
COVID-19,Unspecified,CANADA,2021-05-17,World Health Organization COVID-19 Dashboard,5710.0,AllNationalFiltered.csv
COVID-19,Unspecified,CANADA,2021-05-18,World Health Organization COVID-19 Dashboard,5396.0,AllNationalFiltered.csv
COVID-19,Unspecified,CANADA,2021-05-19,World Health Organization COVID-19 Dashboard,4588.0,AllNationalFiltered.csv
COVID-19,Unspecified,CANADA,2021-05-20,World Health Organization COVID-19 Dashboard,4034.0,AllNationalFiltered.csv
COVID-19,Unspecified,CANADA,2021-05-21,World Health Organization COVID-19 Dashboard,4247.0,AllNationalFiltered.csv
COVID-19,Unspecified,CANADA,2021-05-22,World Health Organization COVID-19 Dashboard,5052.0,AllNationalFiltered.csv
COVID-19,Unspecified,CANADA,2021-05-23,World Health Organization COVID-19 Dashboard,4682.0,AllNationalFiltered.csv
COVID-19,Unspecified,CANADA,2021-05-24,World Health Organization COVID-19 Dashboard,4000.0,AllNationalFiltered.csv
COVID-19,Unspecified,CANADA,2021-05-25,World Health Organization COVID-19 Dashboard,3738.0,AllNationalFiltered.csv
COVID-19,Unspecified,CANADA,2021-05-26,World Health Organization COVID-19 Dashboard,3151.0,AllNationalFiltered.csv
COVID-19,Unspecified,CANADA,2021-05-27,World Health Organization COVID-19 Dashboard,2502.0,AllNationalFiltered.csv
COVID-19,Unspecified,CANADA,2021-05-28,World Health Organization COVID-19 Dashboard,2592.0,AllNationalFiltered.csv
COVID-19,Unspecified,CANADA,2021-05-29,World Health Organization COVID-19 Dashboard,2965.0,AllNationalFiltered.csv
COVID-19,Unspecified,CANADA,2021-05-30,World Health Organization COVID-19 Dashboard,3204.0,AllNationalFiltered.csv
COVID-19,Unspecified,CANADA,2021-05-31,World Health Organization COVID-19 Dashboard,2718.0,AllNationalFiltered.csv
COVID-19,Unspecified,CANADA,2021-06-01,World Health Organization COVID-19 Dashboard,2473.0,AllNationalFiltered.csv
COVID-19,Unspecified,CANADA,2021-06-02,World Health Organization COVID-19 Dashboard,2109.0,AllNationalFiltered.csv
COVID-19,Unspecified,CANADA,2021-06-03,World Health Organization COVID-19 Dashboard,1638.0,AllNationalFiltered.csv
COVID-19,Unspecified,CANADA,2021-06-04,World Health Organization COVID-19 Dashboard,2062.0,AllNationalFiltered.csv
COVID-19,Unspecified,CANADA,2021-06-05,World Health Organization COVID-19 Dashboard,2169.0,AllNationalFiltered.csv
COVID-19,Unspecified,CANADA,2021-06-06,World Health Organization COVID-19 Dashboard,2060.0,AllNationalFiltered.csv
COVID-19,Unspecified,CANADA,2021-06-07,World Health Organization COVID-19 Dashboard,1887.0,AllNationalFiltered.csv
COVID-19,Unspecified,CANADA,2021-06-08,World Health Organization COVID-19 Dashboard,1521.0,AllNationalFiltered.csv
COVID-19,Unspecified,CANADA,2021-06-09,World Health Organization COVID-19 Dashboard,1232.0,AllNationalFiltered.csv
COVID-19,Unspecified,CANADA,2021-06-10,World Health Organization COVID-19 Dashboard,1268.0,AllNationalFiltered.csv
COVID-19,Unspecified,CANADA,2021-06-11,World Health Organization COVID-19 Dashboard,1403.0,AllNationalFiltered.csv
COVID-19,Unspecified,CANADA,2021-06-12,World Health Organization COVID-19 Dashboard,1479.0,AllNationalFiltered.csv
COVID-19,Unspecified,CANADA,2021-06-13,World Health Organization COVID-19 Dashboard,1425.0,AllNationalFiltered.csv
COVID-19,Unspecified,CANADA,2021-06-14,World Health Organization COVID-19 Dashboard,1385.0,AllNationalFiltered.csv
COVID-19,Unspecified,CANADA,2021-06-15,World Health Organization COVID-19 Dashboard,1233.0,AllNationalFiltered.csv
COVID-19,Unspecified,CANADA,2021-06-16,World Health Organization COVID-19 Dashboard,949.0,AllNationalFiltered.csv
COVID-19,Unspecified,CANADA,2021-06-17,World Health Organization COVID-19 Dashboard,807.0,AllNationalFiltered.csv
COVID-19,Unspecified,CANADA,2021-06-18,World Health Organization COVID-19 Dashboard,1048.0,AllNationalFiltered.csv
COVID-19,Unspecified,CANADA,2021-06-19,World Health Organization COVID-19 Dashboard,1107.0,AllNationalFiltered.csv
COVID-19,Unspecified,CANADA,2021-06-20,World Health Organization COVID-19 Dashboard,1012.0,AllNationalFiltered.csv
COVID-19,Unspecified,CANADA,2021-06-21,World Health Organization COVID-19 Dashboard,959.0,AllNationalFiltered.csv
COVID-19,Unspecified,CANADA,2021-06-22,World Health Organization COVID-19 Dashboard,802.0,AllNationalFiltered.csv
COVID-19,Unspecified,CANADA,2021-06-23,World Health Organization COVID-19 Dashboard,560.0,AllNationalFiltered.csv
COVID-19,Unspecified,CANADA,2021-06-24,World Health Organization COVID-19 Dashboard,621.0,AllNationalFiltered.csv
COVID-19,Unspecified,CANADA,2021-06-25,World Health Organization COVID-19 Dashboard,725.0,AllNationalFiltered.csv
COVID-19,Unspecified,CANADA,2021-06-26,World Health Organization COVID-19 Dashboard,708.0,AllNationalFiltered.csv
COVID-19,Unspecified,CANADA,2021-06-27,World Health Organization COVID-19 Dashboard,668.0,AllNationalFiltered.csv
COVID-19,Unspecified,CANADA,2021-06-28,World Health Organization COVID-19 Dashboard,668.0,AllNationalFiltered.csv
COVID-19,Unspecified,CANADA,2021-06-29,World Health Organization COVID-19 Dashboard,505.0,AllNationalFiltered.csv
COVID-19,Unspecified,CANADA,2021-06-30,World Health Organization COVID-19 Dashboard,660.0,AllNationalFiltered.csv
COVID-19,Unspecified,CANADA,2021-07-01,World Health Organization COVID-19 Dashboard,602.0,AllNationalFiltered.csv
COVID-19,Unspecified,CANADA,2021-07-02,World Health Organization COVID-19 Dashboard,548.0,AllNationalFiltered.csv
COVID-19,Unspecified,CANADA,2021-07-03,World Health Organization COVID-19 Dashboard,604.0,AllNationalFiltered.csv
COVID-19,Unspecified,CANADA,2021-07-04,World Health Organization COVID-19 Dashboard,428.0,AllNationalFiltered.csv
COVID-19,Unspecified,CANADA,2021-07-05,World Health Organization COVID-19 Dashboard,416.0,AllNationalFiltered.csv
COVID-19,Unspecified,CANADA,2021-07-06,World Health Organization COVID-19 Dashboard,524.0,AllNationalFiltered.csv
COVID-19,Unspecified,CANADA,2021-07-07,World Health Organization COVID-19 Dashboard,379.0,AllNationalFiltered.csv
COVID-19,Unspecified,CANADA,2021-07-08,World Health Organization COVID-19 Dashboard,438.0,AllNationalFiltered.csv
COVID-19,Unspecified,CANADA,2021-07-09,World Health Organization COVID-19 Dashboard,554.0,AllNationalFiltered.csv
COVID-19,Unspecified,CANADA,2021-07-10,World Health Organization COVID-19 Dashboard,567.0,AllNationalFiltered.csv
COVID-19,Unspecified,CANADA,2021-07-11,World Health Organization COVID-19 Dashboard,770.0,AllNationalFiltered.csv
COVID-19,Unspecified,CANADA,2021-07-12,World Health Organization COVID-19 Dashboard,391.0,AllNationalFiltered.csv
COVID-19,Unspecified,CANADA,2021-07-13,World Health Organization COVID-19 Dashboard,475.0,AllNationalFiltered.csv
COVID-19,Unspecified,CANADA,2021-07-14,World Health Organization COVID-19 Dashboard,272.0,AllNationalFiltered.csv
COVID-19,Unspecified,CANADA,2021-07-15,World Health Organization COVID-19 Dashboard,336.0,AllNationalFiltered.csv
COVID-19,Unspecified,CANADA,2021-07-16,World Health Organization COVID-19 Dashboard,381.0,AllNationalFiltered.csv
COVID-19,Unspecified,CANADA,2021-07-17,World Health Organization COVID-19 Dashboard,425.0,AllNationalFiltered.csv
COVID-19,Unspecified,CANADA,2021-07-18,World Health Organization COVID-19 Dashboard,397.0,AllNationalFiltered.csv
COVID-19,Unspecified,CANADA,2021-07-19,World Health Organization COVID-19 Dashboard,380.0,AllNationalFiltered.csv
COVID-19,Unspecified,CANADA,2021-07-20,World Health Organization COVID-19 Dashboard,498.0,AllNationalFiltered.csv
COVID-19,Unspecified,CANADA,2021-07-21,World Health Organization COVID-19 Dashboard,265.0,AllNationalFiltered.csv
COVID-19,Unspecified,CANADA,2021-07-22,World Health Organization COVID-19 Dashboard,339.0,AllNationalFiltered.csv
COVID-19,Unspecified,CANADA,2021-07-23,World Health Organization COVID-19 Dashboard,400.0,AllNationalFiltered.csv
COVID-19,Unspecified,CANADA,2021-07-24,World Health Organization COVID-19 Dashboard,570.0,AllNationalFiltered.csv
COVID-19,Unspecified,CANADA,2021-07-25,World Health Organization COVID-19 Dashboard,618.0,AllNationalFiltered.csv
COVID-19,Unspecified,CANADA,2021-07-26,World Health Organization COVID-19 Dashboard,517.0,AllNationalFiltered.csv
COVID-19,Unspecified,CANADA,2021-07-27,World Health Organization COVID-19 Dashboard,675.0,AllNationalFiltered.csv
COVID-19,Unspecified,CANADA,2021-07-28,World Health Organization COVID-19 Dashboard,436.0,AllNationalFiltered.csv
COVID-19,Unspecified,CANADA,2021-07-29,World Health Organization COVID-19 Dashboard,578.0,AllNationalFiltered.csv
COVID-19,Unspecified,CANADA,2021-07-30,World Health Organization COVID-19 Dashboard,765.0,AllNationalFiltered.csv
COVID-19,Unspecified,CANADA,2021-07-31,World Health Organization COVID-19 Dashboard,894.0,AllNationalFiltered.csv
COVID-19,Unspecified,BRAZIL,2020-01-04,World Health Organization COVID-19 Dashboard,0.0,AllNationalFiltered.csv
COVID-19,Unspecified,BRAZIL,2020-01-05,World Health Organization COVID-19 Dashboard,0.0,AllNationalFiltered.csv
COVID-19,Unspecified,BRAZIL,2020-01-06,World Health Organization COVID-19 Dashboard,0.0,AllNationalFiltered.csv
COVID-19,Unspecified,BRAZIL,2020-01-07,World Health Organization COVID-19 Dashboard,0.0,AllNationalFiltered.csv
COVID-19,Unspecified,BRAZIL,2020-01-08,World Health Organization COVID-19 Dashboard,0.0,AllNationalFiltered.csv
COVID-19,Unspecified,BRAZIL,2020-01-09,World Health Organization COVID-19 Dashboard,0.0,AllNationalFiltered.csv
COVID-19,Unspecified,BRAZIL,2020-01-10,World Health Organization COVID-19 Dashboard,0.0,AllNationalFiltered.csv
COVID-19,Unspecified,BRAZIL,2020-01-11,World Health Organization COVID-19 Dashboard,0.0,AllNationalFiltered.csv
COVID-19,Unspecified,BRAZIL,2020-01-12,World Health Organization COVID-19 Dashboard,0.0,AllNationalFiltered.csv
COVID-19,Unspecified,BRAZIL,2020-01-13,World Health Organization COVID-19 Dashboard,0.0,AllNationalFiltered.csv
COVID-19,Unspecified,BRAZIL,2020-01-14,World Health Organization COVID-19 Dashboard,0.0,AllNationalFiltered.csv
COVID-19,Unspecified,BRAZIL,2020-01-15,World Health Organization COVID-19 Dashboard,0.0,AllNationalFiltered.csv
COVID-19,Unspecified,BRAZIL,2020-01-16,World Health Organization COVID-19 Dashboard,0.0,AllNationalFiltered.csv
COVID-19,Unspecified,BRAZIL,2020-01-17,World Health Organization COVID-19 Dashboard,0.0,AllNationalFiltered.csv
COVID-19,Unspecified,BRAZIL,2020-01-18,World Health Organization COVID-19 Dashboard,0.0,AllNationalFiltered.csv
COVID-19,Unspecified,BRAZIL,2020-01-19,World Health Organization COVID-19 Dashboard,0.0,AllNationalFiltered.csv
COVID-19,Unspecified,BRAZIL,2020-01-20,World Health Organization COVID-19 Dashboard,0.0,AllNationalFiltered.csv
COVID-19,Unspecified,BRAZIL,2020-01-21,World Health Organization COVID-19 Dashboard,0.0,AllNationalFiltered.csv
COVID-19,Unspecified,BRAZIL,2020-01-22,World Health Organization COVID-19 Dashboard,0.0,AllNationalFiltered.csv
COVID-19,Unspecified,BRAZIL,2020-01-23,World Health Organization COVID-19 Dashboard,0.0,AllNationalFiltered.csv
COVID-19,Unspecified,BRAZIL,2020-01-24,World Health Organization COVID-19 Dashboard,0.0,AllNationalFiltered.csv
COVID-19,Unspecified,BRAZIL,2020-01-25,World Health Organization COVID-19 Dashboard,0.0,AllNationalFiltered.csv
COVID-19,Unspecified,BRAZIL,2020-01-26,World Health Organization COVID-19 Dashboard,0.0,AllNationalFiltered.csv
COVID-19,Unspecified,BRAZIL,2020-01-27,World Health Organization COVID-19 Dashboard,0.0,AllNationalFiltered.csv
COVID-19,Unspecified,BRAZIL,2020-01-28,World Health Organization COVID-19 Dashboard,0.0,AllNationalFiltered.csv
COVID-19,Unspecified,BRAZIL,2020-01-29,World Health Organization COVID-19 Dashboard,0.0,AllNationalFiltered.csv
COVID-19,Unspecified,BRAZIL,2020-01-30,World Health Organization COVID-19 Dashboard,0.0,AllNationalFiltered.csv
COVID-19,Unspecified,BRAZIL,2020-01-31,World Health Organization COVID-19 Dashboard,0.0,AllNationalFiltered.csv
COVID-19,Unspecified,BRAZIL,2020-02-01,World Health Organization COVID-19 Dashboard,0.0,AllNationalFiltered.csv
COVID-19,Unspecified,BRAZIL,2020-02-02,World Health Organization COVID-19 Dashboard,0.0,AllNationalFiltered.csv
COVID-19,Unspecified,BRAZIL,2020-02-03,World Health Organization COVID-19 Dashboard,0.0,AllNationalFiltered.csv
COVID-19,Unspecified,BRAZIL,2020-02-04,World Health Organization COVID-19 Dashboard,0.0,AllNationalFiltered.csv
COVID-19,Unspecified,BRAZIL,2020-02-05,World Health Organization COVID-19 Dashboard,0.0,AllNationalFiltered.csv
COVID-19,Unspecified,BRAZIL,2020-02-06,World Health Organization COVID-19 Dashboard,0.0,AllNationalFiltered.csv
COVID-19,Unspecified,BRAZIL,2020-02-07,World Health Organization COVID-19 Dashboard,0.0,AllNationalFiltered.csv
COVID-19,Unspecified,BRAZIL,2020-02-08,World Health Organization COVID-19 Dashboard,0.0,AllNationalFiltered.csv
COVID-19,Unspecified,BRAZIL,2020-02-09,World Health Organization COVID-19 Dashboard,0.0,AllNationalFiltered.csv
COVID-19,Unspecified,BRAZIL,2020-02-10,World Health Organization COVID-19 Dashboard,0.0,AllNationalFiltered.csv
COVID-19,Unspecified,BRAZIL,2020-02-11,World Health Organization COVID-19 Dashboard,0.0,AllNationalFiltered.csv
COVID-19,Unspecified,BRAZIL,2020-02-12,World Health Organization COVID-19 Dashboard,0.0,AllNationalFiltered.csv
COVID-19,Unspecified,BRAZIL,2020-02-13,World Health Organization COVID-19 Dashboard,0.0,AllNationalFiltered.csv
COVID-19,Unspecified,BRAZIL,2020-02-14,World Health Organization COVID-19 Dashboard,0.0,AllNationalFiltered.csv
COVID-19,Unspecified,BRAZIL,2020-02-15,World Health Organization COVID-19 Dashboard,0.0,AllNationalFiltered.csv
COVID-19,Unspecified,BRAZIL,2020-02-16,World Health Organization COVID-19 Dashboard,0.0,AllNationalFiltered.csv
COVID-19,Unspecified,BRAZIL,2020-02-17,World Health Organization COVID-19 Dashboard,0.0,AllNationalFiltered.csv
COVID-19,Unspecified,BRAZIL,2020-02-18,World Health Organization COVID-19 Dashboard,0.0,AllNationalFiltered.csv
COVID-19,Unspecified,BRAZIL,2020-02-19,World Health Organization COVID-19 Dashboard,0.0,AllNationalFiltered.csv
COVID-19,Unspecified,BRAZIL,2020-02-20,World Health Organization COVID-19 Dashboard,0.0,AllNationalFiltered.csv
COVID-19,Unspecified,BRAZIL,2020-02-21,World Health Organization COVID-19 Dashboard,0.0,AllNationalFiltered.csv
COVID-19,Unspecified,BRAZIL,2020-02-22,World Health Organization COVID-19 Dashboard,0.0,AllNationalFiltered.csv
COVID-19,Unspecified,BRAZIL,2020-02-23,World Health Organization COVID-19 Dashboard,0.0,AllNationalFiltered.csv
COVID-19,Unspecified,BRAZIL,2020-02-24,World Health Organization COVID-19 Dashboard,0.0,AllNationalFiltered.csv
COVID-19,Unspecified,BRAZIL,2020-02-25,World Health Organization COVID-19 Dashboard,0.0,AllNationalFiltered.csv
COVID-19,Unspecified,BRAZIL,2020-02-26,World Health Organization COVID-19 Dashboard,0.0,AllNationalFiltered.csv
COVID-19,Unspecified,BRAZIL,2020-02-27,World Health Organization COVID-19 Dashboard,1.0,AllNationalFiltered.csv
COVID-19,Unspecified,BRAZIL,2020-02-28,World Health Organization COVID-19 Dashboard,0.0,AllNationalFiltered.csv
COVID-19,Unspecified,BRAZIL,2020-02-29,World Health Organization COVID-19 Dashboard,0.0,AllNationalFiltered.csv
COVID-19,Unspecified,BRAZIL,2020-03-01,World Health Organization COVID-19 Dashboard,0.0,AllNationalFiltered.csv
COVID-19,Unspecified,BRAZIL,2020-03-02,World Health Organization COVID-19 Dashboard,1.0,AllNationalFiltered.csv
COVID-19,Unspecified,BRAZIL,2020-03-03,World Health Organization COVID-19 Dashboard,0.0,AllNationalFiltered.csv
COVID-19,Unspecified,BRAZIL,2020-03-04,World Health Organization COVID-19 Dashboard,0.0,AllNationalFiltered.csv
COVID-19,Unspecified,BRAZIL,2020-03-05,World Health Organization COVID-19 Dashboard,0.0,AllNationalFiltered.csv
COVID-19,Unspecified,BRAZIL,2020-03-06,World Health Organization COVID-19 Dashboard,1.0,AllNationalFiltered.csv
COVID-19,Unspecified,BRAZIL,2020-03-07,World Health Organization COVID-19 Dashboard,5.0,AllNationalFiltered.csv
COVID-19,Unspecified,BRAZIL,2020-03-08,World Health Organization COVID-19 Dashboard,5.0,AllNationalFiltered.csv
COVID-19,Unspecified,BRAZIL,2020-03-09,World Health Organization COVID-19 Dashboard,6.0,AllNationalFiltered.csv
COVID-19,Unspecified,BRAZIL,2020-03-10,World Health Organization COVID-19 Dashboard,6.0,AllNationalFiltered.csv
COVID-19,Unspecified,BRAZIL,2020-03-11,World Health Organization COVID-19 Dashboard,0.0,AllNationalFiltered.csv
COVID-19,Unspecified,BRAZIL,2020-03-12,World Health Organization COVID-19 Dashboard,9.0,AllNationalFiltered.csv
COVID-19,Unspecified,BRAZIL,2020-03-13,World Health Organization COVID-19 Dashboard,26.0,AllNationalFiltered.csv
COVID-19,Unspecified,BRAZIL,2020-03-14,World Health Organization COVID-19 Dashboard,17.0,AllNationalFiltered.csv
COVID-19,Unspecified,BRAZIL,2020-03-15,World Health Organization COVID-19 Dashboard,7.0,AllNationalFiltered.csv
COVID-19,Unspecified,BRAZIL,2020-03-16,World Health Organization COVID-19 Dashboard,37.0,AllNationalFiltered.csv
COVID-19,Unspecified,BRAZIL,2020-03-17,World Health Organization COVID-19 Dashboard,79.0,AllNationalFiltered.csv
COVID-19,Unspecified,BRAZIL,2020-03-18,World Health Organization COVID-19 Dashboard,34.0,AllNationalFiltered.csv
COVID-19,Unspecified,BRAZIL,2020-03-19,World Health Organization COVID-19 Dashboard,57.0,AllNationalFiltered.csv
COVID-19,Unspecified,BRAZIL,2020-03-20,World Health Organization COVID-19 Dashboard,137.0,AllNationalFiltered.csv
COVID-19,Unspecified,BRAZIL,2020-03-21,World Health Organization COVID-19 Dashboard,0.0,AllNationalFiltered.csv
COVID-19,Unspecified,BRAZIL,2020-03-22,World Health Organization COVID-19 Dashboard,476.0,AllNationalFiltered.csv
COVID-19,Unspecified,BRAZIL,2020-03-23,World Health Organization COVID-19 Dashboard,0.0,AllNationalFiltered.csv
COVID-19,Unspecified,BRAZIL,2020-03-24,World Health Organization COVID-19 Dashboard,642.0,AllNationalFiltered.csv
COVID-19,Unspecified,BRAZIL,2020-03-25,World Health Organization COVID-19 Dashboard,345.0,AllNationalFiltered.csv
COVID-19,Unspecified,BRAZIL,2020-03-26,World Health Organization COVID-19 Dashboard,310.0,AllNationalFiltered.csv
COVID-19,Unspecified,BRAZIL,2020-03-27,World Health Organization COVID-19 Dashboard,232.0,AllNationalFiltered.csv
COVID-19,Unspecified,BRAZIL,2020-03-28,World Health Organization COVID-19 Dashboard,482.0,AllNationalFiltered.csv
COVID-19,Unspecified,BRAZIL,2020-03-29,World Health Organization COVID-19 Dashboard,502.0,AllNationalFiltered.csv
COVID-19,Unspecified,BRAZIL,2020-03-30,World Health Organization COVID-19 Dashboard,486.0,AllNationalFiltered.csv
COVID-19,Unspecified,BRAZIL,2020-03-31,World Health Organization COVID-19 Dashboard,353.0,AllNationalFiltered.csv
COVID-19,Unspecified,BRAZIL,2020-04-01,World Health Organization COVID-19 Dashboard,323.0,AllNationalFiltered.csv
COVID-19,Unspecified,BRAZIL,2020-04-02,World Health Organization COVID-19 Dashboard,1138.0,AllNationalFiltered.csv
COVID-19,Unspecified,BRAZIL,2020-04-03,World Health Organization COVID-19 Dashboard,1119.0,AllNationalFiltered.csv
COVID-19,Unspecified,BRAZIL,2020-04-04,World Health Organization COVID-19 Dashboard,1074.0,AllNationalFiltered.csv
COVID-19,Unspecified,BRAZIL,2020-04-05,World Health Organization COVID-19 Dashboard,1146.0,AllNationalFiltered.csv
COVID-19,Unspecified,BRAZIL,2020-04-06,World Health Organization COVID-19 Dashboard,1222.0,AllNationalFiltered.csv
COVID-19,Unspecified,BRAZIL,2020-04-07,World Health Organization COVID-19 Dashboard,852.0,AllNationalFiltered.csv
COVID-19,Unspecified,BRAZIL,2020-04-08,World Health Organization COVID-19 Dashboard,926.0,AllNationalFiltered.csv
COVID-19,Unspecified,BRAZIL,2020-04-09,World Health Organization COVID-19 Dashboard,1661.0,AllNationalFiltered.csv
COVID-19,Unspecified,BRAZIL,2020-04-10,World Health Organization COVID-19 Dashboard,2210.0,AllNationalFiltered.csv
COVID-19,Unspecified,BRAZIL,2020-04-11,World Health Organization COVID-19 Dashboard,1930.0,AllNationalFiltered.csv
COVID-19,Unspecified,BRAZIL,2020-04-12,World Health Organization COVID-19 Dashboard,1781.0,AllNationalFiltered.csv
COVID-19,Unspecified,BRAZIL,2020-04-13,World Health Organization COVID-19 Dashboard,1089.0,AllNationalFiltered.csv
COVID-19,Unspecified,BRAZIL,2020-04-14,World Health Organization COVID-19 Dashboard,1442.0,AllNationalFiltered.csv
COVID-19,Unspecified,BRAZIL,2020-04-15,World Health Organization COVID-19 Dashboard,1261.0,AllNationalFiltered.csv
COVID-19,Unspecified,BRAZIL,2020-04-16,World Health Organization COVID-19 Dashboard,1832.0,AllNationalFiltered.csv
COVID-19,Unspecified,BRAZIL,2020-04-17,World Health Organization COVID-19 Dashboard,3058.0,AllNationalFiltered.csv
COVID-19,Unspecified,BRAZIL,2020-04-18,World Health Organization COVID-19 Dashboard,2105.0,AllNationalFiltered.csv
COVID-19,Unspecified,BRAZIL,2020-04-19,World Health Organization COVID-19 Dashboard,3257.0,AllNationalFiltered.csv
COVID-19,Unspecified,BRAZIL,2020-04-20,World Health Organization COVID-19 Dashboard,2917.0,AllNationalFiltered.csv
COVID-19,Unspecified,BRAZIL,2020-04-21,World Health Organization COVID-19 Dashboard,2055.0,AllNationalFiltered.csv
COVID-19,Unspecified,BRAZIL,2020-04-22,World Health Organization COVID-19 Dashboard,1927.0,AllNationalFiltered.csv
COVID-19,Unspecified,BRAZIL,2020-04-23,World Health Organization COVID-19 Dashboard,2498.0,AllNationalFiltered.csv
COVID-19,Unspecified,BRAZIL,2020-04-24,World Health Organization COVID-19 Dashboard,2678.0,AllNationalFiltered.csv
COVID-19,Unspecified,BRAZIL,2020-04-25,World Health Organization COVID-19 Dashboard,3735.0,AllNationalFiltered.csv
COVID-19,Unspecified,BRAZIL,2020-04-26,World Health Organization COVID-19 Dashboard,3503.0,AllNationalFiltered.csv
COVID-19,Unspecified,BRAZIL,2020-04-27,World Health Organization COVID-19 Dashboard,5514.0,AllNationalFiltered.csv
COVID-19,Unspecified,BRAZIL,2020-04-28,World Health Organization COVID-19 Dashboard,3379.0,AllNationalFiltered.csv
COVID-19,Unspecified,BRAZIL,2020-04-29,World Health Organization COVID-19 Dashboard,4613.0,AllNationalFiltered.csv
COVID-19,Unspecified,BRAZIL,2020-04-30,World Health Organization COVID-19 Dashboard,5385.0,AllNationalFiltered.csv
COVID-19,Unspecified,BRAZIL,2020-05-01,World Health Organization COVID-19 Dashboard,6276.0,AllNationalFiltered.csv
COVID-19,Unspecified,BRAZIL,2020-05-02,World Health Organization COVID-19 Dashboard,7218.0,AllNationalFiltered.csv
COVID-19,Unspecified,BRAZIL,2020-05-03,World Health Organization COVID-19 Dashboard,6209.0,AllNationalFiltered.csv
COVID-19,Unspecified,BRAZIL,2020-05-04,World Health Organization COVID-19 Dashboard,4970.0,AllNationalFiltered.csv
COVID-19,Unspecified,BRAZIL,2020-05-05,World Health Organization COVID-19 Dashboard,4588.0,AllNationalFiltered.csv
COVID-19,Unspecified,BRAZIL,2020-05-06,World Health Organization COVID-19 Dashboard,6633.0,AllNationalFiltered.csv
COVID-19,Unspecified,BRAZIL,2020-05-07,World Health Organization COVID-19 Dashboard,6935.0,AllNationalFiltered.csv
COVID-19,Unspecified,BRAZIL,2020-05-08,World Health Organization COVID-19 Dashboard,10503.0,AllNationalFiltered.csv
COVID-19,Unspecified,BRAZIL,2020-05-09,World Health Organization COVID-19 Dashboard,9888.0,AllNationalFiltered.csv
COVID-19,Unspecified,BRAZIL,2020-05-10,World Health Organization COVID-19 Dashboard,10222.0,AllNationalFiltered.csv
COVID-19,Unspecified,BRAZIL,2020-05-11,World Health Organization COVID-19 Dashboard,10611.0,AllNationalFiltered.csv
COVID-19,Unspecified,BRAZIL,2020-05-12,World Health Organization COVID-19 Dashboard,6760.0,AllNationalFiltered.csv
COVID-19,Unspecified,BRAZIL,2020-05-13,World Health Organization COVID-19 Dashboard,5632.0,AllNationalFiltered.csv
COVID-19,Unspecified,BRAZIL,2020-05-14,World Health Organization COVID-19 Dashboard,9258.0,AllNationalFiltered.csv
COVID-19,Unspecified,BRAZIL,2020-05-15,World Health Organization COVID-19 Dashboard,11385.0,AllNationalFiltered.csv
COVID-19,Unspecified,BRAZIL,2020-05-16,World Health Organization COVID-19 Dashboard,13944.0,AllNationalFiltered.csv
COVID-19,Unspecified,BRAZIL,2020-05-17,World Health Organization COVID-19 Dashboard,15305.0,AllNationalFiltered.csv
COVID-19,Unspecified,BRAZIL,2020-05-18,World Health Organization COVID-19 Dashboard,14919.0,AllNationalFiltered.csv
COVID-19,Unspecified,BRAZIL,2020-05-19,World Health Organization COVID-19 Dashboard,7938.0,AllNationalFiltered.csv
COVID-19,Unspecified,BRAZIL,2020-05-20,World Health Organization COVID-19 Dashboard,13140.0,AllNationalFiltered.csv
COVID-19,Unspecified,BRAZIL,2020-05-21,World Health Organization COVID-19 Dashboard,17408.0,AllNationalFiltered.csv
COVID-19,Unspecified,BRAZIL,2020-05-22,World Health Organization COVID-19 Dashboard,19951.0,AllNationalFiltered.csv
COVID-19,Unspecified,BRAZIL,2020-05-23,World Health Organization COVID-19 Dashboard,18508.0,AllNationalFiltered.csv
COVID-19,Unspecified,BRAZIL,2020-05-24,World Health Organization COVID-19 Dashboard,20803.0,AllNationalFiltered.csv
COVID-19,Unspecified,BRAZIL,2020-05-25,World Health Organization COVID-19 Dashboard,16508.0,AllNationalFiltered.csv
COVID-19,Unspecified,BRAZIL,2020-05-26,World Health Organization COVID-19 Dashboard,15813.0,AllNationalFiltered.csv
COVID-19,Unspecified,BRAZIL,2020-05-27,World Health Organization COVID-19 Dashboard,11687.0,AllNationalFiltered.csv
COVID-19,Unspecified,BRAZIL,2020-05-28,World Health Organization COVID-19 Dashboard,16324.0,AllNationalFiltered.csv
COVID-19,Unspecified,BRAZIL,2020-05-29,World Health Organization COVID-19 Dashboard,20599.0,AllNationalFiltered.csv
COVID-19,Unspecified,BRAZIL,2020-05-30,World Health Organization COVID-19 Dashboard,26417.0,AllNationalFiltered.csv
COVID-19,Unspecified,BRAZIL,2020-05-31,World Health Organization COVID-19 Dashboard,26928.0,AllNationalFiltered.csv
COVID-19,Unspecified,BRAZIL,2020-06-01,World Health Organization COVID-19 Dashboard,33274.0,AllNationalFiltered.csv
COVID-19,Unspecified,BRAZIL,2020-06-02,World Health Organization COVID-19 Dashboard,16409.0,AllNationalFiltered.csv
COVID-19,Unspecified,BRAZIL,2020-06-03,World Health Organization COVID-19 Dashboard,11598.0,AllNationalFiltered.csv
COVID-19,Unspecified,BRAZIL,2020-06-04,World Health Organization COVID-19 Dashboard,28936.0,AllNationalFiltered.csv
COVID-19,Unspecified,BRAZIL,2020-06-05,World Health Organization COVID-19 Dashboard,28633.0,AllNationalFiltered.csv
COVID-19,Unspecified,BRAZIL,2020-06-06,World Health Organization COVID-19 Dashboard,30925.0,AllNationalFiltered.csv
COVID-19,Unspecified,BRAZIL,2020-06-07,World Health Organization COVID-19 Dashboard,30830.0,AllNationalFiltered.csv
COVID-19,Unspecified,BRAZIL,2020-06-08,World Health Organization COVID-19 Dashboard,27075.0,AllNationalFiltered.csv
COVID-19,Unspecified,BRAZIL,2020-06-09,World Health Organization COVID-19 Dashboard,18912.0,AllNationalFiltered.csv
COVID-19,Unspecified,BRAZIL,2020-06-10,World Health Organization COVID-19 Dashboard,15654.0,AllNationalFiltered.csv
COVID-19,Unspecified,BRAZIL,2020-06-11,World Health Organization COVID-19 Dashboard,32091.0,AllNationalFiltered.csv
COVID-19,Unspecified,BRAZIL,2020-06-12,World Health Organization COVID-19 Dashboard,32913.0,AllNationalFiltered.csv
COVID-19,Unspecified,BRAZIL,2020-06-13,World Health Organization COVID-19 Dashboard,30412.0,AllNationalFiltered.csv
COVID-19,Unspecified,BRAZIL,2020-06-14,World Health Organization COVID-19 Dashboard,25982.0,AllNationalFiltered.csv
COVID-19,Unspecified,BRAZIL,2020-06-15,World Health Organization COVID-19 Dashboard,21704.0,AllNationalFiltered.csv
COVID-19,Unspecified,BRAZIL,2020-06-16,World Health Organization COVID-19 Dashboard,17110.0,AllNationalFiltered.csv
COVID-19,Unspecified,BRAZIL,2020-06-17,World Health Organization COVID-19 Dashboard,20647.0,AllNationalFiltered.csv
COVID-19,Unspecified,BRAZIL,2020-06-18,World Health Organization COVID-19 Dashboard,34918.0,AllNationalFiltered.csv
COVID-19,Unspecified,BRAZIL,2020-06-19,World Health Organization COVID-19 Dashboard,32188.0,AllNationalFiltered.csv
COVID-19,Unspecified,BRAZIL,2020-06-20,World Health Organization COVID-19 Dashboard,22765.0,AllNationalFiltered.csv
COVID-19,Unspecified,BRAZIL,2020-06-21,World Health Organization COVID-19 Dashboard,54771.0,AllNationalFiltered.csv
COVID-19,Unspecified,BRAZIL,2020-06-22,World Health Organization COVID-19 Dashboard,34666.0,AllNationalFiltered.csv
COVID-19,Unspecified,BRAZIL,2020-06-23,World Health Organization COVID-19 Dashboard,17459.0,AllNationalFiltered.csv
COVID-19,Unspecified,BRAZIL,2020-06-24,World Health Organization COVID-19 Dashboard,21432.0,AllNationalFiltered.csv
COVID-19,Unspecified,BRAZIL,2020-06-25,World Health Organization COVID-19 Dashboard,39436.0,AllNationalFiltered.csv
COVID-19,Unspecified,BRAZIL,2020-06-26,World Health Organization COVID-19 Dashboard,42725.0,AllNationalFiltered.csv
COVID-19,Unspecified,BRAZIL,2020-06-27,World Health Organization COVID-19 Dashboard,39483.0,AllNationalFiltered.csv
COVID-19,Unspecified,BRAZIL,2020-06-28,World Health Organization COVID-19 Dashboard,46860.0,AllNationalFiltered.csv
COVID-19,Unspecified,BRAZIL,2020-06-29,World Health Organization COVID-19 Dashboard,38693.0,AllNationalFiltered.csv
COVID-19,Unspecified,BRAZIL,2020-06-30,World Health Organization COVID-19 Dashboard,30476.0,AllNationalFiltered.csv
COVID-19,Unspecified,BRAZIL,2020-07-01,World Health Organization COVID-19 Dashboard,24052.0,AllNationalFiltered.csv
COVID-19,Unspecified,BRAZIL,2020-07-02,World Health Organization COVID-19 Dashboard,33846.0,AllNationalFiltered.csv
COVID-19,Unspecified,BRAZIL,2020-07-03,World Health Organization COVID-19 Dashboard,46712.0,AllNationalFiltered.csv
COVID-19,Unspecified,BRAZIL,2020-07-04,World Health Organization COVID-19 Dashboard,48105.0,AllNationalFiltered.csv
COVID-19,Unspecified,BRAZIL,2020-07-05,World Health Organization COVID-19 Dashboard,42223.0,AllNationalFiltered.csv
COVID-19,Unspecified,BRAZIL,2020-07-06,World Health Organization COVID-19 Dashboard,37923.0,AllNationalFiltered.csv
COVID-19,Unspecified,BRAZIL,2020-07-07,World Health Organization COVID-19 Dashboard,26051.0,AllNationalFiltered.csv
COVID-19,Unspecified,BRAZIL,2020-07-08,World Health Organization COVID-19 Dashboard,20229.0,AllNationalFiltered.csv
COVID-19,Unspecified,BRAZIL,2020-07-09,World Health Organization COVID-19 Dashboard,45305.0,AllNationalFiltered.csv
COVID-19,Unspecified,BRAZIL,2020-07-10,World Health Organization COVID-19 Dashboard,44571.0,AllNationalFiltered.csv
COVID-19,Unspecified,BRAZIL,2020-07-11,World Health Organization COVID-19 Dashboard,42619.0,AllNationalFiltered.csv
COVID-19,Unspecified,BRAZIL,2020-07-12,World Health Organization COVID-19 Dashboard,45048.0,AllNationalFiltered.csv
COVID-19,Unspecified,BRAZIL,2020-07-13,World Health Organization COVID-19 Dashboard,39023.0,AllNationalFiltered.csv
COVID-19,Unspecified,BRAZIL,2020-07-14,World Health Organization COVID-19 Dashboard,24831.0,AllNationalFiltered.csv
COVID-19,Unspecified,BRAZIL,2020-07-15,World Health Organization COVID-19 Dashboard,20286.0,AllNationalFiltered.csv
COVID-19,Unspecified,BRAZIL,2020-07-16,World Health Organization COVID-19 Dashboard,41857.0,AllNationalFiltered.csv
COVID-19,Unspecified,BRAZIL,2020-07-17,World Health Organization COVID-19 Dashboard,39924.0,AllNationalFiltered.csv
COVID-19,Unspecified,BRAZIL,2020-07-18,World Health Organization COVID-19 Dashboard,45403.0,AllNationalFiltered.csv
COVID-19,Unspecified,BRAZIL,2020-07-19,World Health Organization COVID-19 Dashboard,34177.0,AllNationalFiltered.csv
COVID-19,Unspecified,BRAZIL,2020-07-20,World Health Organization COVID-19 Dashboard,28532.0,AllNationalFiltered.csv
COVID-19,Unspecified,BRAZIL,2020-07-21,World Health Organization COVID-19 Dashboard,23529.0,AllNationalFiltered.csv
COVID-19,Unspecified,BRAZIL,2020-07-22,World Health Organization COVID-19 Dashboard,20257.0,AllNationalFiltered.csv
COVID-19,Unspecified,BRAZIL,2020-07-23,World Health Organization COVID-19 Dashboard,41008.0,AllNationalFiltered.csv
COVID-19,Unspecified,BRAZIL,2020-07-24,World Health Organization COVID-19 Dashboard,67860.0,AllNationalFiltered.csv
COVID-19,Unspecified,BRAZIL,2020-07-25,World Health Organization COVID-19 Dashboard,59961.0,AllNationalFiltered.csv
COVID-19,Unspecified,BRAZIL,2020-07-26,World Health Organization COVID-19 Dashboard,55891.0,AllNationalFiltered.csv
COVID-19,Unspecified,BRAZIL,2020-07-27,World Health Organization COVID-19 Dashboard,51147.0,AllNationalFiltered.csv
COVID-19,Unspecified,BRAZIL,2020-07-28,World Health Organization COVID-19 Dashboard,24578.0,AllNationalFiltered.csv
COVID-19,Unspecified,BRAZIL,2020-07-29,World Health Organization COVID-19 Dashboard,23284.0,AllNationalFiltered.csv
COVID-19,Unspecified,BRAZIL,2020-07-30,World Health Organization COVID-19 Dashboard,40816.0,AllNationalFiltered.csv
COVID-19,Unspecified,BRAZIL,2020-07-31,World Health Organization COVID-19 Dashboard,69074.0,AllNationalFiltered.csv
COVID-19,Unspecified,BRAZIL,2020-08-01,World Health Organization COVID-19 Dashboard,57837.0,AllNationalFiltered.csv
COVID-19,Unspecified,BRAZIL,2020-08-02,World Health Organization COVID-19 Dashboard,52383.0,AllNationalFiltered.csv
COVID-19,Unspecified,BRAZIL,2020-08-03,World Health Organization COVID-19 Dashboard,45392.0,AllNationalFiltered.csv
COVID-19,Unspecified,BRAZIL,2020-08-04,World Health Organization COVID-19 Dashboard,25800.0,AllNationalFiltered.csv
COVID-19,Unspecified,BRAZIL,2020-08-05,World Health Organization COVID-19 Dashboard,16641.0,AllNationalFiltered.csv
COVID-19,Unspecified,BRAZIL,2020-08-06,World Health Organization COVID-19 Dashboard,51603.0,AllNationalFiltered.csv
COVID-19,Unspecified,BRAZIL,2020-08-07,World Health Organization COVID-19 Dashboard,57152.0,AllNationalFiltered.csv
COVID-19,Unspecified,BRAZIL,2020-08-08,World Health Organization COVID-19 Dashboard,53139.0,AllNationalFiltered.csv
COVID-19,Unspecified,BRAZIL,2020-08-09,World Health Organization COVID-19 Dashboard,50230.0,AllNationalFiltered.csv
COVID-19,Unspecified,BRAZIL,2020-08-10,World Health Organization COVID-19 Dashboard,49970.0,AllNationalFiltered.csv
COVID-19,Unspecified,BRAZIL,2020-08-11,World Health Organization COVID-19 Dashboard,23010.0,AllNationalFiltered.csv
COVID-19,Unspecified,BRAZIL,2020-08-12,World Health Organization COVID-19 Dashboard,22048.0,AllNationalFiltered.csv
COVID-19,Unspecified,BRAZIL,2020-08-13,World Health Organization COVID-19 Dashboard,52160.0,AllNationalFiltered.csv
COVID-19,Unspecified,BRAZIL,2020-08-14,World Health Organization COVID-19 Dashboard,55155.0,AllNationalFiltered.csv
COVID-19,Unspecified,BRAZIL,2020-08-15,World Health Organization COVID-19 Dashboard,60091.0,AllNationalFiltered.csv
COVID-19,Unspecified,BRAZIL,2020-08-16,World Health Organization COVID-19 Dashboard,50644.0,AllNationalFiltered.csv
COVID-19,Unspecified,BRAZIL,2020-08-17,World Health Organization COVID-19 Dashboard,41576.0,AllNationalFiltered.csv
COVID-19,Unspecified,BRAZIL,2020-08-18,World Health Organization COVID-19 Dashboard,23101.0,AllNationalFiltered.csv
COVID-19,Unspecified,BRAZIL,2020-08-19,World Health Organization COVID-19 Dashboard,19373.0,AllNationalFiltered.csv
COVID-19,Unspecified,BRAZIL,2020-08-20,World Health Organization COVID-19 Dashboard,47784.0,AllNationalFiltered.csv
COVID-19,Unspecified,BRAZIL,2020-08-21,World Health Organization COVID-19 Dashboard,49298.0,AllNationalFiltered.csv
COVID-19,Unspecified,BRAZIL,2020-08-22,World Health Organization COVID-19 Dashboard,45323.0,AllNationalFiltered.csv
COVID-19,Unspecified,BRAZIL,2020-08-23,World Health Organization COVID-19 Dashboard,30355.0,AllNationalFiltered.csv
COVID-19,Unspecified,BRAZIL,2020-08-24,World Health Organization COVID-19 Dashboard,50032.0,AllNationalFiltered.csv
COVID-19,Unspecified,BRAZIL,2020-08-25,World Health Organization COVID-19 Dashboard,23421.0,AllNationalFiltered.csv
COVID-19,Unspecified,BRAZIL,2020-08-26,World Health Organization COVID-19 Dashboard,17078.0,AllNationalFiltered.csv
COVID-19,Unspecified,BRAZIL,2020-08-27,World Health Organization COVID-19 Dashboard,47134.0,AllNationalFiltered.csv
COVID-19,Unspecified,BRAZIL,2020-08-28,World Health Organization COVID-19 Dashboard,47161.0,AllNationalFiltered.csv
COVID-19,Unspecified,BRAZIL,2020-08-29,World Health Organization COVID-19 Dashboard,44235.0,AllNationalFiltered.csv
COVID-19,Unspecified,BRAZIL,2020-08-30,World Health Organization COVID-19 Dashboard,43412.0,AllNationalFiltered.csv
COVID-19,Unspecified,BRAZIL,2020-08-31,World Health Organization COVID-19 Dashboard,41350.0,AllNationalFiltered.csv
COVID-19,Unspecified,BRAZIL,2020-09-01,World Health Organization COVID-19 Dashboard,16158.0,AllNationalFiltered.csv
COVID-19,Unspecified,BRAZIL,2020-09-02,World Health Organization COVID-19 Dashboard,45961.0,AllNationalFiltered.csv
COVID-19,Unspecified,BRAZIL,2020-09-03,World Health Organization COVID-19 Dashboard,42659.0,AllNationalFiltered.csv
COVID-19,Unspecified,BRAZIL,2020-09-04,World Health Organization COVID-19 Dashboard,46934.0,AllNationalFiltered.csv
COVID-19,Unspecified,BRAZIL,2020-09-05,World Health Organization COVID-19 Dashboard,43773.0,AllNationalFiltered.csv
COVID-19,Unspecified,BRAZIL,2020-09-06,World Health Organization COVID-19 Dashboard,51194.0,AllNationalFiltered.csv
COVID-19,Unspecified,BRAZIL,2020-09-07,World Health Organization COVID-19 Dashboard,30168.0,AllNationalFiltered.csv
COVID-19,Unspecified,BRAZIL,2020-09-08,World Health Organization COVID-19 Dashboard,14521.0,AllNationalFiltered.csv
COVID-19,Unspecified,BRAZIL,2020-09-09,World Health Organization COVID-19 Dashboard,10273.0,AllNationalFiltered.csv
COVID-19,Unspecified,BRAZIL,2020-09-10,World Health Organization COVID-19 Dashboard,14279.0,AllNationalFiltered.csv
COVID-19,Unspecified,BRAZIL,2020-09-11,World Health Organization COVID-19 Dashboard,35816.0,AllNationalFiltered.csv
COVID-19,Unspecified,BRAZIL,2020-09-12,World Health Organization COVID-19 Dashboard,40557.0,AllNationalFiltered.csv
COVID-19,Unspecified,BRAZIL,2020-09-13,World Health Organization COVID-19 Dashboard,43718.0,AllNationalFiltered.csv
COVID-19,Unspecified,BRAZIL,2020-09-14,World Health Organization COVID-19 Dashboard,33523.0,AllNationalFiltered.csv
COVID-19,Unspecified,BRAZIL,2020-09-15,World Health Organization COVID-19 Dashboard,14768.0,AllNationalFiltered.csv
COVID-19,Unspecified,BRAZIL,2020-09-16,World Health Organization COVID-19 Dashboard,15155.0,AllNationalFiltered.csv
COVID-19,Unspecified,BRAZIL,2020-09-17,World Health Organization COVID-19 Dashboard,36653.0,AllNationalFiltered.csv
COVID-19,Unspecified,BRAZIL,2020-09-18,World Health Organization COVID-19 Dashboard,36820.0,AllNationalFiltered.csv
COVID-19,Unspecified,BRAZIL,2020-09-19,World Health Organization COVID-19 Dashboard,36303.0,AllNationalFiltered.csv
COVID-19,Unspecified,BRAZIL,2020-09-20,World Health Organization COVID-19 Dashboard,39797.0,AllNationalFiltered.csv
COVID-19,Unspecified,BRAZIL,2020-09-21,World Health Organization COVID-19 Dashboard,33057.0,AllNationalFiltered.csv
COVID-19,Unspecified,BRAZIL,2020-09-22,World Health Organization COVID-19 Dashboard,16389.0,AllNationalFiltered.csv
COVID-19,Unspecified,BRAZIL,2020-09-23,World Health Organization COVID-19 Dashboard,13439.0,AllNationalFiltered.csv
COVID-19,Unspecified,BRAZIL,2020-09-24,World Health Organization COVID-19 Dashboard,33536.0,AllNationalFiltered.csv
COVID-19,Unspecified,BRAZIL,2020-09-25,World Health Organization COVID-19 Dashboard,33281.0,AllNationalFiltered.csv
COVID-19,Unspecified,BRAZIL,2020-09-26,World Health Organization COVID-19 Dashboard,32817.0,AllNationalFiltered.csv
COVID-19,Unspecified,BRAZIL,2020-09-27,World Health Organization COVID-19 Dashboard,31911.0,AllNationalFiltered.csv
COVID-19,Unspecified,BRAZIL,2020-09-28,World Health Organization COVID-19 Dashboard,28378.0,AllNationalFiltered.csv
COVID-19,Unspecified,BRAZIL,2020-09-29,World Health Organization COVID-19 Dashboard,14318.0,AllNationalFiltered.csv
COVID-19,Unspecified,BRAZIL,2020-09-30,World Health Organization COVID-19 Dashboard,13155.0,AllNationalFiltered.csv
COVID-19,Unspecified,BRAZIL,2020-10-01,World Health Organization COVID-19 Dashboard,32058.0,AllNationalFiltered.csv
COVID-19,Unspecified,BRAZIL,2020-10-02,World Health Organization COVID-19 Dashboard,33413.0,AllNationalFiltered.csv
COVID-19,Unspecified,BRAZIL,2020-10-03,World Health Organization COVID-19 Dashboard,36157.0,AllNationalFiltered.csv
COVID-19,Unspecified,BRAZIL,2020-10-04,World Health Organization COVID-19 Dashboard,33431.0,AllNationalFiltered.csv
COVID-19,Unspecified,BRAZIL,2020-10-05,World Health Organization COVID-19 Dashboard,26310.0,AllNationalFiltered.csv
COVID-19,Unspecified,BRAZIL,2020-10-06,World Health Organization COVID-19 Dashboard,8456.0,AllNationalFiltered.csv
COVID-19,Unspecified,BRAZIL,2020-10-07,World Health Organization COVID-19 Dashboard,11946.0,AllNationalFiltered.csv
COVID-19,Unspecified,BRAZIL,2020-10-08,World Health Organization COVID-19 Dashboard,41906.0,AllNationalFiltered.csv
COVID-19,Unspecified,BRAZIL,2020-10-09,World Health Organization COVID-19 Dashboard,31553.0,AllNationalFiltered.csv
COVID-19,Unspecified,BRAZIL,2020-10-10,World Health Organization COVID-19 Dashboard,27750.0,AllNationalFiltered.csv
COVID-19,Unspecified,BRAZIL,2020-10-11,World Health Organization COVID-19 Dashboard,27444.0,AllNationalFiltered.csv
COVID-19,Unspecified,BRAZIL,2020-10-12,World Health Organization COVID-19 Dashboard,26749.0,AllNationalFiltered.csv
COVID-19,Unspecified,BRAZIL,2020-10-13,World Health Organization COVID-19 Dashboard,12342.0,AllNationalFiltered.csv
COVID-19,Unspecified,BRAZIL,2020-10-14,World Health Organization COVID-19 Dashboard,8429.0,AllNationalFiltered.csv
COVID-19,Unspecified,BRAZIL,2020-10-15,World Health Organization COVID-19 Dashboard,10220.0,AllNationalFiltered.csv
COVID-19,Unspecified,BRAZIL,2020-10-16,World Health Organization COVID-19 Dashboard,27235.0,AllNationalFiltered.csv
COVID-19,Unspecified,BRAZIL,2020-10-17,World Health Organization COVID-19 Dashboard,28523.0,AllNationalFiltered.csv
COVID-19,Unspecified,BRAZIL,2020-10-18,World Health Organization COVID-19 Dashboard,30914.0,AllNationalFiltered.csv
COVID-19,Unspecified,BRAZIL,2020-10-19,World Health Organization COVID-19 Dashboard,24062.0,AllNationalFiltered.csv
COVID-19,Unspecified,BRAZIL,2020-10-20,World Health Organization COVID-19 Dashboard,10982.0,AllNationalFiltered.csv
COVID-19,Unspecified,BRAZIL,2020-10-21,World Health Organization COVID-19 Dashboard,15383.0,AllNationalFiltered.csv
COVID-19,Unspecified,BRAZIL,2020-10-22,World Health Organization COVID-19 Dashboard,23227.0,AllNationalFiltered.csv
COVID-19,Unspecified,BRAZIL,2020-10-23,World Health Organization COVID-19 Dashboard,24818.0,AllNationalFiltered.csv
COVID-19,Unspecified,BRAZIL,2020-10-24,World Health Organization COVID-19 Dashboard,24858.0,AllNationalFiltered.csv
COVID-19,Unspecified,BRAZIL,2020-10-25,World Health Organization COVID-19 Dashboard,30026.0,AllNationalFiltered.csv
COVID-19,Unspecified,BRAZIL,2020-10-26,World Health Organization COVID-19 Dashboard,26979.0,AllNationalFiltered.csv
COVID-19,Unspecified,BRAZIL,2020-10-27,World Health Organization COVID-19 Dashboard,13493.0,AllNationalFiltered.csv
COVID-19,Unspecified,BRAZIL,2020-10-28,World Health Organization COVID-19 Dashboard,15726.0,AllNationalFiltered.csv
COVID-19,Unspecified,BRAZIL,2020-10-29,World Health Organization COVID-19 Dashboard,29787.0,AllNationalFiltered.csv
COVID-19,Unspecified,BRAZIL,2020-10-30,World Health Organization COVID-19 Dashboard,28629.0,AllNationalFiltered.csv
COVID-19,Unspecified,BRAZIL,2020-10-31,World Health Organization COVID-19 Dashboard,26106.0,AllNationalFiltered.csv
COVID-19,Unspecified,BRAZIL,2020-11-01,World Health Organization COVID-19 Dashboard,22282.0,AllNationalFiltered.csv
COVID-19,Unspecified,BRAZIL,2020-11-02,World Health Organization COVID-19 Dashboard,18947.0,AllNationalFiltered.csv
COVID-19,Unspecified,BRAZIL,2020-11-03,World Health Organization COVID-19 Dashboard,10100.0,AllNationalFiltered.csv
COVID-19,Unspecified,BRAZIL,2020-11-04,World Health Organization COVID-19 Dashboard,8501.0,AllNationalFiltered.csv
COVID-19,Unspecified,BRAZIL,2020-11-05,World Health Organization COVID-19 Dashboard,11843.0,AllNationalFiltered.csv
COVID-19,Unspecified,BRAZIL,2020-11-06,World Health Organization COVID-19 Dashboard,23976.0,AllNationalFiltered.csv
COVID-19,Unspecified,BRAZIL,2020-11-07,World Health Organization COVID-19 Dashboard,22294.0,AllNationalFiltered.csv
COVID-19,Unspecified,BRAZIL,2020-11-08,World Health Organization COVID-19 Dashboard,18862.0,AllNationalFiltered.csv
COVID-19,Unspecified,BRAZIL,2020-11-09,World Health Organization COVID-19 Dashboard,22380.0,AllNationalFiltered.csv
COVID-19,Unspecified,BRAZIL,2020-11-10,World Health Organization COVID-19 Dashboard,10554.0,AllNationalFiltered.csv
COVID-19,Unspecified,BRAZIL,2020-11-11,World Health Organization COVID-19 Dashboard,10917.0,AllNationalFiltered.csv
COVID-19,Unspecified,BRAZIL,2020-11-12,World Health Organization COVID-19 Dashboard,25012.0,AllNationalFiltered.csv
COVID-19,Unspecified,BRAZIL,2020-11-13,World Health Organization COVID-19 Dashboard,48331.0,AllNationalFiltered.csv
COVID-19,Unspecified,BRAZIL,2020-11-14,World Health Organization COVID-19 Dashboard,33207.0,AllNationalFiltered.csv
COVID-19,Unspecified,BRAZIL,2020-11-15,World Health Organization COVID-19 Dashboard,29070.0,AllNationalFiltered.csv
COVID-19,Unspecified,BRAZIL,2020-11-16,World Health Organization COVID-19 Dashboard,38307.0,AllNationalFiltered.csv
COVID-19,Unspecified,BRAZIL,2020-11-17,World Health Organization COVID-19 Dashboard,14134.0,AllNationalFiltered.csv
COVID-19,Unspecified,BRAZIL,2020-11-18,World Health Organization COVID-19 Dashboard,13371.0,AllNationalFiltered.csv
COVID-19,Unspecified,BRAZIL,2020-11-19,World Health Organization COVID-19 Dashboard,35294.0,AllNationalFiltered.csv
COVID-19,Unspecified,BRAZIL,2020-11-20,World Health Organization COVID-19 Dashboard,34091.0,AllNationalFiltered.csv
COVID-19,Unspecified,BRAZIL,2020-11-21,World Health Organization COVID-19 Dashboard,35918.0,AllNationalFiltered.csv
COVID-19,Unspecified,BRAZIL,2020-11-22,World Health Organization COVID-19 Dashboard,38397.0,AllNationalFiltered.csv
COVID-19,Unspecified,BRAZIL,2020-11-23,World Health Organization COVID-19 Dashboard,32622.0,AllNationalFiltered.csv
COVID-19,Unspecified,BRAZIL,2020-11-24,World Health Organization COVID-19 Dashboard,18615.0,AllNationalFiltered.csv
COVID-19,Unspecified,BRAZIL,2020-11-25,World Health Organization COVID-19 Dashboard,16207.0,AllNationalFiltered.csv
COVID-19,Unspecified,BRAZIL,2020-11-26,World Health Organization COVID-19 Dashboard,31100.0,AllNationalFiltered.csv
COVID-19,Unspecified,BRAZIL,2020-11-27,World Health Organization COVID-19 Dashboard,47898.0,AllNationalFiltered.csv
COVID-19,Unspecified,BRAZIL,2020-11-28,World Health Organization COVID-19 Dashboard,37614.0,AllNationalFiltered.csv
COVID-19,Unspecified,BRAZIL,2020-11-29,World Health Organization COVID-19 Dashboard,34130.0,AllNationalFiltered.csv
COVID-19,Unspecified,BRAZIL,2020-11-30,World Health Organization COVID-19 Dashboard,51922.0,AllNationalFiltered.csv
COVID-19,Unspecified,BRAZIL,2020-12-01,World Health Organization COVID-19 Dashboard,24468.0,AllNationalFiltered.csv
COVID-19,Unspecified,BRAZIL,2020-12-02,World Health Organization COVID-19 Dashboard,21138.0,AllNationalFiltered.csv
COVID-19,Unspecified,BRAZIL,2020-12-03,World Health Organization COVID-19 Dashboard,50909.0,AllNationalFiltered.csv
COVID-19,Unspecified,BRAZIL,2020-12-04,World Health Organization COVID-19 Dashboard,49863.0,AllNationalFiltered.csv
COVID-19,Unspecified,BRAZIL,2020-12-05,World Health Organization COVID-19 Dashboard,50434.0,AllNationalFiltered.csv
COVID-19,Unspecified,BRAZIL,2020-12-06,World Health Organization COVID-19 Dashboard,46884.0,AllNationalFiltered.csv
COVID-19,Unspecified,BRAZIL,2020-12-07,World Health Organization COVID-19 Dashboard,43209.0,AllNationalFiltered.csv
COVID-19,Unspecified,BRAZIL,2020-12-08,World Health Organization COVID-19 Dashboard,26363.0,AllNationalFiltered.csv
COVID-19,Unspecified,BRAZIL,2020-12-09,World Health Organization COVID-19 Dashboard,20371.0,AllNationalFiltered.csv
COVID-19,Unspecified,BRAZIL,2020-12-10,World Health Organization COVID-19 Dashboard,51088.0,AllNationalFiltered.csv
COVID-19,Unspecified,BRAZIL,2020-12-11,World Health Organization COVID-19 Dashboard,53453.0,AllNationalFiltered.csv
COVID-19,Unspecified,BRAZIL,2020-12-12,World Health Organization COVID-19 Dashboard,53347.0,AllNationalFiltered.csv
COVID-19,Unspecified,BRAZIL,2020-12-13,World Health Organization COVID-19 Dashboard,54428.0,AllNationalFiltered.csv
COVID-19,Unspecified,BRAZIL,2020-12-14,World Health Organization COVID-19 Dashboard,43900.0,AllNationalFiltered.csv
COVID-19,Unspecified,BRAZIL,2020-12-15,World Health Organization COVID-19 Dashboard,21825.0,AllNationalFiltered.csv
COVID-19,Unspecified,BRAZIL,2020-12-16,World Health Organization COVID-19 Dashboard,25193.0,AllNationalFiltered.csv
COVID-19,Unspecified,BRAZIL,2020-12-17,World Health Organization COVID-19 Dashboard,42889.0,AllNationalFiltered.csv
COVID-19,Unspecified,BRAZIL,2020-12-18,World Health Organization COVID-19 Dashboard,70574.0,AllNationalFiltered.csv
COVID-19,Unspecified,BRAZIL,2020-12-19,World Health Organization COVID-19 Dashboard,69826.0,AllNationalFiltered.csv
COVID-19,Unspecified,BRAZIL,2020-12-20,World Health Organization COVID-19 Dashboard,52544.0,AllNationalFiltered.csv
COVID-19,Unspecified,BRAZIL,2020-12-21,World Health Organization COVID-19 Dashboard,50177.0,AllNationalFiltered.csv
COVID-19,Unspecified,BRAZIL,2020-12-22,World Health Organization COVID-19 Dashboard,25445.0,AllNationalFiltered.csv
COVID-19,Unspecified,BRAZIL,2020-12-23,World Health Organization COVID-19 Dashboard,25019.0,AllNationalFiltered.csv
COVID-19,Unspecified,BRAZIL,2020-12-24,World Health Organization COVID-19 Dashboard,55202.0,AllNationalFiltered.csv
COVID-19,Unspecified,BRAZIL,2020-12-25,World Health Organization COVID-19 Dashboard,46696.0,AllNationalFiltered.csv
COVID-19,Unspecified,BRAZIL,2020-12-26,World Health Organization COVID-19 Dashboard,60076.0,AllNationalFiltered.csv
COVID-19,Unspecified,BRAZIL,2020-12-27,World Health Organization COVID-19 Dashboard,22967.0,AllNationalFiltered.csv
COVID-19,Unspecified,BRAZIL,2020-12-28,World Health Organization COVID-19 Dashboard,17246.0,AllNationalFiltered.csv
COVID-19,Unspecified,BRAZIL,2020-12-29,World Health Organization COVID-19 Dashboard,18479.0,AllNationalFiltered.csv
COVID-19,Unspecified,BRAZIL,2020-12-30,World Health Organization COVID-19 Dashboard,20548.0,AllNationalFiltered.csv
COVID-19,Unspecified,BRAZIL,2020-12-31,World Health Organization COVID-19 Dashboard,58718.0,AllNationalFiltered.csv
COVID-19,Unspecified,BRAZIL,2021-01-01,World Health Organization COVID-19 Dashboard,55649.0,AllNationalFiltered.csv
COVID-19,Unspecified,BRAZIL,2021-01-02,World Health Organization COVID-19 Dashboard,56773.0,AllNationalFiltered.csv
COVID-19,Unspecified,BRAZIL,2021-01-03,World Health Organization COVID-19 Dashboard,24605.0,AllNationalFiltered.csv
COVID-19,Unspecified,BRAZIL,2021-01-04,World Health Organization COVID-19 Dashboard,15827.0,AllNationalFiltered.csv
COVID-19,Unspecified,BRAZIL,2021-01-05,World Health Organization COVID-19 Dashboard,17341.0,AllNationalFiltered.csv
COVID-19,Unspecified,BRAZIL,2021-01-06,World Health Organization COVID-19 Dashboard,20006.0,AllNationalFiltered.csv
COVID-19,Unspecified,BRAZIL,2021-01-07,World Health Organization COVID-19 Dashboard,56648.0,AllNationalFiltered.csv
COVID-19,Unspecified,BRAZIL,2021-01-08,World Health Organization COVID-19 Dashboard,63430.0,AllNationalFiltered.csv
COVID-19,Unspecified,BRAZIL,2021-01-09,World Health Organization COVID-19 Dashboard,87843.0,AllNationalFiltered.csv
COVID-19,Unspecified,BRAZIL,2021-01-10,World Health Organization COVID-19 Dashboard,52035.0,AllNationalFiltered.csv
COVID-19,Unspecified,BRAZIL,2021-01-11,World Health Organization COVID-19 Dashboard,62290.0,AllNationalFiltered.csv
COVID-19,Unspecified,BRAZIL,2021-01-12,World Health Organization COVID-19 Dashboard,29792.0,AllNationalFiltered.csv
COVID-19,Unspecified,BRAZIL,2021-01-13,World Health Organization COVID-19 Dashboard,25822.0,AllNationalFiltered.csv
COVID-19,Unspecified,BRAZIL,2021-01-14,World Health Organization COVID-19 Dashboard,64025.0,AllNationalFiltered.csv
COVID-19,Unspecified,BRAZIL,2021-01-15,World Health Organization COVID-19 Dashboard,60899.0,AllNationalFiltered.csv
COVID-19,Unspecified,BRAZIL,2021-01-16,World Health Organization COVID-19 Dashboard,67758.0,AllNationalFiltered.csv
COVID-19,Unspecified,BRAZIL,2021-01-17,World Health Organization COVID-19 Dashboard,69198.0,AllNationalFiltered.csv
COVID-19,Unspecified,BRAZIL,2021-01-18,World Health Organization COVID-19 Dashboard,61567.0,AllNationalFiltered.csv
COVID-19,Unspecified,BRAZIL,2021-01-19,World Health Organization COVID-19 Dashboard,33040.0,AllNationalFiltered.csv
COVID-19,Unspecified,BRAZIL,2021-01-20,World Health Organization COVID-19 Dashboard,23671.0,AllNationalFiltered.csv
COVID-19,Unspecified,BRAZIL,2021-01-21,World Health Organization COVID-19 Dashboard,62094.0,AllNationalFiltered.csv
COVID-19,Unspecified,BRAZIL,2021-01-22,World Health Organization COVID-19 Dashboard,64385.0,AllNationalFiltered.csv
COVID-19,Unspecified,BRAZIL,2021-01-23,World Health Organization COVID-19 Dashboard,59119.0,AllNationalFiltered.csv
COVID-19,Unspecified,BRAZIL,2021-01-24,World Health Organization COVID-19 Dashboard,56552.0,AllNationalFiltered.csv
COVID-19,Unspecified,BRAZIL,2021-01-25,World Health Organization COVID-19 Dashboard,62334.0,AllNationalFiltered.csv
COVID-19,Unspecified,BRAZIL,2021-01-26,World Health Organization COVID-19 Dashboard,28323.0,AllNationalFiltered.csv
COVID-19,Unspecified,BRAZIL,2021-01-27,World Health Organization COVID-19 Dashboard,26816.0,AllNationalFiltered.csv
COVID-19,Unspecified,BRAZIL,2021-01-28,World Health Organization COVID-19 Dashboard,61963.0,AllNationalFiltered.csv
COVID-19,Unspecified,BRAZIL,2021-01-29,World Health Organization COVID-19 Dashboard,63520.0,AllNationalFiltered.csv
COVID-19,Unspecified,BRAZIL,2021-01-30,World Health Organization COVID-19 Dashboard,61811.0,AllNationalFiltered.csv
COVID-19,Unspecified,BRAZIL,2021-01-31,World Health Organization COVID-19 Dashboard,59826.0,AllNationalFiltered.csv
COVID-19,Unspecified,BRAZIL,2021-02-01,World Health Organization COVID-19 Dashboard,58462.0,AllNationalFiltered.csv
COVID-19,Unspecified,BRAZIL,2021-02-02,World Health Organization COVID-19 Dashboard,27756.0,AllNationalFiltered.csv
COVID-19,Unspecified,BRAZIL,2021-02-03,World Health Organization COVID-19 Dashboard,24591.0,AllNationalFiltered.csv
COVID-19,Unspecified,BRAZIL,2021-02-04,World Health Organization COVID-19 Dashboard,54096.0,AllNationalFiltered.csv
COVID-19,Unspecified,BRAZIL,2021-02-05,World Health Organization COVID-19 Dashboard,56002.0,AllNationalFiltered.csv
COVID-19,Unspecified,BRAZIL,2021-02-06,World Health Organization COVID-19 Dashboard,56873.0,AllNationalFiltered.csv
COVID-19,Unspecified,BRAZIL,2021-02-07,World Health Organization COVID-19 Dashboard,50872.0,AllNationalFiltered.csv
COVID-19,Unspecified,BRAZIL,2021-02-08,World Health Organization COVID-19 Dashboard,50630.0,AllNationalFiltered.csv
COVID-19,Unspecified,BRAZIL,2021-02-09,World Health Organization COVID-19 Dashboard,26845.0,AllNationalFiltered.csv
COVID-19,Unspecified,BRAZIL,2021-02-10,World Health Organization COVID-19 Dashboard,23439.0,AllNationalFiltered.csv
COVID-19,Unspecified,BRAZIL,2021-02-11,World Health Organization COVID-19 Dashboard,51486.0,AllNationalFiltered.csv
COVID-19,Unspecified,BRAZIL,2021-02-12,World Health Organization COVID-19 Dashboard,59602.0,AllNationalFiltered.csv
COVID-19,Unspecified,BRAZIL,2021-02-13,World Health Organization COVID-19 Dashboard,54742.0,AllNationalFiltered.csv
COVID-19,Unspecified,BRAZIL,2021-02-14,World Health Organization COVID-19 Dashboard,51546.0,AllNationalFiltered.csv
COVID-19,Unspecified,BRAZIL,2021-02-15,World Health Organization COVID-19 Dashboard,44299.0,AllNationalFiltered.csv
COVID-19,Unspecified,BRAZIL,2021-02-16,World Health Organization COVID-19 Dashboard,24759.0,AllNationalFiltered.csv
COVID-19,Unspecified,BRAZIL,2021-02-17,World Health Organization COVID-19 Dashboard,32197.0,AllNationalFiltered.csv
COVID-19,Unspecified,BRAZIL,2021-02-18,World Health Organization COVID-19 Dashboard,55271.0,AllNationalFiltered.csv
COVID-19,Unspecified,BRAZIL,2021-02-19,World Health Organization COVID-19 Dashboard,56766.0,AllNationalFiltered.csv
COVID-19,Unspecified,BRAZIL,2021-02-20,World Health Organization COVID-19 Dashboard,51879.0,AllNationalFiltered.csv
COVID-19,Unspecified,BRAZIL,2021-02-21,World Health Organization COVID-19 Dashboard,51050.0,AllNationalFiltered.csv
COVID-19,Unspecified,BRAZIL,2021-02-22,World Health Organization COVID-19 Dashboard,57472.0,AllNationalFiltered.csv
COVID-19,Unspecified,BRAZIL,2021-02-23,World Health Organization COVID-19 Dashboard,29026.0,AllNationalFiltered.csv
COVID-19,Unspecified,BRAZIL,2021-02-24,World Health Organization COVID-19 Dashboard,26986.0,AllNationalFiltered.csv
COVID-19,Unspecified,BRAZIL,2021-02-25,World Health Organization COVID-19 Dashboard,62715.0,AllNationalFiltered.csv
COVID-19,Unspecified,BRAZIL,2021-02-26,World Health Organization COVID-19 Dashboard,66588.0,AllNationalFiltered.csv
COVID-19,Unspecified,BRAZIL,2021-02-27,World Health Organization COVID-19 Dashboard,65998.0,AllNationalFiltered.csv
COVID-19,Unspecified,BRAZIL,2021-02-28,World Health Organization COVID-19 Dashboard,65169.0,AllNationalFiltered.csv
COVID-19,Unspecified,BRAZIL,2021-03-01,World Health Organization COVID-19 Dashboard,61602.0,AllNationalFiltered.csv
COVID-19,Unspecified,BRAZIL,2021-03-02,World Health Organization COVID-19 Dashboard,34027.0,AllNationalFiltered.csv
COVID-19,Unspecified,BRAZIL,2021-03-03,World Health Organization COVID-19 Dashboard,35742.0,AllNationalFiltered.csv
COVID-19,Unspecified,BRAZIL,2021-03-04,World Health Organization COVID-19 Dashboard,59925.0,AllNationalFiltered.csv
COVID-19,Unspecified,BRAZIL,2021-03-05,World Health Organization COVID-19 Dashboard,71704.0,AllNationalFiltered.csv
COVID-19,Unspecified,BRAZIL,2021-03-06,World Health Organization COVID-19 Dashboard,75102.0,AllNationalFiltered.csv
COVID-19,Unspecified,BRAZIL,2021-03-07,World Health Organization COVID-19 Dashboard,75495.0,AllNationalFiltered.csv
COVID-19,Unspecified,BRAZIL,2021-03-08,World Health Organization COVID-19 Dashboard,69609.0,AllNationalFiltered.csv
COVID-19,Unspecified,BRAZIL,2021-03-09,World Health Organization COVID-19 Dashboard,80508.0,AllNationalFiltered.csv
COVID-19,Unspecified,BRAZIL,2021-03-10,World Health Organization COVID-19 Dashboard,32321.0,AllNationalFiltered.csv
COVID-19,Unspecified,BRAZIL,2021-03-11,World Health Organization COVID-19 Dashboard,70764.0,AllNationalFiltered.csv
COVID-19,Unspecified,BRAZIL,2021-03-12,World Health Organization COVID-19 Dashboard,79876.0,AllNationalFiltered.csv
COVID-19,Unspecified,BRAZIL,2021-03-13,World Health Organization COVID-19 Dashboard,75412.0,AllNationalFiltered.csv
COVID-19,Unspecified,BRAZIL,2021-03-14,World Health Organization COVID-19 Dashboard,85663.0,AllNationalFiltered.csv
COVID-19,Unspecified,BRAZIL,2021-03-15,World Health Organization COVID-19 Dashboard,76178.0,AllNationalFiltered.csv
COVID-19,Unspecified,BRAZIL,2021-03-16,World Health Organization COVID-19 Dashboard,43812.0,AllNationalFiltered.csv
COVID-19,Unspecified,BRAZIL,2021-03-17,World Health Organization COVID-19 Dashboard,36239.0,AllNationalFiltered.csv
COVID-19,Unspecified,BRAZIL,2021-03-18,World Health Organization COVID-19 Dashboard,83926.0,AllNationalFiltered.csv
COVID-19,Unspecified,BRAZIL,2021-03-19,World Health Organization COVID-19 Dashboard,90303.0,AllNationalFiltered.csv
COVID-19,Unspecified,BRAZIL,2021-03-20,World Health Organization COVID-19 Dashboard,86982.0,AllNationalFiltered.csv
COVID-19,Unspecified,BRAZIL,2021-03-21,World Health Organization COVID-19 Dashboard,90570.0,AllNationalFiltered.csv
COVID-19,Unspecified,BRAZIL,2021-03-22,World Health Organization COVID-19 Dashboard,79069.0,AllNationalFiltered.csv
COVID-19,Unspecified,BRAZIL,2021-03-23,World Health Organization COVID-19 Dashboard,47774.0,AllNationalFiltered.csv
COVID-19,Unspecified,BRAZIL,2021-03-24,World Health Organization COVID-19 Dashboard,49293.0,AllNationalFiltered.csv
COVID-19,Unspecified,BRAZIL,2021-03-25,World Health Organization COVID-19 Dashboard,82493.0,AllNationalFiltered.csv
COVID-19,Unspecified,BRAZIL,2021-03-26,World Health Organization COVID-19 Dashboard,89992.0,AllNationalFiltered.csv
COVID-19,Unspecified,BRAZIL,2021-03-27,World Health Organization COVID-19 Dashboard,100158.0,AllNationalFiltered.csv
COVID-19,Unspecified,BRAZIL,2021-03-28,World Health Organization COVID-19 Dashboard,84245.0,AllNationalFiltered.csv
COVID-19,Unspecified,BRAZIL,2021-03-29,World Health Organization COVID-19 Dashboard,85948.0,AllNationalFiltered.csv
COVID-19,Unspecified,BRAZIL,2021-03-30,World Health Organization COVID-19 Dashboard,44326.0,AllNationalFiltered.csv
COVID-19,Unspecified,BRAZIL,2021-03-31,World Health Organization COVID-19 Dashboard,38927.0,AllNationalFiltered.csv
COVID-19,Unspecified,BRAZIL,2021-04-01,World Health Organization COVID-19 Dashboard,84494.0,AllNationalFiltered.csv
COVID-19,Unspecified,BRAZIL,2021-04-02,World Health Organization COVID-19 Dashboard,90638.0,AllNationalFiltered.csv
COVID-19,Unspecified,BRAZIL,2021-04-03,World Health Organization COVID-19 Dashboard,91097.0,AllNationalFiltered.csv
COVID-19,Unspecified,BRAZIL,2021-04-04,World Health Organization COVID-19 Dashboard,70238.0,AllNationalFiltered.csv
COVID-19,Unspecified,BRAZIL,2021-04-05,World Health Organization COVID-19 Dashboard,43515.0,AllNationalFiltered.csv
COVID-19,Unspecified,BRAZIL,2021-04-06,World Health Organization COVID-19 Dashboard,31359.0,AllNationalFiltered.csv
COVID-19,Unspecified,BRAZIL,2021-04-07,World Health Organization COVID-19 Dashboard,28645.0,AllNationalFiltered.csv
COVID-19,Unspecified,BRAZIL,2021-04-08,World Health Organization COVID-19 Dashboard,86979.0,AllNationalFiltered.csv
COVID-19,Unspecified,BRAZIL,2021-04-09,World Health Organization COVID-19 Dashboard,92625.0,AllNationalFiltered.csv
COVID-19,Unspecified,BRAZIL,2021-04-10,World Health Organization COVID-19 Dashboard,86652.0,AllNationalFiltered.csv
COVID-19,Unspecified,BRAZIL,2021-04-11,World Health Organization COVID-19 Dashboard,93317.0,AllNationalFiltered.csv
COVID-19,Unspecified,BRAZIL,2021-04-12,World Health Organization COVID-19 Dashboard,71832.0,AllNationalFiltered.csv
COVID-19,Unspecified,BRAZIL,2021-04-13,World Health Organization COVID-19 Dashboard,37017.0,AllNationalFiltered.csv
COVID-19,Unspecified,BRAZIL,2021-04-14,World Health Organization COVID-19 Dashboard,35785.0,AllNationalFiltered.csv
COVID-19,Unspecified,BRAZIL,2021-04-15,World Health Organization COVID-19 Dashboard,82186.0,AllNationalFiltered.csv
COVID-19,Unspecified,BRAZIL,2021-04-16,World Health Organization COVID-19 Dashboard,73513.0,AllNationalFiltered.csv
COVID-19,Unspecified,BRAZIL,2021-04-17,World Health Organization COVID-19 Dashboard,73174.0,AllNationalFiltered.csv
COVID-19,Unspecified,BRAZIL,2021-04-18,World Health Organization COVID-19 Dashboard,85774.0,AllNationalFiltered.csv
COVID-19,Unspecified,BRAZIL,2021-04-19,World Health Organization COVID-19 Dashboard,67636.0,AllNationalFiltered.csv
COVID-19,Unspecified,BRAZIL,2021-04-20,World Health Organization COVID-19 Dashboard,42980.0,AllNationalFiltered.csv
COVID-19,Unspecified,BRAZIL,2021-04-21,World Health Organization COVID-19 Dashboard,30624.0,AllNationalFiltered.csv
COVID-19,Unspecified,BRAZIL,2021-04-22,World Health Organization COVID-19 Dashboard,69381.0,AllNationalFiltered.csv
COVID-19,Unspecified,BRAZIL,2021-04-23,World Health Organization COVID-19 Dashboard,79719.0,AllNationalFiltered.csv
COVID-19,Unspecified,BRAZIL,2021-04-24,World Health Organization COVID-19 Dashboard,45178.0,AllNationalFiltered.csv
COVID-19,Unspecified,BRAZIL,2021-04-25,World Health Organization COVID-19 Dashboard,69105.0,AllNationalFiltered.csv
COVID-19,Unspecified,BRAZIL,2021-04-26,World Health Organization COVID-19 Dashboard,71137.0,AllNationalFiltered.csv
COVID-19,Unspecified,BRAZIL,2021-04-27,World Health Organization COVID-19 Dashboard,32572.0,AllNationalFiltered.csv
COVID-19,Unspecified,BRAZIL,2021-04-28,World Health Organization COVID-19 Dashboard,28636.0,AllNationalFiltered.csv
COVID-19,Unspecified,BRAZIL,2021-04-29,World Health Organization COVID-19 Dashboard,72140.0,AllNationalFiltered.csv
COVID-19,Unspecified,BRAZIL,2021-04-30,World Health Organization COVID-19 Dashboard,79726.0,AllNationalFiltered.csv
COVID-19,Unspecified,BRAZIL,2021-05-01,World Health Organization COVID-19 Dashboard,69389.0,AllNationalFiltered.csv
COVID-19,Unspecified,BRAZIL,2021-05-02,World Health Organization COVID-19 Dashboard,68333.0,AllNationalFiltered.csv
COVID-19,Unspecified,BRAZIL,2021-05-03,World Health Organization COVID-19 Dashboard,66964.0,AllNationalFiltered.csv
COVID-19,Unspecified,BRAZIL,2021-05-04,World Health Organization COVID-19 Dashboard,28935.0,AllNationalFiltered.csv
COVID-19,Unspecified,BRAZIL,2021-05-05,World Health Organization COVID-19 Dashboard,24619.0,AllNationalFiltered.csv
COVID-19,Unspecified,BRAZIL,2021-05-06,World Health Organization COVID-19 Dashboard,77359.0,AllNationalFiltered.csv
COVID-19,Unspecified,BRAZIL,2021-05-07,World Health Organization COVID-19 Dashboard,73295.0,AllNationalFiltered.csv
COVID-19,Unspecified,BRAZIL,2021-05-08,World Health Organization COVID-19 Dashboard,73380.0,AllNationalFiltered.csv
COVID-19,Unspecified,BRAZIL,2021-05-09,World Health Organization COVID-19 Dashboard,78886.0,AllNationalFiltered.csv
COVID-19,Unspecified,BRAZIL,2021-05-10,World Health Organization COVID-19 Dashboard,63430.0,AllNationalFiltered.csv
COVID-19,Unspecified,BRAZIL,2021-05-11,World Health Organization COVID-19 Dashboard,38911.0,AllNationalFiltered.csv
COVID-19,Unspecified,BRAZIL,2021-05-12,World Health Organization COVID-19 Dashboard,25200.0,AllNationalFiltered.csv
COVID-19,Unspecified,BRAZIL,2021-05-13,World Health Organization COVID-19 Dashboard,72715.0,AllNationalFiltered.csv
COVID-19,Unspecified,BRAZIL,2021-05-14,World Health Organization COVID-19 Dashboard,76692.0,AllNationalFiltered.csv
COVID-19,Unspecified,BRAZIL,2021-05-15,World Health Organization COVID-19 Dashboard,74592.0,AllNationalFiltered.csv
COVID-19,Unspecified,BRAZIL,2021-05-16,World Health Organization COVID-19 Dashboard,85536.0,AllNationalFiltered.csv
COVID-19,Unspecified,BRAZIL,2021-05-17,World Health Organization COVID-19 Dashboard,67009.0,AllNationalFiltered.csv
COVID-19,Unspecified,BRAZIL,2021-05-18,World Health Organization COVID-19 Dashboard,40941.0,AllNationalFiltered.csv
COVID-19,Unspecified,BRAZIL,2021-05-19,World Health Organization COVID-19 Dashboard,29916.0,AllNationalFiltered.csv
COVID-19,Unspecified,BRAZIL,2021-05-20,World Health Organization COVID-19 Dashboard,75445.0,AllNationalFiltered.csv
COVID-19,Unspecified,BRAZIL,2021-05-21,World Health Organization COVID-19 Dashboard,79219.0,AllNationalFiltered.csv
COVID-19,Unspecified,BRAZIL,2021-05-22,World Health Organization COVID-19 Dashboard,82039.0,AllNationalFiltered.csv
COVID-19,Unspecified,BRAZIL,2021-05-23,World Health Organization COVID-19 Dashboard,76855.0,AllNationalFiltered.csv
COVID-19,Unspecified,BRAZIL,2021-05-24,World Health Organization COVID-19 Dashboard,76490.0,AllNationalFiltered.csv
COVID-19,Unspecified,BRAZIL,2021-05-25,World Health Organization COVID-19 Dashboard,35819.0,AllNationalFiltered.csv
COVID-19,Unspecified,BRAZIL,2021-05-26,World Health Organization COVID-19 Dashboard,37498.0,AllNationalFiltered.csv
COVID-19,Unspecified,BRAZIL,2021-05-27,World Health Organization COVID-19 Dashboard,73453.0,AllNationalFiltered.csv
COVID-19,Unspecified,BRAZIL,2021-05-28,World Health Organization COVID-19 Dashboard,80486.0,AllNationalFiltered.csv
COVID-19,Unspecified,BRAZIL,2021-05-29,World Health Organization COVID-19 Dashboard,67467.0,AllNationalFiltered.csv
COVID-19,Unspecified,BRAZIL,2021-05-30,World Health Organization COVID-19 Dashboard,49768.0,AllNationalFiltered.csv
COVID-19,Unspecified,BRAZIL,2021-05-31,World Health Organization COVID-19 Dashboard,79670.0,AllNationalFiltered.csv
COVID-19,Unspecified,BRAZIL,2021-06-01,World Health Organization COVID-19 Dashboard,43520.0,AllNationalFiltered.csv
COVID-19,Unspecified,BRAZIL,2021-06-02,World Health Organization COVID-19 Dashboard,30434.0,AllNationalFiltered.csv
COVID-19,Unspecified,BRAZIL,2021-06-03,World Health Organization COVID-19 Dashboard,78926.0,AllNationalFiltered.csv
COVID-19,Unspecified,BRAZIL,2021-06-04,World Health Organization COVID-19 Dashboard,95601.0,AllNationalFiltered.csv
COVID-19,Unspecified,BRAZIL,2021-06-05,World Health Organization COVID-19 Dashboard,83391.0,AllNationalFiltered.csv
COVID-19,Unspecified,BRAZIL,2021-06-06,World Health Organization COVID-19 Dashboard,37936.0,AllNationalFiltered.csv
COVID-19,Unspecified,BRAZIL,2021-06-07,World Health Organization COVID-19 Dashboard,66017.0,AllNationalFiltered.csv
COVID-19,Unspecified,BRAZIL,2021-06-08,World Health Organization COVID-19 Dashboard,39637.0,AllNationalFiltered.csv
COVID-19,Unspecified,BRAZIL,2021-06-09,World Health Organization COVID-19 Dashboard,37156.0,AllNationalFiltered.csv
COVID-19,Unspecified,BRAZIL,2021-06-10,World Health Organization COVID-19 Dashboard,52911.0,AllNationalFiltered.csv
COVID-19,Unspecified,BRAZIL,2021-06-11,World Health Organization COVID-19 Dashboard,85748.0,AllNationalFiltered.csv
COVID-19,Unspecified,BRAZIL,2021-06-12,World Health Organization COVID-19 Dashboard,88092.0,AllNationalFiltered.csv
COVID-19,Unspecified,BRAZIL,2021-06-13,World Health Organization COVID-19 Dashboard,85149.0,AllNationalFiltered.csv
COVID-19,Unspecified,BRAZIL,2021-06-14,World Health Organization COVID-19 Dashboard,78700.0,AllNationalFiltered.csv
COVID-19,Unspecified,BRAZIL,2021-06-15,World Health Organization COVID-19 Dashboard,37948.0,AllNationalFiltered.csv
COVID-19,Unspecified,BRAZIL,2021-06-16,World Health Organization COVID-19 Dashboard,39846.0,AllNationalFiltered.csv
COVID-19,Unspecified,BRAZIL,2021-06-17,World Health Organization COVID-19 Dashboard,80609.0,AllNationalFiltered.csv
COVID-19,Unspecified,BRAZIL,2021-06-18,World Health Organization COVID-19 Dashboard,95367.0,AllNationalFiltered.csv
COVID-19,Unspecified,BRAZIL,2021-06-19,World Health Organization COVID-19 Dashboard,74042.0,AllNationalFiltered.csv
COVID-19,Unspecified,BRAZIL,2021-06-20,World Health Organization COVID-19 Dashboard,98832.0,AllNationalFiltered.csv
COVID-19,Unspecified,BRAZIL,2021-06-21,World Health Organization COVID-19 Dashboard,82288.0,AllNationalFiltered.csv
COVID-19,Unspecified,BRAZIL,2021-06-22,World Health Organization COVID-19 Dashboard,44178.0,AllNationalFiltered.csv
COVID-19,Unspecified,BRAZIL,2021-06-23,World Health Organization COVID-19 Dashboard,38903.0,AllNationalFiltered.csv
COVID-19,Unspecified,BRAZIL,2021-06-24,World Health Organization COVID-19 Dashboard,87822.0,AllNationalFiltered.csv
COVID-19,Unspecified,BRAZIL,2021-06-25,World Health Organization COVID-19 Dashboard,115228.0,AllNationalFiltered.csv
COVID-19,Unspecified,BRAZIL,2021-06-26,World Health Organization COVID-19 Dashboard,73602.0,AllNationalFiltered.csv
COVID-19,Unspecified,BRAZIL,2021-06-27,World Health Organization COVID-19 Dashboard,79277.0,AllNationalFiltered.csv
COVID-19,Unspecified,BRAZIL,2021-06-28,World Health Organization COVID-19 Dashboard,64134.0,AllNationalFiltered.csv
COVID-19,Unspecified,BRAZIL,2021-06-29,World Health Organization COVID-19 Dashboard,33704.0,AllNationalFiltered.csv
COVID-19,Unspecified,BRAZIL,2021-06-30,World Health Organization COVID-19 Dashboard,27804.0,AllNationalFiltered.csv
COVID-19,Unspecified,BRAZIL,2021-07-01,World Health Organization COVID-19 Dashboard,64903.0,AllNationalFiltered.csv
COVID-19,Unspecified,BRAZIL,2021-07-02,World Health Organization COVID-19 Dashboard,43836.0,AllNationalFiltered.csv
COVID-19,Unspecified,BRAZIL,2021-07-03,World Health Organization COVID-19 Dashboard,65163.0,AllNationalFiltered.csv
COVID-19,Unspecified,BRAZIL,2021-07-04,World Health Organization COVID-19 Dashboard,65165.0,AllNationalFiltered.csv
COVID-19,Unspecified,BRAZIL,2021-07-05,World Health Organization COVID-19 Dashboard,54556.0,AllNationalFiltered.csv
COVID-19,Unspecified,BRAZIL,2021-07-06,World Health Organization COVID-19 Dashboard,27783.0,AllNationalFiltered.csv
COVID-19,Unspecified,BRAZIL,2021-07-07,World Health Organization COVID-19 Dashboard,22703.0,AllNationalFiltered.csv
COVID-19,Unspecified,BRAZIL,2021-07-08,World Health Organization COVID-19 Dashboard,62504.0,AllNationalFiltered.csv
COVID-19,Unspecified,BRAZIL,2021-07-09,World Health Organization COVID-19 Dashboard,54022.0,AllNationalFiltered.csv
COVID-19,Unspecified,BRAZIL,2021-07-10,World Health Organization COVID-19 Dashboard,53725.0,AllNationalFiltered.csv
COVID-19,Unspecified,BRAZIL,2021-07-11,World Health Organization COVID-19 Dashboard,57737.0,AllNationalFiltered.csv
COVID-19,Unspecified,BRAZIL,2021-07-12,World Health Organization COVID-19 Dashboard,48504.0,AllNationalFiltered.csv
COVID-19,Unspecified,BRAZIL,2021-07-13,World Health Organization COVID-19 Dashboard,20937.0,AllNationalFiltered.csv
COVID-19,Unspecified,BRAZIL,2021-07-14,World Health Organization COVID-19 Dashboard,17031.0,AllNationalFiltered.csv
COVID-19,Unspecified,BRAZIL,2021-07-15,World Health Organization COVID-19 Dashboard,45022.0,AllNationalFiltered.csv
COVID-19,Unspecified,BRAZIL,2021-07-16,World Health Organization COVID-19 Dashboard,57736.0,AllNationalFiltered.csv
COVID-19,Unspecified,BRAZIL,2021-07-17,World Health Organization COVID-19 Dashboard,52789.0,AllNationalFiltered.csv
COVID-19,Unspecified,BRAZIL,2021-07-18,World Health Organization COVID-19 Dashboard,45591.0,AllNationalFiltered.csv
COVID-19,Unspecified,BRAZIL,2021-07-19,World Health Organization COVID-19 Dashboard,34339.0,AllNationalFiltered.csv
COVID-19,Unspecified,BRAZIL,2021-07-20,World Health Organization COVID-19 Dashboard,34126.0,AllNationalFiltered.csv
COVID-19,Unspecified,BRAZIL,2021-07-21,World Health Organization COVID-19 Dashboard,15271.0,AllNationalFiltered.csv
COVID-19,Unspecified,BRAZIL,2021-07-22,World Health Organization COVID-19 Dashboard,27592.0,AllNationalFiltered.csv
COVID-19,Unspecified,BRAZIL,2021-07-23,World Health Organization COVID-19 Dashboard,54517.0,AllNationalFiltered.csv
COVID-19,Unspecified,BRAZIL,2021-07-24,World Health Organization COVID-19 Dashboard,49757.0,AllNationalFiltered.csv
COVID-19,Unspecified,BRAZIL,2021-07-25,World Health Organization COVID-19 Dashboard,108732.0,AllNationalFiltered.csv
COVID-19,Unspecified,BRAZIL,2021-07-26,World Health Organization COVID-19 Dashboard,38091.0,AllNationalFiltered.csv
COVID-19,Unspecified,BRAZIL,2021-07-27,World Health Organization COVID-19 Dashboard,18129.0,AllNationalFiltered.csv
COVID-19,Unspecified,BRAZIL,2021-07-28,World Health Organization COVID-19 Dashboard,18999.0,AllNationalFiltered.csv
COVID-19,Unspecified,BRAZIL,2021-07-29,World Health Organization COVID-19 Dashboard,41411.0,AllNationalFiltered.csv
COVID-19,Unspecified,BRAZIL,2021-07-30,World Health Organization COVID-19 Dashboard,48013.0,AllNationalFiltered.csv
COVID-19,Unspecified,BRAZIL,2021-07-31,World Health Organization COVID-19 Dashboard,42283.0,AllNationalFiltered.csv
COVID-19,Unspecified,AUSTRALIA,2020-01-04,World Health Organization COVID-19 Dashboard,0.0,AllNationalFiltered.csv
COVID-19,Unspecified,AUSTRALIA,2020-01-05,World Health Organization COVID-19 Dashboard,0.0,AllNationalFiltered.csv
COVID-19,Unspecified,AUSTRALIA,2020-01-06,World Health Organization COVID-19 Dashboard,0.0,AllNationalFiltered.csv
COVID-19,Unspecified,AUSTRALIA,2020-01-07,World Health Organization COVID-19 Dashboard,0.0,AllNationalFiltered.csv
COVID-19,Unspecified,AUSTRALIA,2020-01-08,World Health Organization COVID-19 Dashboard,0.0,AllNationalFiltered.csv
COVID-19,Unspecified,AUSTRALIA,2020-01-09,World Health Organization COVID-19 Dashboard,0.0,AllNationalFiltered.csv
COVID-19,Unspecified,AUSTRALIA,2020-01-10,World Health Organization COVID-19 Dashboard,0.0,AllNationalFiltered.csv
COVID-19,Unspecified,AUSTRALIA,2020-01-11,World Health Organization COVID-19 Dashboard,0.0,AllNationalFiltered.csv
COVID-19,Unspecified,AUSTRALIA,2020-01-12,World Health Organization COVID-19 Dashboard,0.0,AllNationalFiltered.csv
COVID-19,Unspecified,AUSTRALIA,2020-01-13,World Health Organization COVID-19 Dashboard,0.0,AllNationalFiltered.csv
COVID-19,Unspecified,AUSTRALIA,2020-01-14,World Health Organization COVID-19 Dashboard,0.0,AllNationalFiltered.csv
COVID-19,Unspecified,AUSTRALIA,2020-01-15,World Health Organization COVID-19 Dashboard,0.0,AllNationalFiltered.csv
COVID-19,Unspecified,AUSTRALIA,2020-01-16,World Health Organization COVID-19 Dashboard,0.0,AllNationalFiltered.csv
COVID-19,Unspecified,AUSTRALIA,2020-01-17,World Health Organization COVID-19 Dashboard,0.0,AllNationalFiltered.csv
COVID-19,Unspecified,AUSTRALIA,2020-01-18,World Health Organization COVID-19 Dashboard,0.0,AllNationalFiltered.csv
COVID-19,Unspecified,AUSTRALIA,2020-01-19,World Health Organization COVID-19 Dashboard,0.0,AllNationalFiltered.csv
COVID-19,Unspecified,AUSTRALIA,2020-01-20,World Health Organization COVID-19 Dashboard,0.0,AllNationalFiltered.csv
COVID-19,Unspecified,AUSTRALIA,2020-01-21,World Health Organization COVID-19 Dashboard,0.0,AllNationalFiltered.csv
COVID-19,Unspecified,AUSTRALIA,2020-01-22,World Health Organization COVID-19 Dashboard,0.0,AllNationalFiltered.csv
COVID-19,Unspecified,AUSTRALIA,2020-01-23,World Health Organization COVID-19 Dashboard,0.0,AllNationalFiltered.csv
COVID-19,Unspecified,AUSTRALIA,2020-01-24,World Health Organization COVID-19 Dashboard,0.0,AllNationalFiltered.csv
COVID-19,Unspecified,AUSTRALIA,2020-01-25,World Health Organization COVID-19 Dashboard,1.0,AllNationalFiltered.csv
COVID-19,Unspecified,AUSTRALIA,2020-01-26,World Health Organization COVID-19 Dashboard,3.0,AllNationalFiltered.csv
COVID-19,Unspecified,AUSTRALIA,2020-01-27,World Health Organization COVID-19 Dashboard,0.0,AllNationalFiltered.csv
COVID-19,Unspecified,AUSTRALIA,2020-01-28,World Health Organization COVID-19 Dashboard,1.0,AllNationalFiltered.csv
COVID-19,Unspecified,AUSTRALIA,2020-01-29,World Health Organization COVID-19 Dashboard,0.0,AllNationalFiltered.csv
COVID-19,Unspecified,AUSTRALIA,2020-01-30,World Health Organization COVID-19 Dashboard,2.0,AllNationalFiltered.csv
COVID-19,Unspecified,AUSTRALIA,2020-01-31,World Health Organization COVID-19 Dashboard,2.0,AllNationalFiltered.csv
COVID-19,Unspecified,AUSTRALIA,2020-02-01,World Health Organization COVID-19 Dashboard,0.0,AllNationalFiltered.csv
COVID-19,Unspecified,AUSTRALIA,2020-02-02,World Health Organization COVID-19 Dashboard,3.0,AllNationalFiltered.csv
COVID-19,Unspecified,AUSTRALIA,2020-02-03,World Health Organization COVID-19 Dashboard,0.0,AllNationalFiltered.csv
COVID-19,Unspecified,AUSTRALIA,2020-02-04,World Health Organization COVID-19 Dashboard,0.0,AllNationalFiltered.csv
COVID-19,Unspecified,AUSTRALIA,2020-02-05,World Health Organization COVID-19 Dashboard,1.0,AllNationalFiltered.csv
COVID-19,Unspecified,AUSTRALIA,2020-02-06,World Health Organization COVID-19 Dashboard,1.0,AllNationalFiltered.csv
COVID-19,Unspecified,AUSTRALIA,2020-02-07,World Health Organization COVID-19 Dashboard,1.0,AllNationalFiltered.csv
COVID-19,Unspecified,AUSTRALIA,2020-02-08,World Health Organization COVID-19 Dashboard,0.0,AllNationalFiltered.csv
COVID-19,Unspecified,AUSTRALIA,2020-02-09,World Health Organization COVID-19 Dashboard,0.0,AllNationalFiltered.csv
COVID-19,Unspecified,AUSTRALIA,2020-02-10,World Health Organization COVID-19 Dashboard,0.0,AllNationalFiltered.csv
COVID-19,Unspecified,AUSTRALIA,2020-02-11,World Health Organization COVID-19 Dashboard,0.0,AllNationalFiltered.csv
COVID-19,Unspecified,AUSTRALIA,2020-02-12,World Health Organization COVID-19 Dashboard,0.0,AllNationalFiltered.csv
COVID-19,Unspecified,AUSTRALIA,2020-02-13,World Health Organization COVID-19 Dashboard,0.0,AllNationalFiltered.csv
COVID-19,Unspecified,AUSTRALIA,2020-02-14,World Health Organization COVID-19 Dashboard,0.0,AllNationalFiltered.csv
COVID-19,Unspecified,AUSTRALIA,2020-02-15,World Health Organization COVID-19 Dashboard,0.0,AllNationalFiltered.csv
COVID-19,Unspecified,AUSTRALIA,2020-02-16,World Health Organization COVID-19 Dashboard,0.0,AllNationalFiltered.csv
COVID-19,Unspecified,AUSTRALIA,2020-02-17,World Health Organization COVID-19 Dashboard,0.0,AllNationalFiltered.csv
COVID-19,Unspecified,AUSTRALIA,2020-02-18,World Health Organization COVID-19 Dashboard,0.0,AllNationalFiltered.csv
COVID-19,Unspecified,AUSTRALIA,2020-02-19,World Health Organization COVID-19 Dashboard,0.0,AllNationalFiltered.csv
COVID-19,Unspecified,AUSTRALIA,2020-02-20,World Health Organization COVID-19 Dashboard,0.0,AllNationalFiltered.csv
COVID-19,Unspecified,AUSTRALIA,2020-02-21,World Health Organization COVID-19 Dashboard,0.0,AllNationalFiltered.csv
COVID-19,Unspecified,AUSTRALIA,2020-02-22,World Health Organization COVID-19 Dashboard,6.0,AllNationalFiltered.csv
COVID-19,Unspecified,AUSTRALIA,2020-02-23,World Health Organization COVID-19 Dashboard,1.0,AllNationalFiltered.csv
COVID-19,Unspecified,AUSTRALIA,2020-02-24,World Health Organization COVID-19 Dashboard,0.0,AllNationalFiltered.csv
COVID-19,Unspecified,AUSTRALIA,2020-02-25,World Health Organization COVID-19 Dashboard,0.0,AllNationalFiltered.csv
COVID-19,Unspecified,AUSTRALIA,2020-02-26,World Health Organization COVID-19 Dashboard,1.0,AllNationalFiltered.csv
COVID-19,Unspecified,AUSTRALIA,2020-02-27,World Health Organization COVID-19 Dashboard,0.0,AllNationalFiltered.csv
COVID-19,Unspecified,AUSTRALIA,2020-02-28,World Health Organization COVID-19 Dashboard,0.0,AllNationalFiltered.csv
COVID-19,Unspecified,AUSTRALIA,2020-02-29,World Health Organization COVID-19 Dashboard,2.0,AllNationalFiltered.csv
COVID-19,Unspecified,AUSTRALIA,2020-03-01,World Health Organization COVID-19 Dashboard,0.0,AllNationalFiltered.csv
COVID-19,Unspecified,AUSTRALIA,2020-03-02,World Health Organization COVID-19 Dashboard,4.0,AllNationalFiltered.csv
COVID-19,Unspecified,AUSTRALIA,2020-03-03,World Health Organization COVID-19 Dashboard,0.0,AllNationalFiltered.csv
COVID-19,Unspecified,AUSTRALIA,2020-03-04,World Health Organization COVID-19 Dashboard,4.0,AllNationalFiltered.csv
COVID-19,Unspecified,AUSTRALIA,2020-03-05,World Health Organization COVID-19 Dashboard,10.0,AllNationalFiltered.csv
COVID-19,Unspecified,AUSTRALIA,2020-03-06,World Health Organization COVID-19 Dashboard,14.0,AllNationalFiltered.csv
COVID-19,Unspecified,AUSTRALIA,2020-03-07,World Health Organization COVID-19 Dashboard,6.0,AllNationalFiltered.csv
COVID-19,Unspecified,AUSTRALIA,2020-03-08,World Health Organization COVID-19 Dashboard,7.0,AllNationalFiltered.csv
COVID-19,Unspecified,AUSTRALIA,2020-03-09,World Health Organization COVID-19 Dashboard,7.0,AllNationalFiltered.csv
COVID-19,Unspecified,AUSTRALIA,2020-03-10,World Health Organization COVID-19 Dashboard,15.0,AllNationalFiltered.csv
COVID-19,Unspecified,AUSTRALIA,2020-03-11,World Health Organization COVID-19 Dashboard,8.0,AllNationalFiltered.csv
COVID-19,Unspecified,AUSTRALIA,2020-03-12,World Health Organization COVID-19 Dashboard,22.0,AllNationalFiltered.csv
COVID-19,Unspecified,AUSTRALIA,2020-03-13,World Health Organization COVID-19 Dashboard,18.0,AllNationalFiltered.csv
COVID-19,Unspecified,AUSTRALIA,2020-03-14,World Health Organization COVID-19 Dashboard,57.0,AllNationalFiltered.csv
COVID-19,Unspecified,AUSTRALIA,2020-03-15,World Health Organization COVID-19 Dashboard,52.0,AllNationalFiltered.csv
COVID-19,Unspecified,AUSTRALIA,2020-03-16,World Health Organization COVID-19 Dashboard,49.0,AllNationalFiltered.csv
COVID-19,Unspecified,AUSTRALIA,2020-03-17,World Health Organization COVID-19 Dashboard,38.0,AllNationalFiltered.csv
COVID-19,Unspecified,AUSTRALIA,2020-03-18,World Health Organization COVID-19 Dashboard,78.0,AllNationalFiltered.csv
COVID-19,Unspecified,AUSTRALIA,2020-03-19,World Health Organization COVID-19 Dashboard,151.0,AllNationalFiltered.csv
COVID-19,Unspecified,AUSTRALIA,2020-03-20,World Health Organization COVID-19 Dashboard,126.0,AllNationalFiltered.csv
COVID-19,Unspecified,AUSTRALIA,2020-03-21,World Health Organization COVID-19 Dashboard,182.0,AllNationalFiltered.csv
COVID-19,Unspecified,AUSTRALIA,2020-03-22,World Health Organization COVID-19 Dashboard,208.0,AllNationalFiltered.csv
COVID-19,Unspecified,AUSTRALIA,2020-03-23,World Health Organization COVID-19 Dashboard,315.0,AllNationalFiltered.csv
COVID-19,Unspecified,AUSTRALIA,2020-03-24,World Health Organization COVID-19 Dashboard,313.0,AllNationalFiltered.csv
COVID-19,Unspecified,AUSTRALIA,2020-03-25,World Health Organization COVID-19 Dashboard,543.0,AllNationalFiltered.csv
COVID-19,Unspecified,AUSTRALIA,2020-03-26,World Health Organization COVID-19 Dashboard,171.0,AllNationalFiltered.csv
COVID-19,Unspecified,AUSTRALIA,2020-03-27,World Health Organization COVID-19 Dashboard,562.0,AllNationalFiltered.csv
COVID-19,Unspecified,AUSTRALIA,2020-03-28,World Health Organization COVID-19 Dashboard,393.0,AllNationalFiltered.csv
COVID-19,Unspecified,AUSTRALIA,2020-03-29,World Health Organization COVID-19 Dashboard,431.0,AllNationalFiltered.csv
COVID-19,Unspecified,AUSTRALIA,2020-03-30,World Health Organization COVID-19 Dashboard,284.0,AllNationalFiltered.csv
COVID-19,Unspecified,AUSTRALIA,2020-03-31,World Health Organization COVID-19 Dashboard,266.0,AllNationalFiltered.csv
COVID-19,Unspecified,AUSTRALIA,2020-04-01,World Health Organization COVID-19 Dashboard,348.0,AllNationalFiltered.csv
COVID-19,Unspecified,AUSTRALIA,2020-04-02,World Health Organization COVID-19 Dashboard,269.0,AllNationalFiltered.csv
COVID-19,Unspecified,AUSTRALIA,2020-04-03,World Health Organization COVID-19 Dashboard,248.0,AllNationalFiltered.csv
COVID-19,Unspecified,AUSTRALIA,2020-04-04,World Health Organization COVID-19 Dashboard,230.0,AllNationalFiltered.csv
COVID-19,Unspecified,AUSTRALIA,2020-04-05,World Health Organization COVID-19 Dashboard,181.0,AllNationalFiltered.csv
COVID-19,Unspecified,AUSTRALIA,2020-04-06,World Health Organization COVID-19 Dashboard,109.0,AllNationalFiltered.csv
COVID-19,Unspecified,AUSTRALIA,2020-04-07,World Health Organization COVID-19 Dashboard,100.0,AllNationalFiltered.csv
COVID-19,Unspecified,AUSTRALIA,2020-04-08,World Health Organization COVID-19 Dashboard,112.0,AllNationalFiltered.csv
COVID-19,Unspecified,AUSTRALIA,2020-04-09,World Health Organization COVID-19 Dashboard,96.0,AllNationalFiltered.csv
COVID-19,Unspecified,AUSTRALIA,2020-04-10,World Health Organization COVID-19 Dashboard,100.0,AllNationalFiltered.csv
COVID-19,Unspecified,AUSTRALIA,2020-04-11,World Health Organization COVID-19 Dashboard,86.0,AllNationalFiltered.csv
COVID-19,Unspecified,AUSTRALIA,2020-04-12,World Health Organization COVID-19 Dashboard,51.0,AllNationalFiltered.csv
COVID-19,Unspecified,AUSTRALIA,2020-04-13,World Health Organization COVID-19 Dashboard,33.0,AllNationalFiltered.csv
COVID-19,Unspecified,AUSTRALIA,2020-04-14,World Health Organization COVID-19 Dashboard,44.0,AllNationalFiltered.csv
COVID-19,Unspecified,AUSTRALIA,2020-04-15,World Health Organization COVID-19 Dashboard,50.0,AllNationalFiltered.csv
COVID-19,Unspecified,AUSTRALIA,2020-04-16,World Health Organization COVID-19 Dashboard,42.0,AllNationalFiltered.csv
COVID-19,Unspecified,AUSTRALIA,2020-04-17,World Health Organization COVID-19 Dashboard,10.0,AllNationalFiltered.csv
COVID-19,Unspecified,AUSTRALIA,2020-04-18,World Health Organization COVID-19 Dashboard,65.0,AllNationalFiltered.csv
COVID-19,Unspecified,AUSTRALIA,2020-04-19,World Health Organization COVID-19 Dashboard,53.0,AllNationalFiltered.csv
COVID-19,Unspecified,AUSTRALIA,2020-04-20,World Health Organization COVID-19 Dashboard,26.0,AllNationalFiltered.csv
COVID-19,Unspecified,AUSTRALIA,2020-04-21,World Health Organization COVID-19 Dashboard,13.0,AllNationalFiltered.csv
COVID-19,Unspecified,AUSTRALIA,2020-04-22,World Health Organization COVID-19 Dashboard,22.0,AllNationalFiltered.csv
COVID-19,Unspecified,AUSTRALIA,2020-04-23,World Health Organization COVID-19 Dashboard,7.0,AllNationalFiltered.csv
COVID-19,Unspecified,AUSTRALIA,2020-04-24,World Health Organization COVID-19 Dashboard,13.0,AllNationalFiltered.csv
COVID-19,Unspecified,AUSTRALIA,2020-04-25,World Health Organization COVID-19 Dashboard,20.0,AllNationalFiltered.csv
COVID-19,Unspecified,AUSTRALIA,2020-04-26,World Health Organization COVID-19 Dashboard,16.0,AllNationalFiltered.csv
COVID-19,Unspecified,AUSTRALIA,2020-04-27,World Health Organization COVID-19 Dashboard,10.0,AllNationalFiltered.csv
COVID-19,Unspecified,AUSTRALIA,2020-04-28,World Health Organization COVID-19 Dashboard,12.0,AllNationalFiltered.csv
COVID-19,Unspecified,AUSTRALIA,2020-04-29,World Health Organization COVID-19 Dashboard,13.0,AllNationalFiltered.csv
COVID-19,Unspecified,AUSTRALIA,2020-04-30,World Health Organization COVID-19 Dashboard,8.0,AllNationalFiltered.csv
COVID-19,Unspecified,AUSTRALIA,2020-05-01,World Health Organization COVID-19 Dashboard,16.0,AllNationalFiltered.csv
COVID-19,Unspecified,AUSTRALIA,2020-05-02,World Health Organization COVID-19 Dashboard,5.0,AllNationalFiltered.csv
COVID-19,Unspecified,AUSTRALIA,2020-05-03,World Health Organization COVID-19 Dashboard,16.0,AllNationalFiltered.csv
COVID-19,Unspecified,AUSTRALIA,2020-05-04,World Health Organization COVID-19 Dashboard,18.0,AllNationalFiltered.csv
COVID-19,Unspecified,AUSTRALIA,2020-05-05,World Health Organization COVID-19 Dashboard,24.0,AllNationalFiltered.csv
COVID-19,Unspecified,AUSTRALIA,2020-05-06,World Health Organization COVID-19 Dashboard,24.0,AllNationalFiltered.csv
COVID-19,Unspecified,AUSTRALIA,2020-05-07,World Health Organization COVID-19 Dashboard,26.0,AllNationalFiltered.csv
COVID-19,Unspecified,AUSTRALIA,2020-05-08,World Health Organization COVID-19 Dashboard,21.0,AllNationalFiltered.csv
COVID-19,Unspecified,AUSTRALIA,2020-05-09,World Health Organization COVID-19 Dashboard,18.0,AllNationalFiltered.csv
COVID-19,Unspecified,AUSTRALIA,2020-05-10,World Health Organization COVID-19 Dashboard,15.0,AllNationalFiltered.csv
COVID-19,Unspecified,AUSTRALIA,2020-05-11,World Health Organization COVID-19 Dashboard,12.0,AllNationalFiltered.csv
COVID-19,Unspecified,AUSTRALIA,2020-05-12,World Health Organization COVID-19 Dashboard,7.0,AllNationalFiltered.csv
COVID-19,Unspecified,AUSTRALIA,2020-05-13,World Health Organization COVID-19 Dashboard,16.0,AllNationalFiltered.csv
COVID-19,Unspecified,AUSTRALIA,2020-05-14,World Health Organization COVID-19 Dashboard,11.0,AllNationalFiltered.csv
COVID-19,Unspecified,AUSTRALIA,2020-05-15,World Health Organization COVID-19 Dashboard,14.0,AllNationalFiltered.csv
COVID-19,Unspecified,AUSTRALIA,2020-05-16,World Health Organization COVID-19 Dashboard,30.0,AllNationalFiltered.csv
COVID-19,Unspecified,AUSTRALIA,2020-05-17,World Health Organization COVID-19 Dashboard,17.0,AllNationalFiltered.csv
COVID-19,Unspecified,AUSTRALIA,2020-05-18,World Health Organization COVID-19 Dashboard,9.0,AllNationalFiltered.csv
COVID-19,Unspecified,AUSTRALIA,2020-05-19,World Health Organization COVID-19 Dashboard,15.0,AllNationalFiltered.csv
COVID-19,Unspecified,AUSTRALIA,2020-05-20,World Health Organization COVID-19 Dashboard,8.0,AllNationalFiltered.csv
COVID-19,Unspecified,AUSTRALIA,2020-05-21,World Health Organization COVID-19 Dashboard,11.0,AllNationalFiltered.csv
COVID-19,Unspecified,AUSTRALIA,2020-05-22,World Health Organization COVID-19 Dashboard,2.0,AllNationalFiltered.csv
COVID-19,Unspecified,AUSTRALIA,2020-05-23,World Health Organization COVID-19 Dashboard,14.0,AllNationalFiltered.csv
COVID-19,Unspecified,AUSTRALIA,2020-05-24,World Health Organization COVID-19 Dashboard,11.0,AllNationalFiltered.csv
COVID-19,Unspecified,AUSTRALIA,2020-05-25,World Health Organization COVID-19 Dashboard,3.0,AllNationalFiltered.csv
COVID-19,Unspecified,AUSTRALIA,2020-05-26,World Health Organization COVID-19 Dashboard,9.0,AllNationalFiltered.csv
COVID-19,Unspecified,AUSTRALIA,2020-05-27,World Health Organization COVID-19 Dashboard,15.0,AllNationalFiltered.csv
COVID-19,Unspecified,AUSTRALIA,2020-05-28,World Health Organization COVID-19 Dashboard,6.0,AllNationalFiltered.csv
COVID-19,Unspecified,AUSTRALIA,2020-05-29,World Health Organization COVID-19 Dashboard,11.0,AllNationalFiltered.csv
COVID-19,Unspecified,AUSTRALIA,2020-05-30,World Health Organization COVID-19 Dashboard,23.0,AllNationalFiltered.csv
COVID-19,Unspecified,AUSTRALIA,2020-05-31,World Health Organization COVID-19 Dashboard,12.0,AllNationalFiltered.csv
COVID-19,Unspecified,AUSTRALIA,2020-06-01,World Health Organization COVID-19 Dashboard,10.0,AllNationalFiltered.csv
COVID-19,Unspecified,AUSTRALIA,2020-06-02,World Health Organization COVID-19 Dashboard,9.0,AllNationalFiltered.csv
COVID-19,Unspecified,AUSTRALIA,2020-06-03,World Health Organization COVID-19 Dashboard,17.0,AllNationalFiltered.csv
COVID-19,Unspecified,AUSTRALIA,2020-06-04,World Health Organization COVID-19 Dashboard,8.0,AllNationalFiltered.csv
COVID-19,Unspecified,AUSTRALIA,2020-06-05,World Health Organization COVID-19 Dashboard,11.0,AllNationalFiltered.csv
COVID-19,Unspecified,AUSTRALIA,2020-06-06,World Health Organization COVID-19 Dashboard,11.0,AllNationalFiltered.csv
COVID-19,Unspecified,AUSTRALIA,2020-06-07,World Health Organization COVID-19 Dashboard,4.0,AllNationalFiltered.csv
COVID-19,Unspecified,AUSTRALIA,2020-06-08,World Health Organization COVID-19 Dashboard,5.0,AllNationalFiltered.csv
COVID-19,Unspecified,AUSTRALIA,2020-06-09,World Health Organization COVID-19 Dashboard,5.0,AllNationalFiltered.csv
COVID-19,Unspecified,AUSTRALIA,2020-06-10,World Health Organization COVID-19 Dashboard,2.0,AllNationalFiltered.csv
COVID-19,Unspecified,AUSTRALIA,2020-06-11,World Health Organization COVID-19 Dashboard,0.0,AllNationalFiltered.csv
COVID-19,Unspecified,AUSTRALIA,2020-06-12,World Health Organization COVID-19 Dashboard,18.0,AllNationalFiltered.csv
COVID-19,Unspecified,AUSTRALIA,2020-06-13,World Health Organization COVID-19 Dashboard,5.0,AllNationalFiltered.csv
COVID-19,Unspecified,AUSTRALIA,2020-06-14,World Health Organization COVID-19 Dashboard,12.0,AllNationalFiltered.csv
COVID-19,Unspecified,AUSTRALIA,2020-06-15,World Health Organization COVID-19 Dashboard,18.0,AllNationalFiltered.csv
COVID-19,Unspecified,AUSTRALIA,2020-06-16,World Health Organization COVID-19 Dashboard,15.0,AllNationalFiltered.csv
COVID-19,Unspecified,AUSTRALIA,2020-06-17,World Health Organization COVID-19 Dashboard,12.0,AllNationalFiltered.csv
COVID-19,Unspecified,AUSTRALIA,2020-06-18,World Health Organization COVID-19 Dashboard,23.0,AllNationalFiltered.csv
COVID-19,Unspecified,AUSTRALIA,2020-06-19,World Health Organization COVID-19 Dashboard,21.0,AllNationalFiltered.csv
COVID-19,Unspecified,AUSTRALIA,2020-06-20,World Health Organization COVID-19 Dashboard,18.0,AllNationalFiltered.csv
COVID-19,Unspecified,AUSTRALIA,2020-06-21,World Health Organization COVID-19 Dashboard,27.0,AllNationalFiltered.csv
COVID-19,Unspecified,AUSTRALIA,2020-06-22,World Health Organization COVID-19 Dashboard,25.0,AllNationalFiltered.csv
COVID-19,Unspecified,AUSTRALIA,2020-06-23,World Health Organization COVID-19 Dashboard,13.0,AllNationalFiltered.csv
COVID-19,Unspecified,AUSTRALIA,2020-06-24,World Health Organization COVID-19 Dashboard,18.0,AllNationalFiltered.csv
COVID-19,Unspecified,AUSTRALIA,2020-06-25,World Health Organization COVID-19 Dashboard,29.0,AllNationalFiltered.csv
COVID-19,Unspecified,AUSTRALIA,2020-06-26,World Health Organization COVID-19 Dashboard,37.0,AllNationalFiltered.csv
COVID-19,Unspecified,AUSTRALIA,2020-06-27,World Health Organization COVID-19 Dashboard,37.0,AllNationalFiltered.csv
COVID-19,Unspecified,AUSTRALIA,2020-06-28,World Health Organization COVID-19 Dashboard,46.0,AllNationalFiltered.csv
COVID-19,Unspecified,AUSTRALIA,2020-06-29,World Health Organization COVID-19 Dashboard,45.0,AllNationalFiltered.csv
COVID-19,Unspecified,AUSTRALIA,2020-06-30,World Health Organization COVID-19 Dashboard,81.0,AllNationalFiltered.csv
COVID-19,Unspecified,AUSTRALIA,2020-07-01,World Health Organization COVID-19 Dashboard,67.0,AllNationalFiltered.csv
COVID-19,Unspecified,AUSTRALIA,2020-07-02,World Health Organization COVID-19 Dashboard,86.0,AllNationalFiltered.csv
COVID-19,Unspecified,AUSTRALIA,2020-07-03,World Health Organization COVID-19 Dashboard,81.0,AllNationalFiltered.csv
COVID-19,Unspecified,AUSTRALIA,2020-07-04,World Health Organization COVID-19 Dashboard,254.0,AllNationalFiltered.csv
COVID-19,Unspecified,AUSTRALIA,2020-07-05,World Health Organization COVID-19 Dashboard,107.0,AllNationalFiltered.csv
COVID-19,Unspecified,AUSTRALIA,2020-07-06,World Health Organization COVID-19 Dashboard,87.0,AllNationalFiltered.csv
COVID-19,Unspecified,AUSTRALIA,2020-07-07,World Health Organization COVID-19 Dashboard,137.0,AllNationalFiltered.csv
COVID-19,Unspecified,AUSTRALIA,2020-07-08,World Health Organization COVID-19 Dashboard,169.0,AllNationalFiltered.csv
COVID-19,Unspecified,AUSTRALIA,2020-07-09,World Health Organization COVID-19 Dashboard,131.0,AllNationalFiltered.csv
COVID-19,Unspecified,AUSTRALIA,2020-07-10,World Health Organization COVID-19 Dashboard,173.0,AllNationalFiltered.csv
COVID-19,Unspecified,AUSTRALIA,2020-07-11,World Health Organization COVID-19 Dashboard,300.0,AllNationalFiltered.csv
COVID-19,Unspecified,AUSTRALIA,2020-07-12,World Health Organization COVID-19 Dashboard,194.0,AllNationalFiltered.csv
COVID-19,Unspecified,AUSTRALIA,2020-07-13,World Health Organization COVID-19 Dashboard,244.0,AllNationalFiltered.csv
COVID-19,Unspecified,AUSTRALIA,2020-07-14,World Health Organization COVID-19 Dashboard,183.0,AllNationalFiltered.csv
COVID-19,Unspecified,AUSTRALIA,2020-07-15,World Health Organization COVID-19 Dashboard,271.0,AllNationalFiltered.csv
COVID-19,Unspecified,AUSTRALIA,2020-07-16,World Health Organization COVID-19 Dashboard,244.0,AllNationalFiltered.csv
COVID-19,Unspecified,AUSTRALIA,2020-07-17,World Health Organization COVID-19 Dashboard,315.0,AllNationalFiltered.csv
COVID-19,Unspecified,AUSTRALIA,2020-07-18,World Health Organization COVID-19 Dashboard,425.0,AllNationalFiltered.csv
COVID-19,Unspecified,AUSTRALIA,2020-07-19,World Health Organization COVID-19 Dashboard,206.0,AllNationalFiltered.csv
COVID-19,Unspecified,AUSTRALIA,2020-07-20,World Health Organization COVID-19 Dashboard,361.0,AllNationalFiltered.csv
COVID-19,Unspecified,AUSTRALIA,2020-07-21,World Health Organization COVID-19 Dashboard,267.0,AllNationalFiltered.csv
COVID-19,Unspecified,AUSTRALIA,2020-07-22,World Health Organization COVID-19 Dashboard,359.0,AllNationalFiltered.csv
COVID-19,Unspecified,AUSTRALIA,2020-07-23,World Health Organization COVID-19 Dashboard,468.0,AllNationalFiltered.csv
COVID-19,Unspecified,AUSTRALIA,2020-07-24,World Health Organization COVID-19 Dashboard,410.0,AllNationalFiltered.csv
COVID-19,Unspecified,AUSTRALIA,2020-07-25,World Health Organization COVID-19 Dashboard,289.0,AllNationalFiltered.csv
COVID-19,Unspecified,AUSTRALIA,2020-07-26,World Health Organization COVID-19 Dashboard,355.0,AllNationalFiltered.csv
COVID-19,Unspecified,AUSTRALIA,2020-07-27,World Health Organization COVID-19 Dashboard,453.0,AllNationalFiltered.csv
COVID-19,Unspecified,AUSTRALIA,2020-07-28,World Health Organization COVID-19 Dashboard,532.0,AllNationalFiltered.csv
COVID-19,Unspecified,AUSTRALIA,2020-07-29,World Health Organization COVID-19 Dashboard,369.0,AllNationalFiltered.csv
COVID-19,Unspecified,AUSTRALIA,2020-07-30,World Health Organization COVID-19 Dashboard,278.0,AllNationalFiltered.csv
COVID-19,Unspecified,AUSTRALIA,2020-07-31,World Health Organization COVID-19 Dashboard,721.0,AllNationalFiltered.csv
COVID-19,Unspecified,AUSTRALIA,2020-08-01,World Health Organization COVID-19 Dashboard,602.0,AllNationalFiltered.csv
COVID-19,Unspecified,AUSTRALIA,2020-08-02,World Health Organization COVID-19 Dashboard,377.0,AllNationalFiltered.csv
COVID-19,Unspecified,AUSTRALIA,2020-08-03,World Health Organization COVID-19 Dashboard,641.0,AllNationalFiltered.csv
COVID-19,Unspecified,AUSTRALIA,2020-08-04,World Health Organization COVID-19 Dashboard,395.0,AllNationalFiltered.csv
COVID-19,Unspecified,AUSTRALIA,2020-08-05,World Health Organization COVID-19 Dashboard,411.0,AllNationalFiltered.csv
COVID-19,Unspecified,AUSTRALIA,2020-08-06,World Health Organization COVID-19 Dashboard,715.0,AllNationalFiltered.csv
COVID-19,Unspecified,AUSTRALIA,2020-08-07,World Health Organization COVID-19 Dashboard,418.0,AllNationalFiltered.csv
COVID-19,Unspecified,AUSTRALIA,2020-08-08,World Health Organization COVID-19 Dashboard,410.0,AllNationalFiltered.csv
COVID-19,Unspecified,AUSTRALIA,2020-08-09,World Health Organization COVID-19 Dashboard,426.0,AllNationalFiltered.csv
COVID-19,Unspecified,AUSTRALIA,2020-08-10,World Health Organization COVID-19 Dashboard,386.0,AllNationalFiltered.csv
COVID-19,Unspecified,AUSTRALIA,2020-08-11,World Health Organization COVID-19 Dashboard,313.0,AllNationalFiltered.csv
COVID-19,Unspecified,AUSTRALIA,2020-08-12,World Health Organization COVID-19 Dashboard,316.0,AllNationalFiltered.csv
COVID-19,Unspecified,AUSTRALIA,2020-08-13,World Health Organization COVID-19 Dashboard,414.0,AllNationalFiltered.csv
COVID-19,Unspecified,AUSTRALIA,2020-08-14,World Health Organization COVID-19 Dashboard,231.0,AllNationalFiltered.csv
COVID-19,Unspecified,AUSTRALIA,2020-08-15,World Health Organization COVID-19 Dashboard,385.0,AllNationalFiltered.csv
COVID-19,Unspecified,AUSTRALIA,2020-08-16,World Health Organization COVID-19 Dashboard,292.0,AllNationalFiltered.csv
COVID-19,Unspecified,AUSTRALIA,2020-08-17,World Health Organization COVID-19 Dashboard,253.0,AllNationalFiltered.csv
COVID-19,Unspecified,AUSTRALIA,2020-08-18,World Health Organization COVID-19 Dashboard,271.0,AllNationalFiltered.csv
COVID-19,Unspecified,AUSTRALIA,2020-08-19,World Health Organization COVID-19 Dashboard,214.0,AllNationalFiltered.csv
COVID-19,Unspecified,AUSTRALIA,2020-08-20,World Health Organization COVID-19 Dashboard,220.0,AllNationalFiltered.csv
COVID-19,Unspecified,AUSTRALIA,2020-08-21,World Health Organization COVID-19 Dashboard,243.0,AllNationalFiltered.csv
COVID-19,Unspecified,AUSTRALIA,2020-08-22,World Health Organization COVID-19 Dashboard,171.0,AllNationalFiltered.csv
COVID-19,Unspecified,AUSTRALIA,2020-08-23,World Health Organization COVID-19 Dashboard,195.0,AllNationalFiltered.csv
COVID-19,Unspecified,AUSTRALIA,2020-08-24,World Health Organization COVID-19 Dashboard,210.0,AllNationalFiltered.csv
COVID-19,Unspecified,AUSTRALIA,2020-08-25,World Health Organization COVID-19 Dashboard,104.0,AllNationalFiltered.csv
COVID-19,Unspecified,AUSTRALIA,2020-08-26,World Health Organization COVID-19 Dashboard,137.0,AllNationalFiltered.csv
COVID-19,Unspecified,AUSTRALIA,2020-08-27,World Health Organization COVID-19 Dashboard,152.0,AllNationalFiltered.csv
COVID-19,Unspecified,AUSTRALIA,2020-08-28,World Health Organization COVID-19 Dashboard,117.0,AllNationalFiltered.csv
COVID-19,Unspecified,AUSTRALIA,2020-08-29,World Health Organization COVID-19 Dashboard,126.0,AllNationalFiltered.csv
COVID-19,Unspecified,AUSTRALIA,2020-08-30,World Health Organization COVID-19 Dashboard,99.0,AllNationalFiltered.csv
COVID-19,Unspecified,AUSTRALIA,2020-08-31,World Health Organization COVID-19 Dashboard,123.0,AllNationalFiltered.csv
COVID-19,Unspecified,AUSTRALIA,2020-09-01,World Health Organization COVID-19 Dashboard,76.0,AllNationalFiltered.csv
COVID-19,Unspecified,AUSTRALIA,2020-09-02,World Health Organization COVID-19 Dashboard,73.0,AllNationalFiltered.csv
COVID-19,Unspecified,AUSTRALIA,2020-09-03,World Health Organization COVID-19 Dashboard,104.0,AllNationalFiltered.csv
COVID-19,Unspecified,AUSTRALIA,2020-09-04,World Health Organization COVID-19 Dashboard,126.0,AllNationalFiltered.csv
COVID-19,Unspecified,AUSTRALIA,2020-09-05,World Health Organization COVID-19 Dashboard,87.0,AllNationalFiltered.csv
COVID-19,Unspecified,AUSTRALIA,2020-09-06,World Health Organization COVID-19 Dashboard,71.0,AllNationalFiltered.csv
COVID-19,Unspecified,AUSTRALIA,2020-09-07,World Health Organization COVID-19 Dashboard,72.0,AllNationalFiltered.csv
COVID-19,Unspecified,AUSTRALIA,2020-09-08,World Health Organization COVID-19 Dashboard,43.0,AllNationalFiltered.csv
COVID-19,Unspecified,AUSTRALIA,2020-09-09,World Health Organization COVID-19 Dashboard,52.0,AllNationalFiltered.csv
COVID-19,Unspecified,AUSTRALIA,2020-09-10,World Health Organization COVID-19 Dashboard,91.0,AllNationalFiltered.csv
COVID-19,Unspecified,AUSTRALIA,2020-09-11,World Health Organization COVID-19 Dashboard,48.0,AllNationalFiltered.csv
COVID-19,Unspecified,AUSTRALIA,2020-09-12,World Health Organization COVID-19 Dashboard,52.0,AllNationalFiltered.csv
COVID-19,Unspecified,AUSTRALIA,2020-09-13,World Health Organization COVID-19 Dashboard,42.0,AllNationalFiltered.csv
COVID-19,Unspecified,AUSTRALIA,2020-09-14,World Health Organization COVID-19 Dashboard,44.0,AllNationalFiltered.csv
COVID-19,Unspecified,AUSTRALIA,2020-09-15,World Health Organization COVID-19 Dashboard,41.0,AllNationalFiltered.csv
COVID-19,Unspecified,AUSTRALIA,2020-09-16,World Health Organization COVID-19 Dashboard,46.0,AllNationalFiltered.csv
COVID-19,Unspecified,AUSTRALIA,2020-09-17,World Health Organization COVID-19 Dashboard,41.0,AllNationalFiltered.csv
COVID-19,Unspecified,AUSTRALIA,2020-09-18,World Health Organization COVID-19 Dashboard,34.0,AllNationalFiltered.csv
COVID-19,Unspecified,AUSTRALIA,2020-09-19,World Health Organization COVID-19 Dashboard,48.0,AllNationalFiltered.csv
COVID-19,Unspecified,AUSTRALIA,2020-09-20,World Health Organization COVID-19 Dashboard,24.0,AllNationalFiltered.csv
COVID-19,Unspecified,AUSTRALIA,2020-09-21,World Health Organization COVID-19 Dashboard,13.0,AllNationalFiltered.csv
COVID-19,Unspecified,AUSTRALIA,2020-09-22,World Health Organization COVID-19 Dashboard,14.0,AllNationalFiltered.csv
COVID-19,Unspecified,AUSTRALIA,2020-09-23,World Health Organization COVID-19 Dashboard,30.0,AllNationalFiltered.csv
COVID-19,Unspecified,AUSTRALIA,2020-09-24,World Health Organization COVID-19 Dashboard,31.0,AllNationalFiltered.csv
COVID-19,Unspecified,AUSTRALIA,2020-09-25,World Health Organization COVID-19 Dashboard,10.0,AllNationalFiltered.csv
COVID-19,Unspecified,AUSTRALIA,2020-09-26,World Health Organization COVID-19 Dashboard,17.0,AllNationalFiltered.csv
COVID-19,Unspecified,AUSTRALIA,2020-09-27,World Health Organization COVID-19 Dashboard,16.0,AllNationalFiltered.csv
COVID-19,Unspecified,AUSTRALIA,2020-09-28,World Health Organization COVID-19 Dashboard,24.0,AllNationalFiltered.csv
COVID-19,Unspecified,AUSTRALIA,2020-09-29,World Health Organization COVID-19 Dashboard,4.0,AllNationalFiltered.csv
COVID-19,Unspecified,AUSTRALIA,2020-09-30,World Health Organization COVID-19 Dashboard,19.0,AllNationalFiltered.csv
COVID-19,Unspecified,AUSTRALIA,2020-10-01,World Health Organization COVID-19 Dashboard,15.0,AllNationalFiltered.csv
COVID-19,Unspecified,AUSTRALIA,2020-10-02,World Health Organization COVID-19 Dashboard,18.0,AllNationalFiltered.csv
COVID-19,Unspecified,AUSTRALIA,2020-10-03,World Health Organization COVID-19 Dashboard,17.0,AllNationalFiltered.csv
COVID-19,Unspecified,AUSTRALIA,2020-10-04,World Health Organization COVID-19 Dashboard,8.0,AllNationalFiltered.csv
COVID-19,Unspecified,AUSTRALIA,2020-10-05,World Health Organization COVID-19 Dashboard,15.0,AllNationalFiltered.csv
COVID-19,Unspecified,AUSTRALIA,2020-10-06,World Health Organization COVID-19 Dashboard,13.0,AllNationalFiltered.csv
COVID-19,Unspecified,AUSTRALIA,2020-10-07,World Health Organization COVID-19 Dashboard,25.0,AllNationalFiltered.csv
COVID-19,Unspecified,AUSTRALIA,2020-10-08,World Health Organization COVID-19 Dashboard,8.0,AllNationalFiltered.csv
COVID-19,Unspecified,AUSTRALIA,2020-10-09,World Health Organization COVID-19 Dashboard,24.0,AllNationalFiltered.csv
COVID-19,Unspecified,AUSTRALIA,2020-10-10,World Health Organization COVID-19 Dashboard,23.0,AllNationalFiltered.csv
COVID-19,Unspecified,AUSTRALIA,2020-10-11,World Health Organization COVID-19 Dashboard,15.0,AllNationalFiltered.csv
COVID-19,Unspecified,AUSTRALIA,2020-10-12,World Health Organization COVID-19 Dashboard,20.0,AllNationalFiltered.csv
COVID-19,Unspecified,AUSTRALIA,2020-10-13,World Health Organization COVID-19 Dashboard,22.0,AllNationalFiltered.csv
COVID-19,Unspecified,AUSTRALIA,2020-10-14,World Health Organization COVID-19 Dashboard,31.0,AllNationalFiltered.csv
COVID-19,Unspecified,AUSTRALIA,2020-10-15,World Health Organization COVID-19 Dashboard,24.0,AllNationalFiltered.csv
COVID-19,Unspecified,AUSTRALIA,2020-10-16,World Health Organization COVID-19 Dashboard,21.0,AllNationalFiltered.csv
COVID-19,Unspecified,AUSTRALIA,2020-10-17,World Health Organization COVID-19 Dashboard,9.0,AllNationalFiltered.csv
COVID-19,Unspecified,AUSTRALIA,2020-10-18,World Health Organization COVID-19 Dashboard,12.0,AllNationalFiltered.csv
COVID-19,Unspecified,AUSTRALIA,2020-10-19,World Health Organization COVID-19 Dashboard,7.0,AllNationalFiltered.csv
COVID-19,Unspecified,AUSTRALIA,2020-10-20,World Health Organization COVID-19 Dashboard,9.0,AllNationalFiltered.csv
COVID-19,Unspecified,AUSTRALIA,2020-10-21,World Health Organization COVID-19 Dashboard,31.0,AllNationalFiltered.csv
COVID-19,Unspecified,AUSTRALIA,2020-10-22,World Health Organization COVID-19 Dashboard,14.0,AllNationalFiltered.csv
COVID-19,Unspecified,AUSTRALIA,2020-10-23,World Health Organization COVID-19 Dashboard,22.0,AllNationalFiltered.csv
COVID-19,Unspecified,AUSTRALIA,2020-10-24,World Health Organization COVID-19 Dashboard,18.0,AllNationalFiltered.csv
COVID-19,Unspecified,AUSTRALIA,2020-10-25,World Health Organization COVID-19 Dashboard,15.0,AllNationalFiltered.csv
COVID-19,Unspecified,AUSTRALIA,2020-10-26,World Health Organization COVID-19 Dashboard,21.0,AllNationalFiltered.csv
COVID-19,Unspecified,AUSTRALIA,2020-10-27,World Health Organization COVID-19 Dashboard,7.0,AllNationalFiltered.csv
COVID-19,Unspecified,AUSTRALIA,2020-10-28,World Health Organization COVID-19 Dashboard,14.0,AllNationalFiltered.csv
COVID-19,Unspecified,AUSTRALIA,2020-10-29,World Health Organization COVID-19 Dashboard,13.0,AllNationalFiltered.csv
COVID-19,Unspecified,AUSTRALIA,2020-10-30,World Health Organization COVID-19 Dashboard,15.0,AllNationalFiltered.csv
COVID-19,Unspecified,AUSTRALIA,2020-10-31,World Health Organization COVID-19 Dashboard,13.0,AllNationalFiltered.csv
COVID-19,Unspecified,AUSTRALIA,2020-11-01,World Health Organization COVID-19 Dashboard,8.0,AllNationalFiltered.csv
COVID-19,Unspecified,AUSTRALIA,2020-11-02,World Health Organization COVID-19 Dashboard,5.0,AllNationalFiltered.csv
COVID-19,Unspecified,AUSTRALIA,2020-11-03,World Health Organization COVID-19 Dashboard,7.0,AllNationalFiltered.csv
COVID-19,Unspecified,AUSTRALIA,2020-11-04,World Health Organization COVID-19 Dashboard,8.0,AllNationalFiltered.csv
COVID-19,Unspecified,AUSTRALIA,2020-11-05,World Health Organization COVID-19 Dashboard,12.0,AllNationalFiltered.csv
COVID-19,Unspecified,AUSTRALIA,2020-11-06,World Health Organization COVID-19 Dashboard,11.0,AllNationalFiltered.csv
COVID-19,Unspecified,AUSTRALIA,2020-11-07,World Health Organization COVID-19 Dashboard,12.0,AllNationalFiltered.csv
COVID-19,Unspecified,AUSTRALIA,2020-11-08,World Health Organization COVID-19 Dashboard,7.0,AllNationalFiltered.csv
COVID-19,Unspecified,AUSTRALIA,2020-11-09,World Health Organization COVID-19 Dashboard,6.0,AllNationalFiltered.csv
COVID-19,Unspecified,AUSTRALIA,2020-11-10,World Health Organization COVID-19 Dashboard,10.0,AllNationalFiltered.csv
COVID-19,Unspecified,AUSTRALIA,2020-11-11,World Health Organization COVID-19 Dashboard,10.0,AllNationalFiltered.csv
COVID-19,Unspecified,AUSTRALIA,2020-11-12,World Health Organization COVID-19 Dashboard,8.0,AllNationalFiltered.csv
COVID-19,Unspecified,AUSTRALIA,2020-11-13,World Health Organization COVID-19 Dashboard,12.0,AllNationalFiltered.csv
COVID-19,Unspecified,AUSTRALIA,2020-11-14,World Health Organization COVID-19 Dashboard,5.0,AllNationalFiltered.csv
COVID-19,Unspecified,AUSTRALIA,2020-11-15,World Health Organization COVID-19 Dashboard,8.0,AllNationalFiltered.csv
COVID-19,Unspecified,AUSTRALIA,2020-11-16,World Health Organization COVID-19 Dashboard,14.0,AllNationalFiltered.csv
COVID-19,Unspecified,AUSTRALIA,2020-11-17,World Health Organization COVID-19 Dashboard,25.0,AllNationalFiltered.csv
COVID-19,Unspecified,AUSTRALIA,2020-11-18,World Health Organization COVID-19 Dashboard,6.0,AllNationalFiltered.csv
COVID-19,Unspecified,AUSTRALIA,2020-11-19,World Health Organization COVID-19 Dashboard,21.0,AllNationalFiltered.csv
COVID-19,Unspecified,AUSTRALIA,2020-11-20,World Health Organization COVID-19 Dashboard,7.0,AllNationalFiltered.csv
COVID-19,Unspecified,AUSTRALIA,2020-11-21,World Health Organization COVID-19 Dashboard,5.0,AllNationalFiltered.csv
COVID-19,Unspecified,AUSTRALIA,2020-11-22,World Health Organization COVID-19 Dashboard,18.0,AllNationalFiltered.csv
COVID-19,Unspecified,AUSTRALIA,2020-11-23,World Health Organization COVID-19 Dashboard,14.0,AllNationalFiltered.csv
COVID-19,Unspecified,AUSTRALIA,2020-11-24,World Health Organization COVID-19 Dashboard,14.0,AllNationalFiltered.csv
COVID-19,Unspecified,AUSTRALIA,2020-11-25,World Health Organization COVID-19 Dashboard,13.0,AllNationalFiltered.csv
COVID-19,Unspecified,AUSTRALIA,2020-11-26,World Health Organization COVID-19 Dashboard,6.0,AllNationalFiltered.csv
COVID-19,Unspecified,AUSTRALIA,2020-11-27,World Health Organization COVID-19 Dashboard,13.0,AllNationalFiltered.csv
COVID-19,Unspecified,AUSTRALIA,2020-11-28,World Health Organization COVID-19 Dashboard,7.0,AllNationalFiltered.csv
COVID-19,Unspecified,AUSTRALIA,2020-11-29,World Health Organization COVID-19 Dashboard,11.0,AllNationalFiltered.csv
COVID-19,Unspecified,AUSTRALIA,2020-11-30,World Health Organization COVID-19 Dashboard,8.0,AllNationalFiltered.csv
COVID-19,Unspecified,AUSTRALIA,2020-12-01,World Health Organization COVID-19 Dashboard,11.0,AllNationalFiltered.csv
COVID-19,Unspecified,AUSTRALIA,2020-12-02,World Health Organization COVID-19 Dashboard,8.0,AllNationalFiltered.csv
COVID-19,Unspecified,AUSTRALIA,2020-12-03,World Health Organization COVID-19 Dashboard,11.0,AllNationalFiltered.csv
COVID-19,Unspecified,AUSTRALIA,2020-12-04,World Health Organization COVID-19 Dashboard,16.0,AllNationalFiltered.csv
COVID-19,Unspecified,AUSTRALIA,2020-12-05,World Health Organization COVID-19 Dashboard,10.0,AllNationalFiltered.csv
COVID-19,Unspecified,AUSTRALIA,2020-12-06,World Health Organization COVID-19 Dashboard,7.0,AllNationalFiltered.csv
COVID-19,Unspecified,AUSTRALIA,2020-12-07,World Health Organization COVID-19 Dashboard,9.0,AllNationalFiltered.csv
COVID-19,Unspecified,AUSTRALIA,2020-12-08,World Health Organization COVID-19 Dashboard,7.0,AllNationalFiltered.csv
COVID-19,Unspecified,AUSTRALIA,2020-12-09,World Health Organization COVID-19 Dashboard,15.0,AllNationalFiltered.csv
COVID-19,Unspecified,AUSTRALIA,2020-12-10,World Health Organization COVID-19 Dashboard,6.0,AllNationalFiltered.csv
COVID-19,Unspecified,AUSTRALIA,2020-12-11,World Health Organization COVID-19 Dashboard,7.0,AllNationalFiltered.csv
COVID-19,Unspecified,AUSTRALIA,2020-12-12,World Health Organization COVID-19 Dashboard,12.0,AllNationalFiltered.csv
COVID-19,Unspecified,AUSTRALIA,2020-12-13,World Health Organization COVID-19 Dashboard,13.0,AllNationalFiltered.csv
COVID-19,Unspecified,AUSTRALIA,2020-12-14,World Health Organization COVID-19 Dashboard,6.0,AllNationalFiltered.csv
COVID-19,Unspecified,AUSTRALIA,2020-12-15,World Health Organization COVID-19 Dashboard,8.0,AllNationalFiltered.csv
COVID-19,Unspecified,AUSTRALIA,2020-12-16,World Health Organization COVID-19 Dashboard,8.0,AllNationalFiltered.csv
COVID-19,Unspecified,AUSTRALIA,2020-12-17,World Health Organization COVID-19 Dashboard,12.0,AllNationalFiltered.csv
COVID-19,Unspecified,AUSTRALIA,2020-12-18,World Health Organization COVID-19 Dashboard,13.0,AllNationalFiltered.csv
COVID-19,Unspecified,AUSTRALIA,2020-12-19,World Health Organization COVID-19 Dashboard,22.0,AllNationalFiltered.csv
COVID-19,Unspecified,AUSTRALIA,2020-12-20,World Health Organization COVID-19 Dashboard,34.0,AllNationalFiltered.csv
COVID-19,Unspecified,AUSTRALIA,2020-12-21,World Health Organization COVID-19 Dashboard,43.0,AllNationalFiltered.csv
COVID-19,Unspecified,AUSTRALIA,2020-12-22,World Health Organization COVID-19 Dashboard,27.0,AllNationalFiltered.csv
COVID-19,Unspecified,AUSTRALIA,2020-12-23,World Health Organization COVID-19 Dashboard,21.0,AllNationalFiltered.csv
COVID-19,Unspecified,AUSTRALIA,2020-12-24,World Health Organization COVID-19 Dashboard,19.0,AllNationalFiltered.csv
COVID-19,Unspecified,AUSTRALIA,2020-12-25,World Health Organization COVID-19 Dashboard,24.0,AllNationalFiltered.csv
COVID-19,Unspecified,AUSTRALIA,2020-12-26,World Health Organization COVID-19 Dashboard,0.0,AllNationalFiltered.csv
COVID-19,Unspecified,AUSTRALIA,2020-12-27,World Health Organization COVID-19 Dashboard,34.0,AllNationalFiltered.csv
COVID-19,Unspecified,AUSTRALIA,2020-12-28,World Health Organization COVID-19 Dashboard,16.0,AllNationalFiltered.csv
COVID-19,Unspecified,AUSTRALIA,2020-12-29,World Health Organization COVID-19 Dashboard,25.0,AllNationalFiltered.csv
COVID-19,Unspecified,AUSTRALIA,2020-12-30,World Health Organization COVID-19 Dashboard,13.0,AllNationalFiltered.csv
COVID-19,Unspecified,AUSTRALIA,2020-12-31,World Health Organization COVID-19 Dashboard,31.0,AllNationalFiltered.csv
COVID-19,Unspecified,AUSTRALIA,2021-01-01,World Health Organization COVID-19 Dashboard,27.0,AllNationalFiltered.csv
COVID-19,Unspecified,AUSTRALIA,2021-01-02,World Health Organization COVID-19 Dashboard,19.0,AllNationalFiltered.csv
COVID-19,Unspecified,AUSTRALIA,2021-01-03,World Health Organization COVID-19 Dashboard,35.0,AllNationalFiltered.csv
COVID-19,Unspecified,AUSTRALIA,2021-01-04,World Health Organization COVID-19 Dashboard,21.0,AllNationalFiltered.csv
COVID-19,Unspecified,AUSTRALIA,2021-01-05,World Health Organization COVID-19 Dashboard,21.0,AllNationalFiltered.csv
COVID-19,Unspecified,AUSTRALIA,2021-01-06,World Health Organization COVID-19 Dashboard,15.0,AllNationalFiltered.csv
COVID-19,Unspecified,AUSTRALIA,2021-01-07,World Health Organization COVID-19 Dashboard,17.0,AllNationalFiltered.csv
COVID-19,Unspecified,AUSTRALIA,2021-01-08,World Health Organization COVID-19 Dashboard,11.0,AllNationalFiltered.csv
COVID-19,Unspecified,AUSTRALIA,2021-01-09,World Health Organization COVID-19 Dashboard,24.0,AllNationalFiltered.csv
COVID-19,Unspecified,AUSTRALIA,2021-01-10,World Health Organization COVID-19 Dashboard,11.0,AllNationalFiltered.csv
COVID-19,Unspecified,AUSTRALIA,2021-01-11,World Health Organization COVID-19 Dashboard,13.0,AllNationalFiltered.csv
COVID-19,Unspecified,AUSTRALIA,2021-01-12,World Health Organization COVID-19 Dashboard,19.0,AllNationalFiltered.csv
COVID-19,Unspecified,AUSTRALIA,2021-01-13,World Health Organization COVID-19 Dashboard,20.0,AllNationalFiltered.csv
COVID-19,Unspecified,AUSTRALIA,2021-01-14,World Health Organization COVID-19 Dashboard,16.0,AllNationalFiltered.csv
COVID-19,Unspecified,AUSTRALIA,2021-01-15,World Health Organization COVID-19 Dashboard,8.0,AllNationalFiltered.csv
COVID-19,Unspecified,AUSTRALIA,2021-01-16,World Health Organization COVID-19 Dashboard,11.0,AllNationalFiltered.csv
COVID-19,Unspecified,AUSTRALIA,2021-01-17,World Health Organization COVID-19 Dashboard,20.0,AllNationalFiltered.csv
COVID-19,Unspecified,AUSTRALIA,2021-01-18,World Health Organization COVID-19 Dashboard,19.0,AllNationalFiltered.csv
COVID-19,Unspecified,AUSTRALIA,2021-01-19,World Health Organization COVID-19 Dashboard,13.0,AllNationalFiltered.csv
COVID-19,Unspecified,AUSTRALIA,2021-01-20,World Health Organization COVID-19 Dashboard,9.0,AllNationalFiltered.csv
COVID-19,Unspecified,AUSTRALIA,2021-01-21,World Health Organization COVID-19 Dashboard,10.0,AllNationalFiltered.csv
COVID-19,Unspecified,AUSTRALIA,2021-01-22,World Health Organization COVID-19 Dashboard,10.0,AllNationalFiltered.csv
COVID-19,Unspecified,AUSTRALIA,2021-01-23,World Health Organization COVID-19 Dashboard,5.0,AllNationalFiltered.csv
COVID-19,Unspecified,AUSTRALIA,2021-01-24,World Health Organization COVID-19 Dashboard,6.0,AllNationalFiltered.csv
COVID-19,Unspecified,AUSTRALIA,2021-01-25,World Health Organization COVID-19 Dashboard,5.0,AllNationalFiltered.csv
COVID-19,Unspecified,AUSTRALIA,2021-01-26,World Health Organization COVID-19 Dashboard,11.0,AllNationalFiltered.csv
COVID-19,Unspecified,AUSTRALIA,2021-01-27,World Health Organization COVID-19 Dashboard,3.0,AllNationalFiltered.csv
COVID-19,Unspecified,AUSTRALIA,2021-01-28,World Health Organization COVID-19 Dashboard,6.0,AllNationalFiltered.csv
COVID-19,Unspecified,AUSTRALIA,2021-01-29,World Health Organization COVID-19 Dashboard,8.0,AllNationalFiltered.csv
COVID-19,Unspecified,AUSTRALIA,2021-01-30,World Health Organization COVID-19 Dashboard,6.0,AllNationalFiltered.csv
COVID-19,Unspecified,AUSTRALIA,2021-01-31,World Health Organization COVID-19 Dashboard,6.0,AllNationalFiltered.csv
COVID-19,Unspecified,AUSTRALIA,2021-02-01,World Health Organization COVID-19 Dashboard,5.0,AllNationalFiltered.csv
COVID-19,Unspecified,AUSTRALIA,2021-02-02,World Health Organization COVID-19 Dashboard,7.0,AllNationalFiltered.csv
COVID-19,Unspecified,AUSTRALIA,2021-02-03,World Health Organization COVID-19 Dashboard,6.0,AllNationalFiltered.csv
COVID-19,Unspecified,AUSTRALIA,2021-02-04,World Health Organization COVID-19 Dashboard,5.0,AllNationalFiltered.csv
COVID-19,Unspecified,AUSTRALIA,2021-02-05,World Health Organization COVID-19 Dashboard,9.0,AllNationalFiltered.csv
COVID-19,Unspecified,AUSTRALIA,2021-02-06,World Health Organization COVID-19 Dashboard,4.0,AllNationalFiltered.csv
COVID-19,Unspecified,AUSTRALIA,2021-02-07,World Health Organization COVID-19 Dashboard,6.0,AllNationalFiltered.csv
COVID-19,Unspecified,AUSTRALIA,2021-02-08,World Health Organization COVID-19 Dashboard,2.0,AllNationalFiltered.csv
COVID-19,Unspecified,AUSTRALIA,2021-02-09,World Health Organization COVID-19 Dashboard,7.0,AllNationalFiltered.csv
COVID-19,Unspecified,AUSTRALIA,2021-02-10,World Health Organization COVID-19 Dashboard,3.0,AllNationalFiltered.csv
COVID-19,Unspecified,AUSTRALIA,2021-02-11,World Health Organization COVID-19 Dashboard,11.0,AllNationalFiltered.csv
COVID-19,Unspecified,AUSTRALIA,2021-02-12,World Health Organization COVID-19 Dashboard,8.0,AllNationalFiltered.csv
COVID-19,Unspecified,AUSTRALIA,2021-02-13,World Health Organization COVID-19 Dashboard,7.0,AllNationalFiltered.csv
COVID-19,Unspecified,AUSTRALIA,2021-02-14,World Health Organization COVID-19 Dashboard,6.0,AllNationalFiltered.csv
COVID-19,Unspecified,AUSTRALIA,2021-02-15,World Health Organization COVID-19 Dashboard,6.0,AllNationalFiltered.csv
COVID-19,Unspecified,AUSTRALIA,2021-02-16,World Health Organization COVID-19 Dashboard,2.0,AllNationalFiltered.csv
COVID-19,Unspecified,AUSTRALIA,2021-02-17,World Health Organization COVID-19 Dashboard,5.0,AllNationalFiltered.csv
COVID-19,Unspecified,AUSTRALIA,2021-02-18,World Health Organization COVID-19 Dashboard,6.0,AllNationalFiltered.csv
COVID-19,Unspecified,AUSTRALIA,2021-02-19,World Health Organization COVID-19 Dashboard,1.0,AllNationalFiltered.csv
COVID-19,Unspecified,AUSTRALIA,2021-02-20,World Health Organization COVID-19 Dashboard,6.0,AllNationalFiltered.csv
COVID-19,Unspecified,AUSTRALIA,2021-02-21,World Health Organization COVID-19 Dashboard,2.0,AllNationalFiltered.csv
COVID-19,Unspecified,AUSTRALIA,2021-02-22,World Health Organization COVID-19 Dashboard,6.0,AllNationalFiltered.csv
COVID-19,Unspecified,AUSTRALIA,2021-02-23,World Health Organization COVID-19 Dashboard,4.0,AllNationalFiltered.csv
COVID-19,Unspecified,AUSTRALIA,2021-02-24,World Health Organization COVID-19 Dashboard,7.0,AllNationalFiltered.csv
COVID-19,Unspecified,AUSTRALIA,2021-02-25,World Health Organization COVID-19 Dashboard,2.0,AllNationalFiltered.csv
COVID-19,Unspecified,AUSTRALIA,2021-02-26,World Health Organization COVID-19 Dashboard,8.0,AllNationalFiltered.csv
COVID-19,Unspecified,AUSTRALIA,2021-02-27,World Health Organization COVID-19 Dashboard,11.0,AllNationalFiltered.csv
COVID-19,Unspecified,AUSTRALIA,2021-02-28,World Health Organization COVID-19 Dashboard,7.0,AllNationalFiltered.csv
COVID-19,Unspecified,AUSTRALIA,2021-03-01,World Health Organization COVID-19 Dashboard,5.0,AllNationalFiltered.csv
COVID-19,Unspecified,AUSTRALIA,2021-03-02,World Health Organization COVID-19 Dashboard,8.0,AllNationalFiltered.csv
COVID-19,Unspecified,AUSTRALIA,2021-03-03,World Health Organization COVID-19 Dashboard,8.0,AllNationalFiltered.csv
COVID-19,Unspecified,AUSTRALIA,2021-03-04,World Health Organization COVID-19 Dashboard,10.0,AllNationalFiltered.csv
COVID-19,Unspecified,AUSTRALIA,2021-03-05,World Health Organization COVID-19 Dashboard,6.0,AllNationalFiltered.csv
COVID-19,Unspecified,AUSTRALIA,2021-03-06,World Health Organization COVID-19 Dashboard,18.0,AllNationalFiltered.csv
COVID-19,Unspecified,AUSTRALIA,2021-03-07,World Health Organization COVID-19 Dashboard,10.0,AllNationalFiltered.csv
COVID-19,Unspecified,AUSTRALIA,2021-03-08,World Health Organization COVID-19 Dashboard,7.0,AllNationalFiltered.csv
COVID-19,Unspecified,AUSTRALIA,2021-03-09,World Health Organization COVID-19 Dashboard,9.0,AllNationalFiltered.csv
COVID-19,Unspecified,AUSTRALIA,2021-03-10,World Health Organization COVID-19 Dashboard,15.0,AllNationalFiltered.csv
COVID-19,Unspecified,AUSTRALIA,2021-03-11,World Health Organization COVID-19 Dashboard,14.0,AllNationalFiltered.csv
COVID-19,Unspecified,AUSTRALIA,2021-03-12,World Health Organization COVID-19 Dashboard,15.0,AllNationalFiltered.csv
COVID-19,Unspecified,AUSTRALIA,2021-03-13,World Health Organization COVID-19 Dashboard,12.0,AllNationalFiltered.csv
COVID-19,Unspecified,AUSTRALIA,2021-03-14,World Health Organization COVID-19 Dashboard,10.0,AllNationalFiltered.csv
COVID-19,Unspecified,AUSTRALIA,2021-03-15,World Health Organization COVID-19 Dashboard,5.0,AllNationalFiltered.csv
COVID-19,Unspecified,AUSTRALIA,2021-03-16,World Health Organization COVID-19 Dashboard,13.0,AllNationalFiltered.csv
COVID-19,Unspecified,AUSTRALIA,2021-03-17,World Health Organization COVID-19 Dashboard,7.0,AllNationalFiltered.csv
COVID-19,Unspecified,AUSTRALIA,2021-03-18,World Health Organization COVID-19 Dashboard,16.0,AllNationalFiltered.csv
COVID-19,Unspecified,AUSTRALIA,2021-03-19,World Health Organization COVID-19 Dashboard,13.0,AllNationalFiltered.csv
COVID-19,Unspecified,AUSTRALIA,2021-03-20,World Health Organization COVID-19 Dashboard,17.0,AllNationalFiltered.csv
COVID-19,Unspecified,AUSTRALIA,2021-03-21,World Health Organization COVID-19 Dashboard,9.0,AllNationalFiltered.csv
COVID-19,Unspecified,AUSTRALIA,2021-03-22,World Health Organization COVID-19 Dashboard,4.0,AllNationalFiltered.csv
COVID-19,Unspecified,AUSTRALIA,2021-03-23,World Health Organization COVID-19 Dashboard,10.0,AllNationalFiltered.csv
COVID-19,Unspecified,AUSTRALIA,2021-03-24,World Health Organization COVID-19 Dashboard,5.0,AllNationalFiltered.csv
COVID-19,Unspecified,AUSTRALIA,2021-03-25,World Health Organization COVID-19 Dashboard,9.0,AllNationalFiltered.csv
COVID-19,Unspecified,AUSTRALIA,2021-03-26,World Health Organization COVID-19 Dashboard,8.0,AllNationalFiltered.csv
COVID-19,Unspecified,AUSTRALIA,2021-03-27,World Health Organization COVID-19 Dashboard,12.0,AllNationalFiltered.csv
COVID-19,Unspecified,AUSTRALIA,2021-03-28,World Health Organization COVID-19 Dashboard,12.0,AllNationalFiltered.csv
COVID-19,Unspecified,AUSTRALIA,2021-03-29,World Health Organization COVID-19 Dashboard,8.0,AllNationalFiltered.csv
COVID-19,Unspecified,AUSTRALIA,2021-03-30,World Health Organization COVID-19 Dashboard,18.0,AllNationalFiltered.csv
COVID-19,Unspecified,AUSTRALIA,2021-03-31,World Health Organization COVID-19 Dashboard,18.0,AllNationalFiltered.csv
COVID-19,Unspecified,AUSTRALIA,2021-04-01,World Health Organization COVID-19 Dashboard,8.0,AllNationalFiltered.csv
COVID-19,Unspecified,AUSTRALIA,2021-04-02,World Health Organization COVID-19 Dashboard,18.0,AllNationalFiltered.csv
COVID-19,Unspecified,AUSTRALIA,2021-04-03,World Health Organization COVID-19 Dashboard,13.0,AllNationalFiltered.csv
COVID-19,Unspecified,AUSTRALIA,2021-04-04,World Health Organization COVID-19 Dashboard,6.0,AllNationalFiltered.csv
COVID-19,Unspecified,AUSTRALIA,2021-04-05,World Health Organization COVID-19 Dashboard,7.0,AllNationalFiltered.csv
COVID-19,Unspecified,AUSTRALIA,2021-04-06,World Health Organization COVID-19 Dashboard,9.0,AllNationalFiltered.csv
COVID-19,Unspecified,AUSTRALIA,2021-04-07,World Health Organization COVID-19 Dashboard,8.0,AllNationalFiltered.csv
COVID-19,Unspecified,AUSTRALIA,2021-04-08,World Health Organization COVID-19 Dashboard,14.0,AllNationalFiltered.csv
COVID-19,Unspecified,AUSTRALIA,2021-04-09,World Health Organization COVID-19 Dashboard,6.0,AllNationalFiltered.csv
COVID-19,Unspecified,AUSTRALIA,2021-04-10,World Health Organization COVID-19 Dashboard,5.0,AllNationalFiltered.csv
COVID-19,Unspecified,AUSTRALIA,2021-04-11,World Health Organization COVID-19 Dashboard,6.0,AllNationalFiltered.csv
COVID-19,Unspecified,AUSTRALIA,2021-04-12,World Health Organization COVID-19 Dashboard,9.0,AllNationalFiltered.csv
COVID-19,Unspecified,AUSTRALIA,2021-04-13,World Health Organization COVID-19 Dashboard,14.0,AllNationalFiltered.csv
COVID-19,Unspecified,AUSTRALIA,2021-04-14,World Health Organization COVID-19 Dashboard,18.0,AllNationalFiltered.csv
COVID-19,Unspecified,AUSTRALIA,2021-04-15,World Health Organization COVID-19 Dashboard,14.0,AllNationalFiltered.csv
COVID-19,Unspecified,AUSTRALIA,2021-04-16,World Health Organization COVID-19 Dashboard,18.0,AllNationalFiltered.csv
COVID-19,Unspecified,AUSTRALIA,2021-04-17,World Health Organization COVID-19 Dashboard,15.0,AllNationalFiltered.csv
COVID-19,Unspecified,AUSTRALIA,2021-04-18,World Health Organization COVID-19 Dashboard,21.0,AllNationalFiltered.csv
COVID-19,Unspecified,AUSTRALIA,2021-04-19,World Health Organization COVID-19 Dashboard,14.0,AllNationalFiltered.csv
COVID-19,Unspecified,AUSTRALIA,2021-04-20,World Health Organization COVID-19 Dashboard,24.0,AllNationalFiltered.csv
COVID-19,Unspecified,AUSTRALIA,2021-04-21,World Health Organization COVID-19 Dashboard,16.0,AllNationalFiltered.csv
COVID-19,Unspecified,AUSTRALIA,2021-04-22,World Health Organization COVID-19 Dashboard,19.0,AllNationalFiltered.csv
COVID-19,Unspecified,AUSTRALIA,2021-04-23,World Health Organization COVID-19 Dashboard,24.0,AllNationalFiltered.csv
COVID-19,Unspecified,AUSTRALIA,2021-04-24,World Health Organization COVID-19 Dashboard,37.0,AllNationalFiltered.csv
COVID-19,Unspecified,AUSTRALIA,2021-04-25,World Health Organization COVID-19 Dashboard,19.0,AllNationalFiltered.csv
COVID-19,Unspecified,AUSTRALIA,2021-04-26,World Health Organization COVID-19 Dashboard,8.0,AllNationalFiltered.csv
COVID-19,Unspecified,AUSTRALIA,2021-04-27,World Health Organization COVID-19 Dashboard,29.0,AllNationalFiltered.csv
COVID-19,Unspecified,AUSTRALIA,2021-04-28,World Health Organization COVID-19 Dashboard,30.0,AllNationalFiltered.csv
COVID-19,Unspecified,AUSTRALIA,2021-04-29,World Health Organization COVID-19 Dashboard,24.0,AllNationalFiltered.csv
COVID-19,Unspecified,AUSTRALIA,2021-04-30,World Health Organization COVID-19 Dashboard,30.0,AllNationalFiltered.csv
COVID-19,Unspecified,AUSTRALIA,2021-05-01,World Health Organization COVID-19 Dashboard,22.0,AllNationalFiltered.csv
COVID-19,Unspecified,AUSTRALIA,2021-05-02,World Health Organization COVID-19 Dashboard,11.0,AllNationalFiltered.csv
COVID-19,Unspecified,AUSTRALIA,2021-05-03,World Health Organization COVID-19 Dashboard,14.0,AllNationalFiltered.csv
COVID-19,Unspecified,AUSTRALIA,2021-05-04,World Health Organization COVID-19 Dashboard,15.0,AllNationalFiltered.csv
COVID-19,Unspecified,AUSTRALIA,2021-05-05,World Health Organization COVID-19 Dashboard,11.0,AllNationalFiltered.csv
COVID-19,Unspecified,AUSTRALIA,2021-05-06,World Health Organization COVID-19 Dashboard,13.0,AllNationalFiltered.csv
COVID-19,Unspecified,AUSTRALIA,2021-05-07,World Health Organization COVID-19 Dashboard,21.0,AllNationalFiltered.csv
COVID-19,Unspecified,AUSTRALIA,2021-05-08,World Health Organization COVID-19 Dashboard,11.0,AllNationalFiltered.csv
COVID-19,Unspecified,AUSTRALIA,2021-05-09,World Health Organization COVID-19 Dashboard,9.0,AllNationalFiltered.csv
COVID-19,Unspecified,AUSTRALIA,2021-05-10,World Health Organization COVID-19 Dashboard,17.0,AllNationalFiltered.csv
COVID-19,Unspecified,AUSTRALIA,2021-05-11,World Health Organization COVID-19 Dashboard,8.0,AllNationalFiltered.csv
COVID-19,Unspecified,AUSTRALIA,2021-05-12,World Health Organization COVID-19 Dashboard,8.0,AllNationalFiltered.csv
COVID-19,Unspecified,AUSTRALIA,2021-05-13,World Health Organization COVID-19 Dashboard,8.0,AllNationalFiltered.csv
COVID-19,Unspecified,AUSTRALIA,2021-05-14,World Health Organization COVID-19 Dashboard,8.0,AllNationalFiltered.csv
COVID-19,Unspecified,AUSTRALIA,2021-05-15,World Health Organization COVID-19 Dashboard,2.0,AllNationalFiltered.csv
COVID-19,Unspecified,AUSTRALIA,2021-05-16,World Health Organization COVID-19 Dashboard,10.0,AllNationalFiltered.csv
COVID-19,Unspecified,AUSTRALIA,2021-05-17,World Health Organization COVID-19 Dashboard,8.0,AllNationalFiltered.csv
COVID-19,Unspecified,AUSTRALIA,2021-05-18,World Health Organization COVID-19 Dashboard,3.0,AllNationalFiltered.csv
COVID-19,Unspecified,AUSTRALIA,2021-05-19,World Health Organization COVID-19 Dashboard,10.0,AllNationalFiltered.csv
COVID-19,Unspecified,AUSTRALIA,2021-05-20,World Health Organization COVID-19 Dashboard,3.0,AllNationalFiltered.csv
COVID-19,Unspecified,AUSTRALIA,2021-05-21,World Health Organization COVID-19 Dashboard,6.0,AllNationalFiltered.csv
COVID-19,Unspecified,AUSTRALIA,2021-05-22,World Health Organization COVID-19 Dashboard,3.0,AllNationalFiltered.csv
COVID-19,Unspecified,AUSTRALIA,2021-05-23,World Health Organization COVID-19 Dashboard,4.0,AllNationalFiltered.csv
COVID-19,Unspecified,AUSTRALIA,2021-05-24,World Health Organization COVID-19 Dashboard,7.0,AllNationalFiltered.csv
COVID-19,Unspecified,AUSTRALIA,2021-05-25,World Health Organization COVID-19 Dashboard,10.0,AllNationalFiltered.csv
COVID-19,Unspecified,AUSTRALIA,2021-05-26,World Health Organization COVID-19 Dashboard,9.0,AllNationalFiltered.csv
COVID-19,Unspecified,AUSTRALIA,2021-05-27,World Health Organization COVID-19 Dashboard,18.0,AllNationalFiltered.csv
COVID-19,Unspecified,AUSTRALIA,2021-05-28,World Health Organization COVID-19 Dashboard,15.0,AllNationalFiltered.csv
COVID-19,Unspecified,AUSTRALIA,2021-05-29,World Health Organization COVID-19 Dashboard,10.0,AllNationalFiltered.csv
COVID-19,Unspecified,AUSTRALIA,2021-05-30,World Health Organization COVID-19 Dashboard,10.0,AllNationalFiltered.csv
COVID-19,Unspecified,AUSTRALIA,2021-05-31,World Health Organization COVID-19 Dashboard,15.0,AllNationalFiltered.csv
COVID-19,Unspecified,AUSTRALIA,2021-06-01,World Health Organization COVID-19 Dashboard,8.0,AllNationalFiltered.csv
COVID-19,Unspecified,AUSTRALIA,2021-06-02,World Health Organization COVID-19 Dashboard,12.0,AllNationalFiltered.csv
COVID-19,Unspecified,AUSTRALIA,2021-06-03,World Health Organization COVID-19 Dashboard,12.0,AllNationalFiltered.csv
COVID-19,Unspecified,AUSTRALIA,2021-06-04,World Health Organization COVID-19 Dashboard,7.0,AllNationalFiltered.csv
COVID-19,Unspecified,AUSTRALIA,2021-06-05,World Health Organization COVID-19 Dashboard,13.0,AllNationalFiltered.csv
COVID-19,Unspecified,AUSTRALIA,2021-06-06,World Health Organization COVID-19 Dashboard,8.0,AllNationalFiltered.csv
COVID-19,Unspecified,AUSTRALIA,2021-06-07,World Health Organization COVID-19 Dashboard,17.0,AllNationalFiltered.csv
COVID-19,Unspecified,AUSTRALIA,2021-06-08,World Health Organization COVID-19 Dashboard,20.0,AllNationalFiltered.csv
COVID-19,Unspecified,AUSTRALIA,2021-06-09,World Health Organization COVID-19 Dashboard,9.0,AllNationalFiltered.csv
COVID-19,Unspecified,AUSTRALIA,2021-06-10,World Health Organization COVID-19 Dashboard,6.0,AllNationalFiltered.csv
COVID-19,Unspecified,AUSTRALIA,2021-06-11,World Health Organization COVID-19 Dashboard,16.0,AllNationalFiltered.csv
COVID-19,Unspecified,AUSTRALIA,2021-06-12,World Health Organization COVID-19 Dashboard,3.0,AllNationalFiltered.csv
COVID-19,Unspecified,AUSTRALIA,2021-06-13,World Health Organization COVID-19 Dashboard,8.0,AllNationalFiltered.csv
COVID-19,Unspecified,AUSTRALIA,2021-06-14,World Health Organization COVID-19 Dashboard,11.0,AllNationalFiltered.csv
COVID-19,Unspecified,AUSTRALIA,2021-06-15,World Health Organization COVID-19 Dashboard,14.0,AllNationalFiltered.csv
COVID-19,Unspecified,AUSTRALIA,2021-06-16,World Health Organization COVID-19 Dashboard,12.0,AllNationalFiltered.csv
COVID-19,Unspecified,AUSTRALIA,2021-06-17,World Health Organization COVID-19 Dashboard,17.0,AllNationalFiltered.csv
COVID-19,Unspecified,AUSTRALIA,2021-06-18,World Health Organization COVID-19 Dashboard,11.0,AllNationalFiltered.csv
COVID-19,Unspecified,AUSTRALIA,2021-06-19,World Health Organization COVID-19 Dashboard,11.0,AllNationalFiltered.csv
COVID-19,Unspecified,AUSTRALIA,2021-06-20,World Health Organization COVID-19 Dashboard,10.0,AllNationalFiltered.csv
COVID-19,Unspecified,AUSTRALIA,2021-06-21,World Health Organization COVID-19 Dashboard,8.0,AllNationalFiltered.csv
COVID-19,Unspecified,AUSTRALIA,2021-06-22,World Health Organization COVID-19 Dashboard,25.0,AllNationalFiltered.csv
COVID-19,Unspecified,AUSTRALIA,2021-06-23,World Health Organization COVID-19 Dashboard,10.0,AllNationalFiltered.csv
COVID-19,Unspecified,AUSTRALIA,2021-06-24,World Health Organization COVID-19 Dashboard,12.0,AllNationalFiltered.csv
COVID-19,Unspecified,AUSTRALIA,2021-06-25,World Health Organization COVID-19 Dashboard,30.0,AllNationalFiltered.csv
COVID-19,Unspecified,AUSTRALIA,2021-06-26,World Health Organization COVID-19 Dashboard,14.0,AllNationalFiltered.csv
COVID-19,Unspecified,AUSTRALIA,2021-06-27,World Health Organization COVID-19 Dashboard,35.0,AllNationalFiltered.csv
COVID-19,Unspecified,AUSTRALIA,2021-06-28,World Health Organization COVID-19 Dashboard,42.0,AllNationalFiltered.csv
COVID-19,Unspecified,AUSTRALIA,2021-06-29,World Health Organization COVID-19 Dashboard,29.0,AllNationalFiltered.csv
COVID-19,Unspecified,AUSTRALIA,2021-06-30,World Health Organization COVID-19 Dashboard,34.0,AllNationalFiltered.csv
COVID-19,Unspecified,AUSTRALIA,2021-07-01,World Health Organization COVID-19 Dashboard,48.0,AllNationalFiltered.csv
COVID-19,Unspecified,AUSTRALIA,2021-07-02,World Health Organization COVID-19 Dashboard,33.0,AllNationalFiltered.csv
COVID-19,Unspecified,AUSTRALIA,2021-07-03,World Health Organization COVID-19 Dashboard,42.0,AllNationalFiltered.csv
COVID-19,Unspecified,AUSTRALIA,2021-07-04,World Health Organization COVID-19 Dashboard,49.0,AllNationalFiltered.csv
COVID-19,Unspecified,AUSTRALIA,2021-07-05,World Health Organization COVID-19 Dashboard,23.0,AllNationalFiltered.csv
COVID-19,Unspecified,AUSTRALIA,2021-07-06,World Health Organization COVID-19 Dashboard,46.0,AllNationalFiltered.csv
COVID-19,Unspecified,AUSTRALIA,2021-07-07,World Health Organization COVID-19 Dashboard,29.0,AllNationalFiltered.csv
COVID-19,Unspecified,AUSTRALIA,2021-07-08,World Health Organization COVID-19 Dashboard,29.0,AllNationalFiltered.csv
COVID-19,Unspecified,AUSTRALIA,2021-07-09,World Health Organization COVID-19 Dashboard,44.0,AllNationalFiltered.csv
COVID-19,Unspecified,AUSTRALIA,2021-07-10,World Health Organization COVID-19 Dashboard,50.0,AllNationalFiltered.csv
COVID-19,Unspecified,AUSTRALIA,2021-07-11,World Health Organization COVID-19 Dashboard,62.0,AllNationalFiltered.csv
COVID-19,Unspecified,AUSTRALIA,2021-07-12,World Health Organization COVID-19 Dashboard,86.0,AllNationalFiltered.csv
COVID-19,Unspecified,AUSTRALIA,2021-07-13,World Health Organization COVID-19 Dashboard,121.0,AllNationalFiltered.csv
COVID-19,Unspecified,AUSTRALIA,2021-07-14,World Health Organization COVID-19 Dashboard,99.0,AllNationalFiltered.csv
COVID-19,Unspecified,AUSTRALIA,2021-07-15,World Health Organization COVID-19 Dashboard,108.0,AllNationalFiltered.csv
COVID-19,Unspecified,AUSTRALIA,2021-07-16,World Health Organization COVID-19 Dashboard,85.0,AllNationalFiltered.csv
COVID-19,Unspecified,AUSTRALIA,2021-07-17,World Health Organization COVID-19 Dashboard,116.0,AllNationalFiltered.csv
COVID-19,Unspecified,AUSTRALIA,2021-07-18,World Health Organization COVID-19 Dashboard,139.0,AllNationalFiltered.csv
COVID-19,Unspecified,AUSTRALIA,2021-07-19,World Health Organization COVID-19 Dashboard,127.0,AllNationalFiltered.csv
COVID-19,Unspecified,AUSTRALIA,2021-07-20,World Health Organization COVID-19 Dashboard,119.0,AllNationalFiltered.csv
COVID-19,Unspecified,AUSTRALIA,2021-07-21,World Health Organization COVID-19 Dashboard,110.0,AllNationalFiltered.csv
COVID-19,Unspecified,AUSTRALIA,2021-07-22,World Health Organization COVID-19 Dashboard,141.0,AllNationalFiltered.csv
COVID-19,Unspecified,AUSTRALIA,2021-07-23,World Health Organization COVID-19 Dashboard,159.0,AllNationalFiltered.csv
COVID-19,Unspecified,AUSTRALIA,2021-07-24,World Health Organization COVID-19 Dashboard,150.0,AllNationalFiltered.csv
COVID-19,Unspecified,AUSTRALIA,2021-07-25,World Health Organization COVID-19 Dashboard,178.0,AllNationalFiltered.csv
COVID-19,Unspecified,AUSTRALIA,2021-07-26,World Health Organization COVID-19 Dashboard,161.0,AllNationalFiltered.csv
COVID-19,Unspecified,AUSTRALIA,2021-07-27,World Health Organization COVID-19 Dashboard,165.0,AllNationalFiltered.csv
COVID-19,Unspecified,AUSTRALIA,2021-07-28,World Health Organization COVID-19 Dashboard,186.0,AllNationalFiltered.csv
COVID-19,Unspecified,AUSTRALIA,2021-07-29,World Health Organization COVID-19 Dashboard,204.0,AllNationalFiltered.csv
COVID-19,Unspecified,AUSTRALIA,2021-07-30,World Health Organization COVID-19 Dashboard,261.0,AllNationalFiltered.csv
COVID-19,Unspecified,AUSTRALIA,2021-07-31,World Health Organization COVID-19 Dashboard,177.0,AllNationalFiltered.csv
COVID-19,Unspecified,UNITED STATES OF AMERICA,2020-01-04,World Health Organization COVID-19 Dashboard,0.0,AllNationalFiltered.csv
COVID-19,Unspecified,UNITED STATES OF AMERICA,2020-01-05,World Health Organization COVID-19 Dashboard,0.0,AllNationalFiltered.csv
COVID-19,Unspecified,UNITED STATES OF AMERICA,2020-01-06,World Health Organization COVID-19 Dashboard,0.0,AllNationalFiltered.csv
COVID-19,Unspecified,UNITED STATES OF AMERICA,2020-01-07,World Health Organization COVID-19 Dashboard,0.0,AllNationalFiltered.csv
COVID-19,Unspecified,UNITED STATES OF AMERICA,2020-01-08,World Health Organization COVID-19 Dashboard,0.0,AllNationalFiltered.csv
COVID-19,Unspecified,UNITED STATES OF AMERICA,2020-01-09,World Health Organization COVID-19 Dashboard,0.0,AllNationalFiltered.csv
COVID-19,Unspecified,UNITED STATES OF AMERICA,2020-01-10,World Health Organization COVID-19 Dashboard,0.0,AllNationalFiltered.csv
COVID-19,Unspecified,UNITED STATES OF AMERICA,2020-01-11,World Health Organization COVID-19 Dashboard,0.0,AllNationalFiltered.csv
COVID-19,Unspecified,UNITED STATES OF AMERICA,2020-01-12,World Health Organization COVID-19 Dashboard,0.0,AllNationalFiltered.csv
COVID-19,Unspecified,UNITED STATES OF AMERICA,2020-01-13,World Health Organization COVID-19 Dashboard,0.0,AllNationalFiltered.csv
COVID-19,Unspecified,UNITED STATES OF AMERICA,2020-01-14,World Health Organization COVID-19 Dashboard,0.0,AllNationalFiltered.csv
COVID-19,Unspecified,UNITED STATES OF AMERICA,2020-01-15,World Health Organization COVID-19 Dashboard,0.0,AllNationalFiltered.csv
COVID-19,Unspecified,UNITED STATES OF AMERICA,2020-01-16,World Health Organization COVID-19 Dashboard,0.0,AllNationalFiltered.csv
COVID-19,Unspecified,UNITED STATES OF AMERICA,2020-01-17,World Health Organization COVID-19 Dashboard,0.0,AllNationalFiltered.csv
COVID-19,Unspecified,UNITED STATES OF AMERICA,2020-01-18,World Health Organization COVID-19 Dashboard,0.0,AllNationalFiltered.csv
COVID-19,Unspecified,UNITED STATES OF AMERICA,2020-01-19,World Health Organization COVID-19 Dashboard,0.0,AllNationalFiltered.csv
COVID-19,Unspecified,UNITED STATES OF AMERICA,2020-01-20,World Health Organization COVID-19 Dashboard,1.0,AllNationalFiltered.csv
COVID-19,Unspecified,UNITED STATES OF AMERICA,2020-01-21,World Health Organization COVID-19 Dashboard,0.0,AllNationalFiltered.csv
COVID-19,Unspecified,UNITED STATES OF AMERICA,2020-01-22,World Health Organization COVID-19 Dashboard,0.0,AllNationalFiltered.csv
COVID-19,Unspecified,UNITED STATES OF AMERICA,2020-01-23,World Health Organization COVID-19 Dashboard,0.0,AllNationalFiltered.csv
COVID-19,Unspecified,UNITED STATES OF AMERICA,2020-01-24,World Health Organization COVID-19 Dashboard,0.0,AllNationalFiltered.csv
COVID-19,Unspecified,UNITED STATES OF AMERICA,2020-01-25,World Health Organization COVID-19 Dashboard,0.0,AllNationalFiltered.csv
COVID-19,Unspecified,UNITED STATES OF AMERICA,2020-01-26,World Health Organization COVID-19 Dashboard,1.0,AllNationalFiltered.csv
COVID-19,Unspecified,UNITED STATES OF AMERICA,2020-01-27,World Health Organization COVID-19 Dashboard,0.0,AllNationalFiltered.csv
COVID-19,Unspecified,UNITED STATES OF AMERICA,2020-01-28,World Health Organization COVID-19 Dashboard,1.0,AllNationalFiltered.csv
COVID-19,Unspecified,UNITED STATES OF AMERICA,2020-01-29,World Health Organization COVID-19 Dashboard,0.0,AllNationalFiltered.csv
COVID-19,Unspecified,UNITED STATES OF AMERICA,2020-01-30,World Health Organization COVID-19 Dashboard,0.0,AllNationalFiltered.csv
COVID-19,Unspecified,UNITED STATES OF AMERICA,2020-01-31,World Health Organization COVID-19 Dashboard,0.0,AllNationalFiltered.csv
COVID-19,Unspecified,UNITED STATES OF AMERICA,2020-02-01,World Health Organization COVID-19 Dashboard,0.0,AllNationalFiltered.csv
COVID-19,Unspecified,UNITED STATES OF AMERICA,2020-02-02,World Health Organization COVID-19 Dashboard,1.0,AllNationalFiltered.csv
COVID-19,Unspecified,UNITED STATES OF AMERICA,2020-02-03,World Health Organization COVID-19 Dashboard,1.0,AllNationalFiltered.csv
COVID-19,Unspecified,UNITED STATES OF AMERICA,2020-02-04,World Health Organization COVID-19 Dashboard,3.0,AllNationalFiltered.csv
COVID-19,Unspecified,UNITED STATES OF AMERICA,2020-02-05,World Health Organization COVID-19 Dashboard,3.0,AllNationalFiltered.csv
COVID-19,Unspecified,UNITED STATES OF AMERICA,2020-02-06,World Health Organization COVID-19 Dashboard,0.0,AllNationalFiltered.csv
COVID-19,Unspecified,UNITED STATES OF AMERICA,2020-02-07,World Health Organization COVID-19 Dashboard,0.0,AllNationalFiltered.csv
COVID-19,Unspecified,UNITED STATES OF AMERICA,2020-02-08,World Health Organization COVID-19 Dashboard,0.0,AllNationalFiltered.csv
COVID-19,Unspecified,UNITED STATES OF AMERICA,2020-02-09,World Health Organization COVID-19 Dashboard,1.0,AllNationalFiltered.csv
COVID-19,Unspecified,UNITED STATES OF AMERICA,2020-02-10,World Health Organization COVID-19 Dashboard,0.0,AllNationalFiltered.csv
COVID-19,Unspecified,UNITED STATES OF AMERICA,2020-02-11,World Health Organization COVID-19 Dashboard,0.0,AllNationalFiltered.csv
COVID-19,Unspecified,UNITED STATES OF AMERICA,2020-02-12,World Health Organization COVID-19 Dashboard,0.0,AllNationalFiltered.csv
COVID-19,Unspecified,UNITED STATES OF AMERICA,2020-02-13,World Health Organization COVID-19 Dashboard,0.0,AllNationalFiltered.csv
COVID-19,Unspecified,UNITED STATES OF AMERICA,2020-02-14,World Health Organization COVID-19 Dashboard,1.0,AllNationalFiltered.csv
COVID-19,Unspecified,UNITED STATES OF AMERICA,2020-02-15,World Health Organization COVID-19 Dashboard,1.0,AllNationalFiltered.csv
COVID-19,Unspecified,UNITED STATES OF AMERICA,2020-02-16,World Health Organization COVID-19 Dashboard,0.0,AllNationalFiltered.csv
COVID-19,Unspecified,UNITED STATES OF AMERICA,2020-02-17,World Health Organization COVID-19 Dashboard,0.0,AllNationalFiltered.csv
COVID-19,Unspecified,UNITED STATES OF AMERICA,2020-02-18,World Health Organization COVID-19 Dashboard,0.0,AllNationalFiltered.csv
COVID-19,Unspecified,UNITED STATES OF AMERICA,2020-02-19,World Health Organization COVID-19 Dashboard,2.0,AllNationalFiltered.csv
COVID-19,Unspecified,UNITED STATES OF AMERICA,2020-02-20,World Health Organization COVID-19 Dashboard,5.0,AllNationalFiltered.csv
COVID-19,Unspecified,UNITED STATES OF AMERICA,2020-02-21,World Health Organization COVID-19 Dashboard,3.0,AllNationalFiltered.csv
COVID-19,Unspecified,UNITED STATES OF AMERICA,2020-02-22,World Health Organization COVID-19 Dashboard,1.0,AllNationalFiltered.csv
COVID-19,Unspecified,UNITED STATES OF AMERICA,2020-02-23,World Health Organization COVID-19 Dashboard,5.0,AllNationalFiltered.csv
COVID-19,Unspecified,UNITED STATES OF AMERICA,2020-02-24,World Health Organization COVID-19 Dashboard,6.0,AllNationalFiltered.csv
COVID-19,Unspecified,UNITED STATES OF AMERICA,2020-02-25,World Health Organization COVID-19 Dashboard,0.0,AllNationalFiltered.csv
COVID-19,Unspecified,UNITED STATES OF AMERICA,2020-02-26,World Health Organization COVID-19 Dashboard,4.0,AllNationalFiltered.csv
COVID-19,Unspecified,UNITED STATES OF AMERICA,2020-02-27,World Health Organization COVID-19 Dashboard,4.0,AllNationalFiltered.csv
COVID-19,Unspecified,UNITED STATES OF AMERICA,2020-02-28,World Health Organization COVID-19 Dashboard,8.0,AllNationalFiltered.csv
COVID-19,Unspecified,UNITED STATES OF AMERICA,2020-02-29,World Health Organization COVID-19 Dashboard,5.0,AllNationalFiltered.csv
COVID-19,Unspecified,UNITED STATES OF AMERICA,2020-03-01,World Health Organization COVID-19 Dashboard,4.0,AllNationalFiltered.csv
COVID-19,Unspecified,UNITED STATES OF AMERICA,2020-03-02,World Health Organization COVID-19 Dashboard,9.0,AllNationalFiltered.csv
COVID-19,Unspecified,UNITED STATES OF AMERICA,2020-03-03,World Health Organization COVID-19 Dashboard,18.0,AllNationalFiltered.csv
COVID-19,Unspecified,UNITED STATES OF AMERICA,2020-03-04,World Health Organization COVID-19 Dashboard,36.0,AllNationalFiltered.csv
COVID-19,Unspecified,UNITED STATES OF AMERICA,2020-03-05,World Health Organization COVID-19 Dashboard,51.0,AllNationalFiltered.csv
COVID-19,Unspecified,UNITED STATES OF AMERICA,2020-03-06,World Health Organization COVID-19 Dashboard,70.0,AllNationalFiltered.csv
COVID-19,Unspecified,UNITED STATES OF AMERICA,2020-03-07,World Health Organization COVID-19 Dashboard,78.0,AllNationalFiltered.csv
COVID-19,Unspecified,UNITED STATES OF AMERICA,2020-03-08,World Health Organization COVID-19 Dashboard,130.0,AllNationalFiltered.csv
COVID-19,Unspecified,UNITED STATES OF AMERICA,2020-03-09,World Health Organization COVID-19 Dashboard,146.0,AllNationalFiltered.csv
COVID-19,Unspecified,UNITED STATES OF AMERICA,2020-03-10,World Health Organization COVID-19 Dashboard,214.0,AllNationalFiltered.csv
COVID-19,Unspecified,UNITED STATES OF AMERICA,2020-03-11,World Health Organization COVID-19 Dashboard,390.0,AllNationalFiltered.csv
COVID-19,Unspecified,UNITED STATES OF AMERICA,2020-03-12,World Health Organization COVID-19 Dashboard,498.0,AllNationalFiltered.csv
COVID-19,Unspecified,UNITED STATES OF AMERICA,2020-03-13,World Health Organization COVID-19 Dashboard,530.0,AllNationalFiltered.csv
COVID-19,Unspecified,UNITED STATES OF AMERICA,2020-03-14,World Health Organization COVID-19 Dashboard,734.0,AllNationalFiltered.csv
COVID-19,Unspecified,UNITED STATES OF AMERICA,2020-03-15,World Health Organization COVID-19 Dashboard,951.0,AllNationalFiltered.csv
COVID-19,Unspecified,UNITED STATES OF AMERICA,2020-03-16,World Health Organization COVID-19 Dashboard,1218.0,AllNationalFiltered.csv
COVID-19,Unspecified,UNITED STATES OF AMERICA,2020-03-17,World Health Organization COVID-19 Dashboard,2172.0,AllNationalFiltered.csv
COVID-19,Unspecified,UNITED STATES OF AMERICA,2020-03-18,World Health Organization COVID-19 Dashboard,2343.0,AllNationalFiltered.csv
COVID-19,Unspecified,UNITED STATES OF AMERICA,2020-03-19,World Health Organization COVID-19 Dashboard,3199.0,AllNationalFiltered.csv
COVID-19,Unspecified,UNITED STATES OF AMERICA,2020-03-20,World Health Organization COVID-19 Dashboard,4888.0,AllNationalFiltered.csv
COVID-19,Unspecified,UNITED STATES OF AMERICA,2020-03-21,World Health Organization COVID-19 Dashboard,6117.0,AllNationalFiltered.csv
COVID-19,Unspecified,UNITED STATES OF AMERICA,2020-03-22,World Health Organization COVID-19 Dashboard,7542.0,AllNationalFiltered.csv
COVID-19,Unspecified,UNITED STATES OF AMERICA,2020-03-23,World Health Organization COVID-19 Dashboard,9122.0,AllNationalFiltered.csv
COVID-19,Unspecified,UNITED STATES OF AMERICA,2020-03-24,World Health Organization COVID-19 Dashboard,10833.0,AllNationalFiltered.csv
COVID-19,Unspecified,UNITED STATES OF AMERICA,2020-03-25,World Health Organization COVID-19 Dashboard,10689.0,AllNationalFiltered.csv
COVID-19,Unspecified,UNITED STATES OF AMERICA,2020-03-26,World Health Organization COVID-19 Dashboard,11402.0,AllNationalFiltered.csv
COVID-19,Unspecified,UNITED STATES OF AMERICA,2020-03-27,World Health Organization COVID-19 Dashboard,14075.0,AllNationalFiltered.csv
COVID-19,Unspecified,UNITED STATES OF AMERICA,2020-03-28,World Health Organization COVID-19 Dashboard,18527.0,AllNationalFiltered.csv
COVID-19,Unspecified,UNITED STATES OF AMERICA,2020-03-29,World Health Organization COVID-19 Dashboard,20206.0,AllNationalFiltered.csv
COVID-19,Unspecified,UNITED STATES OF AMERICA,2020-03-30,World Health Organization COVID-19 Dashboard,20794.0,AllNationalFiltered.csv
COVID-19,Unspecified,UNITED STATES OF AMERICA,2020-03-31,World Health Organization COVID-19 Dashboard,26250.0,AllNationalFiltered.csv
COVID-19,Unspecified,UNITED STATES OF AMERICA,2020-04-01,World Health Organization COVID-19 Dashboard,15269.0,AllNationalFiltered.csv
COVID-19,Unspecified,UNITED STATES OF AMERICA,2020-04-02,World Health Organization COVID-19 Dashboard,23701.0,AllNationalFiltered.csv
COVID-19,Unspecified,UNITED STATES OF AMERICA,2020-04-03,World Health Organization COVID-19 Dashboard,28400.0,AllNationalFiltered.csv
COVID-19,Unspecified,UNITED STATES OF AMERICA,2020-04-04,World Health Organization COVID-19 Dashboard,29912.0,AllNationalFiltered.csv
COVID-19,Unspecified,UNITED STATES OF AMERICA,2020-04-05,World Health Organization COVID-19 Dashboard,31709.0,AllNationalFiltered.csv
COVID-19,Unspecified,UNITED STATES OF AMERICA,2020-04-06,World Health Organization COVID-19 Dashboard,32491.0,AllNationalFiltered.csv
COVID-19,Unspecified,UNITED STATES OF AMERICA,2020-04-07,World Health Organization COVID-19 Dashboard,27019.0,AllNationalFiltered.csv
COVID-19,Unspecified,UNITED STATES OF AMERICA,2020-04-08,World Health Organization COVID-19 Dashboard,28615.0,AllNationalFiltered.csv
COVID-19,Unspecified,UNITED STATES OF AMERICA,2020-04-09,World Health Organization COVID-19 Dashboard,29131.0,AllNationalFiltered.csv
COVID-19,Unspecified,UNITED STATES OF AMERICA,2020-04-10,World Health Organization COVID-19 Dashboard,34163.0,AllNationalFiltered.csv
COVID-19,Unspecified,UNITED STATES OF AMERICA,2020-04-11,World Health Organization COVID-19 Dashboard,34776.0,AllNationalFiltered.csv
COVID-19,Unspecified,UNITED STATES OF AMERICA,2020-04-12,World Health Organization COVID-19 Dashboard,32644.0,AllNationalFiltered.csv
COVID-19,Unspecified,UNITED STATES OF AMERICA,2020-04-13,World Health Organization COVID-19 Dashboard,32119.0,AllNationalFiltered.csv
COVID-19,Unspecified,UNITED STATES OF AMERICA,2020-04-14,World Health Organization COVID-19 Dashboard,27137.0,AllNationalFiltered.csv
COVID-19,Unspecified,UNITED STATES OF AMERICA,2020-04-15,World Health Organization COVID-19 Dashboard,24965.0,AllNationalFiltered.csv
COVID-19,Unspecified,UNITED STATES OF AMERICA,2020-04-16,World Health Organization COVID-19 Dashboard,25058.0,AllNationalFiltered.csv
COVID-19,Unspecified,UNITED STATES OF AMERICA,2020-04-17,World Health Organization COVID-19 Dashboard,25214.0,AllNationalFiltered.csv
COVID-19,Unspecified,UNITED STATES OF AMERICA,2020-04-18,World Health Organization COVID-19 Dashboard,31625.0,AllNationalFiltered.csv
COVID-19,Unspecified,UNITED STATES OF AMERICA,2020-04-19,World Health Organization COVID-19 Dashboard,30290.0,AllNationalFiltered.csv
COVID-19,Unspecified,UNITED STATES OF AMERICA,2020-04-20,World Health Organization COVID-19 Dashboard,27651.0,AllNationalFiltered.csv
COVID-19,Unspecified,UNITED STATES OF AMERICA,2020-04-21,World Health Organization COVID-19 Dashboard,26892.0,AllNationalFiltered.csv
COVID-19,Unspecified,UNITED STATES OF AMERICA,2020-04-22,World Health Organization COVID-19 Dashboard,26063.0,AllNationalFiltered.csv
COVID-19,Unspecified,UNITED STATES OF AMERICA,2020-04-23,World Health Organization COVID-19 Dashboard,25220.0,AllNationalFiltered.csv
COVID-19,Unspecified,UNITED STATES OF AMERICA,2020-04-24,World Health Organization COVID-19 Dashboard,31124.0,AllNationalFiltered.csv
COVID-19,Unspecified,UNITED STATES OF AMERICA,2020-04-25,World Health Organization COVID-19 Dashboard,32947.0,AllNationalFiltered.csv
COVID-19,Unspecified,UNITED STATES OF AMERICA,2020-04-26,World Health Organization COVID-19 Dashboard,34872.0,AllNationalFiltered.csv
COVID-19,Unspecified,UNITED STATES OF AMERICA,2020-04-27,World Health Organization COVID-19 Dashboard,32870.0,AllNationalFiltered.csv
COVID-19,Unspecified,UNITED STATES OF AMERICA,2020-04-28,World Health Organization COVID-19 Dashboard,26575.0,AllNationalFiltered.csv
COVID-19,Unspecified,UNITED STATES OF AMERICA,2020-04-29,World Health Organization COVID-19 Dashboard,24145.0,AllNationalFiltered.csv
COVID-19,Unspecified,UNITED STATES OF AMERICA,2020-04-30,World Health Organization COVID-19 Dashboard,23580.0,AllNationalFiltered.csv
COVID-19,Unspecified,UNITED STATES OF AMERICA,2020-05-01,World Health Organization COVID-19 Dashboard,27008.0,AllNationalFiltered.csv
COVID-19,Unspecified,UNITED STATES OF AMERICA,2020-05-02,World Health Organization COVID-19 Dashboard,31426.0,AllNationalFiltered.csv
COVID-19,Unspecified,UNITED STATES OF AMERICA,2020-05-03,World Health Organization COVID-19 Dashboard,32131.0,AllNationalFiltered.csv
COVID-19,Unspecified,UNITED STATES OF AMERICA,2020-05-04,World Health Organization COVID-19 Dashboard,28395.0,AllNationalFiltered.csv
COVID-19,Unspecified,UNITED STATES OF AMERICA,2020-05-05,World Health Organization COVID-19 Dashboard,26794.0,AllNationalFiltered.csv
COVID-19,Unspecified,UNITED STATES OF AMERICA,2020-05-06,World Health Organization COVID-19 Dashboard,21533.0,AllNationalFiltered.csv
COVID-19,Unspecified,UNITED STATES OF AMERICA,2020-05-07,World Health Organization COVID-19 Dashboard,22853.0,AllNationalFiltered.csv
COVID-19,Unspecified,UNITED STATES OF AMERICA,2020-05-08,World Health Organization COVID-19 Dashboard,25299.0,AllNationalFiltered.csv
COVID-19,Unspecified,UNITED STATES OF AMERICA,2020-05-09,World Health Organization COVID-19 Dashboard,29519.0,AllNationalFiltered.csv
COVID-19,Unspecified,UNITED STATES OF AMERICA,2020-05-10,World Health Organization COVID-19 Dashboard,28303.0,AllNationalFiltered.csv
COVID-19,Unspecified,UNITED STATES OF AMERICA,2020-05-11,World Health Organization COVID-19 Dashboard,25861.0,AllNationalFiltered.csv
COVID-19,Unspecified,UNITED STATES OF AMERICA,2020-05-12,World Health Organization COVID-19 Dashboard,21613.0,AllNationalFiltered.csv
COVID-19,Unspecified,UNITED STATES OF AMERICA,2020-05-13,World Health Organization COVID-19 Dashboard,19784.0,AllNationalFiltered.csv
COVID-19,Unspecified,UNITED STATES OF AMERICA,2020-05-14,World Health Organization COVID-19 Dashboard,24181.0,AllNationalFiltered.csv
COVID-19,Unspecified,UNITED STATES OF AMERICA,2020-05-15,World Health Organization COVID-19 Dashboard,17451.0,AllNationalFiltered.csv
COVID-19,Unspecified,UNITED STATES OF AMERICA,2020-05-16,World Health Organization COVID-19 Dashboard,34350.0,AllNationalFiltered.csv
COVID-19,Unspecified,UNITED STATES OF AMERICA,2020-05-17,World Health Organization COVID-19 Dashboard,26879.0,AllNationalFiltered.csv
COVID-19,Unspecified,UNITED STATES OF AMERICA,2020-05-18,World Health Organization COVID-19 Dashboard,25816.0,AllNationalFiltered.csv
COVID-19,Unspecified,UNITED STATES OF AMERICA,2020-05-19,World Health Organization COVID-19 Dashboard,20018.0,AllNationalFiltered.csv
COVID-19,Unspecified,UNITED STATES OF AMERICA,2020-05-20,World Health Organization COVID-19 Dashboard,23114.0,AllNationalFiltered.csv
COVID-19,Unspecified,UNITED STATES OF AMERICA,2020-05-21,World Health Organization COVID-19 Dashboard,21688.0,AllNationalFiltered.csv
COVID-19,Unspecified,UNITED STATES OF AMERICA,2020-05-22,World Health Organization COVID-19 Dashboard,23974.0,AllNationalFiltered.csv
COVID-19,Unspecified,UNITED STATES OF AMERICA,2020-05-23,World Health Organization COVID-19 Dashboard,25797.0,AllNationalFiltered.csv
COVID-19,Unspecified,UNITED STATES OF AMERICA,2020-05-24,World Health Organization COVID-19 Dashboard,26005.0,AllNationalFiltered.csv
COVID-19,Unspecified,UNITED STATES OF AMERICA,2020-05-25,World Health Organization COVID-19 Dashboard,21210.0,AllNationalFiltered.csv
COVID-19,Unspecified,UNITED STATES OF AMERICA,2020-05-26,World Health Organization COVID-19 Dashboard,21677.0,AllNationalFiltered.csv
COVID-19,Unspecified,UNITED STATES OF AMERICA,2020-05-27,World Health Organization COVID-19 Dashboard,19513.0,AllNationalFiltered.csv
COVID-19,Unspecified,UNITED STATES OF AMERICA,2020-05-28,World Health Organization COVID-19 Dashboard,16814.0,AllNationalFiltered.csv
COVID-19,Unspecified,UNITED STATES OF AMERICA,2020-05-29,World Health Organization COVID-19 Dashboard,19776.0,AllNationalFiltered.csv
COVID-19,Unspecified,UNITED STATES OF AMERICA,2020-05-30,World Health Organization COVID-19 Dashboard,24188.0,AllNationalFiltered.csv
COVID-19,Unspecified,UNITED STATES OF AMERICA,2020-05-31,World Health Organization COVID-19 Dashboard,23780.0,AllNationalFiltered.csv
COVID-19,Unspecified,UNITED STATES OF AMERICA,2020-06-01,World Health Organization COVID-19 Dashboard,24067.0,AllNationalFiltered.csv
COVID-19,Unspecified,UNITED STATES OF AMERICA,2020-06-02,World Health Organization COVID-19 Dashboard,21317.0,AllNationalFiltered.csv
COVID-19,Unspecified,UNITED STATES OF AMERICA,2020-06-03,World Health Organization COVID-19 Dashboard,17207.0,AllNationalFiltered.csv
COVID-19,Unspecified,UNITED STATES OF AMERICA,2020-06-04,World Health Organization COVID-19 Dashboard,20801.0,AllNationalFiltered.csv
COVID-19,Unspecified,UNITED STATES OF AMERICA,2020-06-05,World Health Organization COVID-19 Dashboard,20987.0,AllNationalFiltered.csv
COVID-19,Unspecified,UNITED STATES OF AMERICA,2020-06-06,World Health Organization COVID-19 Dashboard,20635.0,AllNationalFiltered.csv
COVID-19,Unspecified,UNITED STATES OF AMERICA,2020-06-07,World Health Organization COVID-19 Dashboard,24698.0,AllNationalFiltered.csv
COVID-19,Unspecified,UNITED STATES OF AMERICA,2020-06-08,World Health Organization COVID-19 Dashboard,23699.0,AllNationalFiltered.csv
COVID-19,Unspecified,UNITED STATES OF AMERICA,2020-06-09,World Health Organization COVID-19 Dashboard,17753.0,AllNationalFiltered.csv
COVID-19,Unspecified,UNITED STATES OF AMERICA,2020-06-10,World Health Organization COVID-19 Dashboard,18072.0,AllNationalFiltered.csv
COVID-19,Unspecified,UNITED STATES OF AMERICA,2020-06-11,World Health Organization COVID-19 Dashboard,18526.0,AllNationalFiltered.csv
COVID-19,Unspecified,UNITED STATES OF AMERICA,2020-06-12,World Health Organization COVID-19 Dashboard,22224.0,AllNationalFiltered.csv
COVID-19,Unspecified,UNITED STATES OF AMERICA,2020-06-13,World Health Organization COVID-19 Dashboard,22979.0,AllNationalFiltered.csv
COVID-19,Unspecified,UNITED STATES OF AMERICA,2020-06-14,World Health Organization COVID-19 Dashboard,28385.0,AllNationalFiltered.csv
COVID-19,Unspecified,UNITED STATES OF AMERICA,2020-06-15,World Health Organization COVID-19 Dashboard,26406.0,AllNationalFiltered.csv
COVID-19,Unspecified,UNITED STATES OF AMERICA,2020-06-16,World Health Organization COVID-19 Dashboard,20506.0,AllNationalFiltered.csv
COVID-19,Unspecified,UNITED STATES OF AMERICA,2020-06-17,World Health Organization COVID-19 Dashboard,20673.0,AllNationalFiltered.csv
COVID-19,Unspecified,UNITED STATES OF AMERICA,2020-06-18,World Health Organization COVID-19 Dashboard,24774.0,AllNationalFiltered.csv
COVID-19,Unspecified,UNITED STATES OF AMERICA,2020-06-19,World Health Organization COVID-19 Dashboard,25817.0,AllNationalFiltered.csv
COVID-19,Unspecified,UNITED STATES OF AMERICA,2020-06-20,World Health Organization COVID-19 Dashboard,28633.0,AllNationalFiltered.csv
COVID-19,Unspecified,UNITED STATES OF AMERICA,2020-06-21,World Health Organization COVID-19 Dashboard,33191.0,AllNationalFiltered.csv
COVID-19,Unspecified,UNITED STATES OF AMERICA,2020-06-22,World Health Organization COVID-19 Dashboard,33326.0,AllNationalFiltered.csv
COVID-19,Unspecified,UNITED STATES OF AMERICA,2020-06-23,World Health Organization COVID-19 Dashboard,27245.0,AllNationalFiltered.csv
COVID-19,Unspecified,UNITED STATES OF AMERICA,2020-06-24,World Health Organization COVID-19 Dashboard,28745.0,AllNationalFiltered.csv
COVID-19,Unspecified,UNITED STATES OF AMERICA,2020-06-25,World Health Organization COVID-19 Dashboard,37883.0,AllNationalFiltered.csv
COVID-19,Unspecified,UNITED STATES OF AMERICA,2020-06-26,World Health Organization COVID-19 Dashboard,37171.0,AllNationalFiltered.csv
COVID-19,Unspecified,UNITED STATES OF AMERICA,2020-06-27,World Health Organization COVID-19 Dashboard,47153.0,AllNationalFiltered.csv
COVID-19,Unspecified,UNITED STATES OF AMERICA,2020-06-28,World Health Organization COVID-19 Dashboard,46522.0,AllNationalFiltered.csv
COVID-19,Unspecified,UNITED STATES OF AMERICA,2020-06-29,World Health Organization COVID-19 Dashboard,43398.0,AllNationalFiltered.csv
COVID-19,Unspecified,UNITED STATES OF AMERICA,2020-06-30,World Health Organization COVID-19 Dashboard,37519.0,AllNationalFiltered.csv
COVID-19,Unspecified,UNITED STATES OF AMERICA,2020-07-01,World Health Organization COVID-19 Dashboard,38654.0,AllNationalFiltered.csv
COVID-19,Unspecified,UNITED STATES OF AMERICA,2020-07-02,World Health Organization COVID-19 Dashboard,46604.0,AllNationalFiltered.csv
COVID-19,Unspecified,UNITED STATES OF AMERICA,2020-07-03,World Health Organization COVID-19 Dashboard,59257.0,AllNationalFiltered.csv
COVID-19,Unspecified,UNITED STATES OF AMERICA,2020-07-04,World Health Organization COVID-19 Dashboard,55387.0,AllNationalFiltered.csv
COVID-19,Unspecified,UNITED STATES OF AMERICA,2020-07-05,World Health Organization COVID-19 Dashboard,60317.0,AllNationalFiltered.csv
COVID-19,Unspecified,UNITED STATES OF AMERICA,2020-07-06,World Health Organization COVID-19 Dashboard,49507.0,AllNationalFiltered.csv
COVID-19,Unspecified,UNITED STATES OF AMERICA,2020-07-07,World Health Organization COVID-19 Dashboard,40011.0,AllNationalFiltered.csv
COVID-19,Unspecified,UNITED STATES OF AMERICA,2020-07-08,World Health Organization COVID-19 Dashboard,51044.0,AllNationalFiltered.csv
COVID-19,Unspecified,UNITED STATES OF AMERICA,2020-07-09,World Health Organization COVID-19 Dashboard,56077.0,AllNationalFiltered.csv
COVID-19,Unspecified,UNITED STATES OF AMERICA,2020-07-10,World Health Organization COVID-19 Dashboard,65092.0,AllNationalFiltered.csv
COVID-19,Unspecified,UNITED STATES OF AMERICA,2020-07-11,World Health Organization COVID-19 Dashboard,62184.0,AllNationalFiltered.csv
COVID-19,Unspecified,UNITED STATES OF AMERICA,2020-07-12,World Health Organization COVID-19 Dashboard,68300.0,AllNationalFiltered.csv
COVID-19,Unspecified,UNITED STATES OF AMERICA,2020-07-13,World Health Organization COVID-19 Dashboard,67314.0,AllNationalFiltered.csv
COVID-19,Unspecified,UNITED STATES OF AMERICA,2020-07-14,World Health Organization COVID-19 Dashboard,59628.0,AllNationalFiltered.csv
COVID-19,Unspecified,UNITED STATES OF AMERICA,2020-07-15,World Health Organization COVID-19 Dashboard,56130.0,AllNationalFiltered.csv
COVID-19,Unspecified,UNITED STATES OF AMERICA,2020-07-16,World Health Organization COVID-19 Dashboard,64758.0,AllNationalFiltered.csv
COVID-19,Unspecified,UNITED STATES OF AMERICA,2020-07-17,World Health Organization COVID-19 Dashboard,72033.0,AllNationalFiltered.csv
COVID-19,Unspecified,UNITED STATES OF AMERICA,2020-07-18,World Health Organization COVID-19 Dashboard,69530.0,AllNationalFiltered.csv
COVID-19,Unspecified,UNITED STATES OF AMERICA,2020-07-19,World Health Organization COVID-19 Dashboard,76837.0,AllNationalFiltered.csv
COVID-19,Unspecified,UNITED STATES OF AMERICA,2020-07-20,World Health Organization COVID-19 Dashboard,67354.0,AllNationalFiltered.csv
COVID-19,Unspecified,UNITED STATES OF AMERICA,2020-07-21,World Health Organization COVID-19 Dashboard,59792.0,AllNationalFiltered.csv
COVID-19,Unspecified,UNITED STATES OF AMERICA,2020-07-22,World Health Organization COVID-19 Dashboard,58523.0,AllNationalFiltered.csv
COVID-19,Unspecified,UNITED STATES OF AMERICA,2020-07-23,World Health Organization COVID-19 Dashboard,63394.0,AllNationalFiltered.csv
COVID-19,Unspecified,UNITED STATES OF AMERICA,2020-07-24,World Health Organization COVID-19 Dashboard,72144.0,AllNationalFiltered.csv
COVID-19,Unspecified,UNITED STATES OF AMERICA,2020-07-25,World Health Organization COVID-19 Dashboard,73456.0,AllNationalFiltered.csv
COVID-19,Unspecified,UNITED STATES OF AMERICA,2020-07-26,World Health Organization COVID-19 Dashboard,73154.0,AllNationalFiltered.csv
COVID-19,Unspecified,UNITED STATES OF AMERICA,2020-07-27,World Health Organization COVID-19 Dashboard,61281.0,AllNationalFiltered.csv
COVID-19,Unspecified,UNITED STATES OF AMERICA,2020-07-28,World Health Organization COVID-19 Dashboard,58279.0,AllNationalFiltered.csv
COVID-19,Unspecified,UNITED STATES OF AMERICA,2020-07-29,World Health Organization COVID-19 Dashboard,53479.0,AllNationalFiltered.csv
COVID-19,Unspecified,UNITED STATES OF AMERICA,2020-07-30,World Health Organization COVID-19 Dashboard,58851.0,AllNationalFiltered.csv
COVID-19,Unspecified,UNITED STATES OF AMERICA,2020-07-31,World Health Organization COVID-19 Dashboard,64738.0,AllNationalFiltered.csv
COVID-19,Unspecified,UNITED STATES OF AMERICA,2020-08-01,World Health Organization COVID-19 Dashboard,66211.0,AllNationalFiltered.csv
COVID-19,Unspecified,UNITED STATES OF AMERICA,2020-08-02,World Health Organization COVID-19 Dashboard,68114.0,AllNationalFiltered.csv
COVID-19,Unspecified,UNITED STATES OF AMERICA,2020-08-03,World Health Organization COVID-19 Dashboard,56528.0,AllNationalFiltered.csv
COVID-19,Unspecified,UNITED STATES OF AMERICA,2020-08-04,World Health Organization COVID-19 Dashboard,51154.0,AllNationalFiltered.csv
COVID-19,Unspecified,UNITED STATES OF AMERICA,2020-08-05,World Health Organization COVID-19 Dashboard,45179.0,AllNationalFiltered.csv
COVID-19,Unspecified,UNITED STATES OF AMERICA,2020-08-06,World Health Organization COVID-19 Dashboard,51708.0,AllNationalFiltered.csv
COVID-19,Unspecified,UNITED STATES OF AMERICA,2020-08-07,World Health Organization COVID-19 Dashboard,55630.0,AllNationalFiltered.csv
COVID-19,Unspecified,UNITED STATES OF AMERICA,2020-08-08,World Health Organization COVID-19 Dashboard,54376.0,AllNationalFiltered.csv
COVID-19,Unspecified,UNITED STATES OF AMERICA,2020-08-09,World Health Organization COVID-19 Dashboard,61855.0,AllNationalFiltered.csv
COVID-19,Unspecified,UNITED STATES OF AMERICA,2020-08-10,World Health Organization COVID-19 Dashboard,51253.0,AllNationalFiltered.csv
COVID-19,Unspecified,UNITED STATES OF AMERICA,2020-08-11,World Health Organization COVID-19 Dashboard,46234.0,AllNationalFiltered.csv
COVID-19,Unspecified,UNITED STATES OF AMERICA,2020-08-12,World Health Organization COVID-19 Dashboard,43697.0,AllNationalFiltered.csv
COVID-19,Unspecified,UNITED STATES OF AMERICA,2020-08-13,World Health Organization COVID-19 Dashboard,58822.0,AllNationalFiltered.csv
COVID-19,Unspecified,UNITED STATES OF AMERICA,2020-08-14,World Health Organization COVID-19 Dashboard,54706.0,AllNationalFiltered.csv
COVID-19,Unspecified,UNITED STATES OF AMERICA,2020-08-15,World Health Organization COVID-19 Dashboard,51700.0,AllNationalFiltered.csv
COVID-19,Unspecified,UNITED STATES OF AMERICA,2020-08-16,World Health Organization COVID-19 Dashboard,55933.0,AllNationalFiltered.csv
COVID-19,Unspecified,UNITED STATES OF AMERICA,2020-08-17,World Health Organization COVID-19 Dashboard,51259.0,AllNationalFiltered.csv
COVID-19,Unspecified,UNITED STATES OF AMERICA,2020-08-18,World Health Organization COVID-19 Dashboard,41300.0,AllNationalFiltered.csv
COVID-19,Unspecified,UNITED STATES OF AMERICA,2020-08-19,World Health Organization COVID-19 Dashboard,41758.0,AllNationalFiltered.csv
COVID-19,Unspecified,UNITED STATES OF AMERICA,2020-08-20,World Health Organization COVID-19 Dashboard,41504.0,AllNationalFiltered.csv
COVID-19,Unspecified,UNITED STATES OF AMERICA,2020-08-21,World Health Organization COVID-19 Dashboard,46623.0,AllNationalFiltered.csv
COVID-19,Unspecified,UNITED STATES OF AMERICA,2020-08-22,World Health Organization COVID-19 Dashboard,46311.0,AllNationalFiltered.csv
COVID-19,Unspecified,UNITED STATES OF AMERICA,2020-08-23,World Health Organization COVID-19 Dashboard,47574.0,AllNationalFiltered.csv
COVID-19,Unspecified,UNITED STATES OF AMERICA,2020-08-24,World Health Organization COVID-19 Dashboard,41312.0,AllNationalFiltered.csv
COVID-19,Unspecified,UNITED STATES OF AMERICA,2020-08-25,World Health Organization COVID-19 Dashboard,36887.0,AllNationalFiltered.csv
COVID-19,Unspecified,UNITED STATES OF AMERICA,2020-08-26,World Health Organization COVID-19 Dashboard,36099.0,AllNationalFiltered.csv
COVID-19,Unspecified,UNITED STATES OF AMERICA,2020-08-27,World Health Organization COVID-19 Dashboard,40324.0,AllNationalFiltered.csv
COVID-19,Unspecified,UNITED STATES OF AMERICA,2020-08-28,World Health Organization COVID-19 Dashboard,46725.0,AllNationalFiltered.csv
COVID-19,Unspecified,UNITED STATES OF AMERICA,2020-08-29,World Health Organization COVID-19 Dashboard,46760.0,AllNationalFiltered.csv
COVID-19,Unspecified,UNITED STATES OF AMERICA,2020-08-30,World Health Organization COVID-19 Dashboard,46785.0,AllNationalFiltered.csv
COVID-19,Unspecified,UNITED STATES OF AMERICA,2020-08-31,World Health Organization COVID-19 Dashboard,40705.0,AllNationalFiltered.csv
COVID-19,Unspecified,UNITED STATES OF AMERICA,2020-09-01,World Health Organization COVID-19 Dashboard,36599.0,AllNationalFiltered.csv
COVID-19,Unspecified,UNITED STATES OF AMERICA,2020-09-02,World Health Organization COVID-19 Dashboard,38805.0,AllNationalFiltered.csv
COVID-19,Unspecified,UNITED STATES OF AMERICA,2020-09-03,World Health Organization COVID-19 Dashboard,38940.0,AllNationalFiltered.csv
COVID-19,Unspecified,UNITED STATES OF AMERICA,2020-09-04,World Health Organization COVID-19 Dashboard,43907.0,AllNationalFiltered.csv
COVID-19,Unspecified,UNITED STATES OF AMERICA,2020-09-05,World Health Organization COVID-19 Dashboard,45225.0,AllNationalFiltered.csv
COVID-19,Unspecified,UNITED STATES OF AMERICA,2020-09-06,World Health Organization COVID-19 Dashboard,50819.0,AllNationalFiltered.csv
COVID-19,Unspecified,UNITED STATES OF AMERICA,2020-09-07,World Health Organization COVID-19 Dashboard,41583.0,AllNationalFiltered.csv
COVID-19,Unspecified,UNITED STATES OF AMERICA,2020-09-08,World Health Organization COVID-19 Dashboard,33703.0,AllNationalFiltered.csv
COVID-19,Unspecified,UNITED STATES OF AMERICA,2020-09-09,World Health Organization COVID-19 Dashboard,25076.0,AllNationalFiltered.csv
COVID-19,Unspecified,UNITED STATES OF AMERICA,2020-09-10,World Health Organization COVID-19 Dashboard,28067.0,AllNationalFiltered.csv
COVID-19,Unspecified,UNITED STATES OF AMERICA,2020-09-11,World Health Organization COVID-19 Dashboard,35024.0,AllNationalFiltered.csv
COVID-19,Unspecified,UNITED STATES OF AMERICA,2020-09-12,World Health Organization COVID-19 Dashboard,38569.0,AllNationalFiltered.csv
COVID-19,Unspecified,UNITED STATES OF AMERICA,2020-09-13,World Health Organization COVID-19 Dashboard,44187.0,AllNationalFiltered.csv
COVID-19,Unspecified,UNITED STATES OF AMERICA,2020-09-14,World Health Organization COVID-19 Dashboard,40053.0,AllNationalFiltered.csv
COVID-19,Unspecified,UNITED STATES OF AMERICA,2020-09-15,World Health Organization COVID-19 Dashboard,32752.0,AllNationalFiltered.csv
COVID-19,Unspecified,UNITED STATES OF AMERICA,2020-09-16,World Health Organization COVID-19 Dashboard,34524.0,AllNationalFiltered.csv
COVID-19,Unspecified,UNITED STATES OF AMERICA,2020-09-17,World Health Organization COVID-19 Dashboard,36734.0,AllNationalFiltered.csv
COVID-19,Unspecified,UNITED STATES OF AMERICA,2020-09-18,World Health Organization COVID-19 Dashboard,44225.0,AllNationalFiltered.csv
COVID-19,Unspecified,UNITED STATES OF AMERICA,2020-09-19,World Health Organization COVID-19 Dashboard,44636.0,AllNationalFiltered.csv
COVID-19,Unspecified,UNITED STATES OF AMERICA,2020-09-20,World Health Organization COVID-19 Dashboard,47848.0,AllNationalFiltered.csv
COVID-19,Unspecified,UNITED STATES OF AMERICA,2020-09-21,World Health Organization COVID-19 Dashboard,42141.0,AllNationalFiltered.csv
COVID-19,Unspecified,UNITED STATES OF AMERICA,2020-09-22,World Health Organization COVID-19 Dashboard,34229.0,AllNationalFiltered.csv
COVID-19,Unspecified,UNITED STATES OF AMERICA,2020-09-23,World Health Organization COVID-19 Dashboard,41659.0,AllNationalFiltered.csv
COVID-19,Unspecified,UNITED STATES OF AMERICA,2020-09-24,World Health Organization COVID-19 Dashboard,49233.0,AllNationalFiltered.csv
COVID-19,Unspecified,UNITED STATES OF AMERICA,2020-09-25,World Health Organization COVID-19 Dashboard,41909.0,AllNationalFiltered.csv
COVID-19,Unspecified,UNITED STATES OF AMERICA,2020-09-26,World Health Organization COVID-19 Dashboard,46057.0,AllNationalFiltered.csv
COVID-19,Unspecified,UNITED STATES OF AMERICA,2020-09-27,World Health Organization COVID-19 Dashboard,49669.0,AllNationalFiltered.csv
COVID-19,Unspecified,UNITED STATES OF AMERICA,2020-09-28,World Health Organization COVID-19 Dashboard,41806.0,AllNationalFiltered.csv
COVID-19,Unspecified,UNITED STATES OF AMERICA,2020-09-29,World Health Organization COVID-19 Dashboard,35267.0,AllNationalFiltered.csv
COVID-19,Unspecified,UNITED STATES OF AMERICA,2020-09-30,World Health Organization COVID-19 Dashboard,38894.0,AllNationalFiltered.csv
COVID-19,Unspecified,UNITED STATES OF AMERICA,2020-10-01,World Health Organization COVID-19 Dashboard,38728.0,AllNationalFiltered.csv
COVID-19,Unspecified,UNITED STATES OF AMERICA,2020-10-02,World Health Organization COVID-19 Dashboard,45622.0,AllNationalFiltered.csv
COVID-19,Unspecified,UNITED STATES OF AMERICA,2020-10-03,World Health Organization COVID-19 Dashboard,47133.0,AllNationalFiltered.csv
COVID-19,Unspecified,UNITED STATES OF AMERICA,2020-10-04,World Health Organization COVID-19 Dashboard,51115.0,AllNationalFiltered.csv
COVID-19,Unspecified,UNITED STATES OF AMERICA,2020-10-05,World Health Organization COVID-19 Dashboard,47682.0,AllNationalFiltered.csv
COVID-19,Unspecified,UNITED STATES OF AMERICA,2020-10-06,World Health Organization COVID-19 Dashboard,35386.0,AllNationalFiltered.csv
COVID-19,Unspecified,UNITED STATES OF AMERICA,2020-10-07,World Health Organization COVID-19 Dashboard,41531.0,AllNationalFiltered.csv
COVID-19,Unspecified,UNITED STATES OF AMERICA,2020-10-08,World Health Organization COVID-19 Dashboard,41523.0,AllNationalFiltered.csv
COVID-19,Unspecified,UNITED STATES OF AMERICA,2020-10-09,World Health Organization COVID-19 Dashboard,53939.0,AllNationalFiltered.csv
COVID-19,Unspecified,UNITED STATES OF AMERICA,2020-10-10,World Health Organization COVID-19 Dashboard,55399.0,AllNationalFiltered.csv
COVID-19,Unspecified,UNITED STATES OF AMERICA,2020-10-11,World Health Organization COVID-19 Dashboard,58972.0,AllNationalFiltered.csv
COVID-19,Unspecified,UNITED STATES OF AMERICA,2020-10-12,World Health Organization COVID-19 Dashboard,53758.0,AllNationalFiltered.csv
COVID-19,Unspecified,UNITED STATES OF AMERICA,2020-10-13,World Health Organization COVID-19 Dashboard,44457.0,AllNationalFiltered.csv
COVID-19,Unspecified,UNITED STATES OF AMERICA,2020-10-14,World Health Organization COVID-19 Dashboard,49532.0,AllNationalFiltered.csv
COVID-19,Unspecified,UNITED STATES OF AMERICA,2020-10-15,World Health Organization COVID-19 Dashboard,50078.0,AllNationalFiltered.csv
COVID-19,Unspecified,UNITED STATES OF AMERICA,2020-10-16,World Health Organization COVID-19 Dashboard,57764.0,AllNationalFiltered.csv
COVID-19,Unspecified,UNITED STATES OF AMERICA,2020-10-17,World Health Organization COVID-19 Dashboard,62897.0,AllNationalFiltered.csv
COVID-19,Unspecified,UNITED STATES OF AMERICA,2020-10-18,World Health Organization COVID-19 Dashboard,69003.0,AllNationalFiltered.csv
COVID-19,Unspecified,UNITED STATES OF AMERICA,2020-10-19,World Health Organization COVID-19 Dashboard,54343.0,AllNationalFiltered.csv
COVID-19,Unspecified,UNITED STATES OF AMERICA,2020-10-20,World Health Organization COVID-19 Dashboard,48675.0,AllNationalFiltered.csv
COVID-19,Unspecified,UNITED STATES OF AMERICA,2020-10-21,World Health Organization COVID-19 Dashboard,61596.0,AllNationalFiltered.csv
COVID-19,Unspecified,UNITED STATES OF AMERICA,2020-10-22,World Health Organization COVID-19 Dashboard,58903.0,AllNationalFiltered.csv
COVID-19,Unspecified,UNITED STATES OF AMERICA,2020-10-23,World Health Organization COVID-19 Dashboard,68944.0,AllNationalFiltered.csv
COVID-19,Unspecified,UNITED STATES OF AMERICA,2020-10-24,World Health Organization COVID-19 Dashboard,74759.0,AllNationalFiltered.csv
COVID-19,Unspecified,UNITED STATES OF AMERICA,2020-10-25,World Health Organization COVID-19 Dashboard,82266.0,AllNationalFiltered.csv
COVID-19,Unspecified,UNITED STATES OF AMERICA,2020-10-26,World Health Organization COVID-19 Dashboard,76078.0,AllNationalFiltered.csv
COVID-19,Unspecified,UNITED STATES OF AMERICA,2020-10-27,World Health Organization COVID-19 Dashboard,65531.0,AllNationalFiltered.csv
COVID-19,Unspecified,UNITED STATES OF AMERICA,2020-10-28,World Health Organization COVID-19 Dashboard,69823.0,AllNationalFiltered.csv
COVID-19,Unspecified,UNITED STATES OF AMERICA,2020-10-29,World Health Organization COVID-19 Dashboard,75208.0,AllNationalFiltered.csv
COVID-19,Unspecified,UNITED STATES OF AMERICA,2020-10-30,World Health Organization COVID-19 Dashboard,84467.0,AllNationalFiltered.csv
COVID-19,Unspecified,UNITED STATES OF AMERICA,2020-10-31,World Health Organization COVID-19 Dashboard,91107.0,AllNationalFiltered.csv
COVID-19,Unspecified,UNITED STATES OF AMERICA,2020-11-01,World Health Organization COVID-19 Dashboard,97647.0,AllNationalFiltered.csv
COVID-19,Unspecified,UNITED STATES OF AMERICA,2020-11-02,World Health Organization COVID-19 Dashboard,92420.0,AllNationalFiltered.csv
COVID-19,Unspecified,UNITED STATES OF AMERICA,2020-11-03,World Health Organization COVID-19 Dashboard,141390.0,AllNationalFiltered.csv
COVID-19,Unspecified,UNITED STATES OF AMERICA,2020-11-04,World Health Organization COVID-19 Dashboard,87472.0,AllNationalFiltered.csv
COVID-19,Unspecified,UNITED STATES OF AMERICA,2020-11-05,World Health Organization COVID-19 Dashboard,98413.0,AllNationalFiltered.csv
COVID-19,Unspecified,UNITED STATES OF AMERICA,2020-11-06,World Health Organization COVID-19 Dashboard,114095.0,AllNationalFiltered.csv
COVID-19,Unspecified,UNITED STATES OF AMERICA,2020-11-07,World Health Organization COVID-19 Dashboard,123042.0,AllNationalFiltered.csv
COVID-19,Unspecified,UNITED STATES OF AMERICA,2020-11-08,World Health Organization COVID-19 Dashboard,133858.0,AllNationalFiltered.csv
COVID-19,Unspecified,UNITED STATES OF AMERICA,2020-11-09,World Health Organization COVID-19 Dashboard,128967.0,AllNationalFiltered.csv
COVID-19,Unspecified,UNITED STATES OF AMERICA,2020-11-10,World Health Organization COVID-19 Dashboard,111634.0,AllNationalFiltered.csv
COVID-19,Unspecified,UNITED STATES OF AMERICA,2020-11-11,World Health Organization COVID-19 Dashboard,124646.0,AllNationalFiltered.csv
COVID-19,Unspecified,UNITED STATES OF AMERICA,2020-11-12,World Health Organization COVID-19 Dashboard,146026.0,AllNationalFiltered.csv
COVID-19,Unspecified,UNITED STATES OF AMERICA,2020-11-13,World Health Organization COVID-19 Dashboard,153616.0,AllNationalFiltered.csv
COVID-19,Unspecified,UNITED STATES OF AMERICA,2020-11-14,World Health Organization COVID-19 Dashboard,161982.0,AllNationalFiltered.csv
COVID-19,Unspecified,UNITED STATES OF AMERICA,2020-11-15,World Health Organization COVID-19 Dashboard,177320.0,AllNationalFiltered.csv
COVID-19,Unspecified,UNITED STATES OF AMERICA,2020-11-16,World Health Organization COVID-19 Dashboard,163802.0,AllNationalFiltered.csv
COVID-19,Unspecified,UNITED STATES OF AMERICA,2020-11-17,World Health Organization COVID-19 Dashboard,139101.0,AllNationalFiltered.csv
COVID-19,Unspecified,UNITED STATES OF AMERICA,2020-11-18,World Health Organization COVID-19 Dashboard,152743.0,AllNationalFiltered.csv
COVID-19,Unspecified,UNITED STATES OF AMERICA,2020-11-19,World Health Organization COVID-19 Dashboard,167254.0,AllNationalFiltered.csv
COVID-19,Unspecified,UNITED STATES OF AMERICA,2020-11-20,World Health Organization COVID-19 Dashboard,170786.0,AllNationalFiltered.csv
COVID-19,Unspecified,UNITED STATES OF AMERICA,2020-11-21,World Health Organization COVID-19 Dashboard,189352.0,AllNationalFiltered.csv
COVID-19,Unspecified,UNITED STATES OF AMERICA,2020-11-22,World Health Organization COVID-19 Dashboard,193116.0,AllNationalFiltered.csv
COVID-19,Unspecified,UNITED STATES OF AMERICA,2020-11-23,World Health Organization COVID-19 Dashboard,173587.0,AllNationalFiltered.csv
COVID-19,Unspecified,UNITED STATES OF AMERICA,2020-11-24,World Health Organization COVID-19 Dashboard,150896.0,AllNationalFiltered.csv
COVID-19,Unspecified,UNITED STATES OF AMERICA,2020-11-25,World Health Organization COVID-19 Dashboard,159758.0,AllNationalFiltered.csv
COVID-19,Unspecified,UNITED STATES OF AMERICA,2020-11-26,World Health Organization COVID-19 Dashboard,175327.0,AllNationalFiltered.csv
COVID-19,Unspecified,UNITED STATES OF AMERICA,2020-11-27,World Health Organization COVID-19 Dashboard,193930.0,AllNationalFiltered.csv
COVID-19,Unspecified,UNITED STATES OF AMERICA,2020-11-28,World Health Organization COVID-19 Dashboard,143846.0,AllNationalFiltered.csv
COVID-19,Unspecified,UNITED STATES OF AMERICA,2020-11-29,World Health Organization COVID-19 Dashboard,165799.0,AllNationalFiltered.csv
COVID-19,Unspecified,UNITED STATES OF AMERICA,2020-11-30,World Health Organization COVID-19 Dashboard,143712.0,AllNationalFiltered.csv
COVID-19,Unspecified,UNITED STATES OF AMERICA,2020-12-01,World Health Organization COVID-19 Dashboard,140656.0,AllNationalFiltered.csv
COVID-19,Unspecified,UNITED STATES OF AMERICA,2020-12-02,World Health Organization COVID-19 Dashboard,152258.0,AllNationalFiltered.csv
COVID-19,Unspecified,UNITED STATES OF AMERICA,2020-12-03,World Health Organization COVID-19 Dashboard,192905.0,AllNationalFiltered.csv
COVID-19,Unspecified,UNITED STATES OF AMERICA,2020-12-04,World Health Organization COVID-19 Dashboard,209562.0,AllNationalFiltered.csv
COVID-19,Unspecified,UNITED STATES OF AMERICA,2020-12-05,World Health Organization COVID-19 Dashboard,217556.0,AllNationalFiltered.csv
COVID-19,Unspecified,UNITED STATES OF AMERICA,2020-12-06,World Health Organization COVID-19 Dashboard,224742.0,AllNationalFiltered.csv
COVID-19,Unspecified,UNITED STATES OF AMERICA,2020-12-07,World Health Organization COVID-19 Dashboard,205801.0,AllNationalFiltered.csv
COVID-19,Unspecified,UNITED STATES OF AMERICA,2020-12-08,World Health Organization COVID-19 Dashboard,176765.0,AllNationalFiltered.csv
COVID-19,Unspecified,UNITED STATES OF AMERICA,2020-12-09,World Health Organization COVID-19 Dashboard,183044.0,AllNationalFiltered.csv
COVID-19,Unspecified,UNITED STATES OF AMERICA,2020-12-10,World Health Organization COVID-19 Dashboard,227428.0,AllNationalFiltered.csv
COVID-19,Unspecified,UNITED STATES OF AMERICA,2020-12-11,World Health Organization COVID-19 Dashboard,220834.0,AllNationalFiltered.csv
COVID-19,Unspecified,UNITED STATES OF AMERICA,2020-12-12,World Health Organization COVID-19 Dashboard,208466.0,AllNationalFiltered.csv
COVID-19,Unspecified,UNITED STATES OF AMERICA,2020-12-13,World Health Organization COVID-19 Dashboard,246602.0,AllNationalFiltered.csv
COVID-19,Unspecified,UNITED STATES OF AMERICA,2020-12-14,World Health Organization COVID-19 Dashboard,216331.0,AllNationalFiltered.csv
COVID-19,Unspecified,UNITED STATES OF AMERICA,2020-12-15,World Health Organization COVID-19 Dashboard,181126.0,AllNationalFiltered.csv
COVID-19,Unspecified,UNITED STATES OF AMERICA,2020-12-16,World Health Organization COVID-19 Dashboard,197991.0,AllNationalFiltered.csv
COVID-19,Unspecified,UNITED STATES OF AMERICA,2020-12-17,World Health Organization COVID-19 Dashboard,199571.0,AllNationalFiltered.csv
COVID-19,Unspecified,UNITED STATES OF AMERICA,2020-12-18,World Health Organization COVID-19 Dashboard,240337.0,AllNationalFiltered.csv
COVID-19,Unspecified,UNITED STATES OF AMERICA,2020-12-19,World Health Organization COVID-19 Dashboard,246017.0,AllNationalFiltered.csv
COVID-19,Unspecified,UNITED STATES OF AMERICA,2020-12-20,World Health Organization COVID-19 Dashboard,236141.0,AllNationalFiltered.csv
COVID-19,Unspecified,UNITED STATES OF AMERICA,2020-12-21,World Health Organization COVID-19 Dashboard,202642.0,AllNationalFiltered.csv
COVID-19,Unspecified,UNITED STATES OF AMERICA,2020-12-22,World Health Organization COVID-19 Dashboard,186606.0,AllNationalFiltered.csv
COVID-19,Unspecified,UNITED STATES OF AMERICA,2020-12-23,World Health Organization COVID-19 Dashboard,183194.0,AllNationalFiltered.csv
COVID-19,Unspecified,UNITED STATES OF AMERICA,2020-12-24,World Health Organization COVID-19 Dashboard,198762.0,AllNationalFiltered.csv
COVID-19,Unspecified,UNITED STATES OF AMERICA,2020-12-25,World Health Organization COVID-19 Dashboard,226323.0,AllNationalFiltered.csv
COVID-19,Unspecified,UNITED STATES OF AMERICA,2020-12-26,World Health Organization COVID-19 Dashboard,201766.0,AllNationalFiltered.csv
COVID-19,Unspecified,UNITED STATES OF AMERICA,2020-12-27,World Health Organization COVID-19 Dashboard,158789.0,AllNationalFiltered.csv
COVID-19,Unspecified,UNITED STATES OF AMERICA,2020-12-28,World Health Organization COVID-19 Dashboard,149768.0,AllNationalFiltered.csv
COVID-19,Unspecified,UNITED STATES OF AMERICA,2020-12-29,World Health Organization COVID-19 Dashboard,152962.0,AllNationalFiltered.csv
COVID-19,Unspecified,UNITED STATES OF AMERICA,2020-12-30,World Health Organization COVID-19 Dashboard,178341.0,AllNationalFiltered.csv
COVID-19,Unspecified,UNITED STATES OF AMERICA,2020-12-31,World Health Organization COVID-19 Dashboard,208867.0,AllNationalFiltered.csv
COVID-19,Unspecified,UNITED STATES OF AMERICA,2021-01-01,World Health Organization COVID-19 Dashboard,237078.0,AllNationalFiltered.csv
COVID-19,Unspecified,UNITED STATES OF AMERICA,2021-01-02,World Health Organization COVID-19 Dashboard,229439.0,AllNationalFiltered.csv
COVID-19,Unspecified,UNITED STATES OF AMERICA,2021-01-03,World Health Organization COVID-19 Dashboard,227339.0,AllNationalFiltered.csv
COVID-19,Unspecified,UNITED STATES OF AMERICA,2021-01-04,World Health Organization COVID-19 Dashboard,226479.0,AllNationalFiltered.csv
COVID-19,Unspecified,UNITED STATES OF AMERICA,2021-01-05,World Health Organization COVID-19 Dashboard,204392.0,AllNationalFiltered.csv
COVID-19,Unspecified,UNITED STATES OF AMERICA,2021-01-06,World Health Organization COVID-19 Dashboard,175047.0,AllNationalFiltered.csv
COVID-19,Unspecified,UNITED STATES OF AMERICA,2021-01-07,World Health Organization COVID-19 Dashboard,243451.0,AllNationalFiltered.csv
COVID-19,Unspecified,UNITED STATES OF AMERICA,2021-01-08,World Health Organization COVID-19 Dashboard,257769.0,AllNationalFiltered.csv
COVID-19,Unspecified,UNITED STATES OF AMERICA,2021-01-09,World Health Organization COVID-19 Dashboard,269575.0,AllNationalFiltered.csv
COVID-19,Unspecified,UNITED STATES OF AMERICA,2021-01-10,World Health Organization COVID-19 Dashboard,292871.0,AllNationalFiltered.csv
COVID-19,Unspecified,UNITED STATES OF AMERICA,2021-01-11,World Health Organization COVID-19 Dashboard,255591.0,AllNationalFiltered.csv
COVID-19,Unspecified,UNITED STATES OF AMERICA,2021-01-12,World Health Organization COVID-19 Dashboard,223943.0,AllNationalFiltered.csv
COVID-19,Unspecified,UNITED STATES OF AMERICA,2021-01-13,World Health Organization COVID-19 Dashboard,204280.0,AllNationalFiltered.csv
COVID-19,Unspecified,UNITED STATES OF AMERICA,2021-01-14,World Health Organization COVID-19 Dashboard,217818.0,AllNationalFiltered.csv
COVID-19,Unspecified,UNITED STATES OF AMERICA,2021-01-15,World Health Organization COVID-19 Dashboard,227077.0,AllNationalFiltered.csv
COVID-19,Unspecified,UNITED STATES OF AMERICA,2021-01-16,World Health Organization COVID-19 Dashboard,223247.0,AllNationalFiltered.csv
COVID-19,Unspecified,UNITED STATES OF AMERICA,2021-01-17,World Health Organization COVID-19 Dashboard,239292.0,AllNationalFiltered.csv
COVID-19,Unspecified,UNITED STATES OF AMERICA,2021-01-18,World Health Organization COVID-19 Dashboard,212772.0,AllNationalFiltered.csv
COVID-19,Unspecified,UNITED STATES OF AMERICA,2021-01-19,World Health Organization COVID-19 Dashboard,183888.0,AllNationalFiltered.csv
COVID-19,Unspecified,UNITED STATES OF AMERICA,2021-01-20,World Health Organization COVID-19 Dashboard,151500.0,AllNationalFiltered.csv
COVID-19,Unspecified,UNITED STATES OF AMERICA,2021-01-21,World Health Organization COVID-19 Dashboard,150308.0,AllNationalFiltered.csv
COVID-19,Unspecified,UNITED STATES OF AMERICA,2021-01-22,World Health Organization COVID-19 Dashboard,187812.0,AllNationalFiltered.csv
COVID-19,Unspecified,UNITED STATES OF AMERICA,2021-01-23,World Health Organization COVID-19 Dashboard,187781.0,AllNationalFiltered.csv
COVID-19,Unspecified,UNITED STATES OF AMERICA,2021-01-24,World Health Organization COVID-19 Dashboard,190211.0,AllNationalFiltered.csv
COVID-19,Unspecified,UNITED STATES OF AMERICA,2021-01-25,World Health Organization COVID-19 Dashboard,164581.0,AllNationalFiltered.csv
COVID-19,Unspecified,UNITED STATES OF AMERICA,2021-01-26,World Health Organization COVID-19 Dashboard,143959.0,AllNationalFiltered.csv
COVID-19,Unspecified,UNITED STATES OF AMERICA,2021-01-27,World Health Organization COVID-19 Dashboard,134141.0,AllNationalFiltered.csv
COVID-19,Unspecified,UNITED STATES OF AMERICA,2021-01-28,World Health Organization COVID-19 Dashboard,146513.0,AllNationalFiltered.csv
COVID-19,Unspecified,UNITED STATES OF AMERICA,2021-01-29,World Health Organization COVID-19 Dashboard,158913.0,AllNationalFiltered.csv
COVID-19,Unspecified,UNITED STATES OF AMERICA,2021-01-30,World Health Organization COVID-19 Dashboard,155971.0,AllNationalFiltered.csv
COVID-19,Unspecified,UNITED STATES OF AMERICA,2021-01-31,World Health Organization COVID-19 Dashboard,164372.0,AllNationalFiltered.csv
COVID-19,Unspecified,UNITED STATES OF AMERICA,2021-02-01,World Health Organization COVID-19 Dashboard,137193.0,AllNationalFiltered.csv
COVID-19,Unspecified,UNITED STATES OF AMERICA,2021-02-02,World Health Organization COVID-19 Dashboard,112268.0,AllNationalFiltered.csv
COVID-19,Unspecified,UNITED STATES OF AMERICA,2021-02-03,World Health Organization COVID-19 Dashboard,128868.0,AllNationalFiltered.csv
COVID-19,Unspecified,UNITED STATES OF AMERICA,2021-02-04,World Health Organization COVID-19 Dashboard,121723.0,AllNationalFiltered.csv
COVID-19,Unspecified,UNITED STATES OF AMERICA,2021-02-05,World Health Organization COVID-19 Dashboard,108776.0,AllNationalFiltered.csv
COVID-19,Unspecified,UNITED STATES OF AMERICA,2021-02-06,World Health Organization COVID-19 Dashboard,125122.0,AllNationalFiltered.csv
COVID-19,Unspecified,UNITED STATES OF AMERICA,2021-02-07,World Health Organization COVID-19 Dashboard,124494.0,AllNationalFiltered.csv
COVID-19,Unspecified,UNITED STATES OF AMERICA,2021-02-08,World Health Organization COVID-19 Dashboard,108554.0,AllNationalFiltered.csv
COVID-19,Unspecified,UNITED STATES OF AMERICA,2021-02-09,World Health Organization COVID-19 Dashboard,91769.0,AllNationalFiltered.csv
COVID-19,Unspecified,UNITED STATES OF AMERICA,2021-02-10,World Health Organization COVID-19 Dashboard,82283.0,AllNationalFiltered.csv
COVID-19,Unspecified,UNITED STATES OF AMERICA,2021-02-11,World Health Organization COVID-19 Dashboard,91425.0,AllNationalFiltered.csv
COVID-19,Unspecified,UNITED STATES OF AMERICA,2021-02-12,World Health Organization COVID-19 Dashboard,98851.0,AllNationalFiltered.csv
COVID-19,Unspecified,UNITED STATES OF AMERICA,2021-02-13,World Health Organization COVID-19 Dashboard,99059.0,AllNationalFiltered.csv
COVID-19,Unspecified,UNITED STATES OF AMERICA,2021-02-14,World Health Organization COVID-19 Dashboard,97591.0,AllNationalFiltered.csv
COVID-19,Unspecified,UNITED STATES OF AMERICA,2021-02-15,World Health Organization COVID-19 Dashboard,84690.0,AllNationalFiltered.csv
COVID-19,Unspecified,UNITED STATES OF AMERICA,2021-02-16,World Health Organization COVID-19 Dashboard,66393.0,AllNationalFiltered.csv
COVID-19,Unspecified,UNITED STATES OF AMERICA,2021-02-17,World Health Organization COVID-19 Dashboard,58271.0,AllNationalFiltered.csv
COVID-19,Unspecified,UNITED STATES OF AMERICA,2021-02-18,World Health Organization COVID-19 Dashboard,57386.0,AllNationalFiltered.csv
COVID-19,Unspecified,UNITED STATES OF AMERICA,2021-02-19,World Health Organization COVID-19 Dashboard,63806.0,AllNationalFiltered.csv
COVID-19,Unspecified,UNITED STATES OF AMERICA,2021-02-20,World Health Organization COVID-19 Dashboard,68346.0,AllNationalFiltered.csv
COVID-19,Unspecified,UNITED STATES OF AMERICA,2021-02-21,World Health Organization COVID-19 Dashboard,73505.0,AllNationalFiltered.csv
COVID-19,Unspecified,UNITED STATES OF AMERICA,2021-02-22,World Health Organization COVID-19 Dashboard,66023.0,AllNationalFiltered.csv
COVID-19,Unspecified,UNITED STATES OF AMERICA,2021-02-23,World Health Organization COVID-19 Dashboard,55499.0,AllNationalFiltered.csv
COVID-19,Unspecified,UNITED STATES OF AMERICA,2021-02-24,World Health Organization COVID-19 Dashboard,56404.0,AllNationalFiltered.csv
COVID-19,Unspecified,UNITED STATES OF AMERICA,2021-02-25,World Health Organization COVID-19 Dashboard,70323.0,AllNationalFiltered.csv
COVID-19,Unspecified,UNITED STATES OF AMERICA,2021-02-26,World Health Organization COVID-19 Dashboard,72543.0,AllNationalFiltered.csv
COVID-19,Unspecified,UNITED STATES OF AMERICA,2021-02-27,World Health Organization COVID-19 Dashboard,71678.0,AllNationalFiltered.csv
COVID-19,Unspecified,UNITED STATES OF AMERICA,2021-02-28,World Health Organization COVID-19 Dashboard,73320.0,AllNationalFiltered.csv
COVID-19,Unspecified,UNITED STATES OF AMERICA,2021-03-01,World Health Organization COVID-19 Dashboard,67823.0,AllNationalFiltered.csv
COVID-19,Unspecified,UNITED STATES OF AMERICA,2021-03-02,World Health Organization COVID-19 Dashboard,52005.0,AllNationalFiltered.csv
COVID-19,Unspecified,UNITED STATES OF AMERICA,2021-03-03,World Health Organization COVID-19 Dashboard,51303.0,AllNationalFiltered.csv
COVID-19,Unspecified,UNITED STATES OF AMERICA,2021-03-04,World Health Organization COVID-19 Dashboard,54244.0,AllNationalFiltered.csv
COVID-19,Unspecified,UNITED STATES OF AMERICA,2021-03-05,World Health Organization COVID-19 Dashboard,65794.0,AllNationalFiltered.csv
COVID-19,Unspecified,UNITED STATES OF AMERICA,2021-03-06,World Health Organization COVID-19 Dashboard,65259.0,AllNationalFiltered.csv
COVID-19,Unspecified,UNITED STATES OF AMERICA,2021-03-07,World Health Organization COVID-19 Dashboard,63873.0,AllNationalFiltered.csv
COVID-19,Unspecified,UNITED STATES OF AMERICA,2021-03-08,World Health Organization COVID-19 Dashboard,57502.0,AllNationalFiltered.csv
COVID-19,Unspecified,UNITED STATES OF AMERICA,2021-03-09,World Health Organization COVID-19 Dashboard,43414.0,AllNationalFiltered.csv
COVID-19,Unspecified,UNITED STATES OF AMERICA,2021-03-10,World Health Organization COVID-19 Dashboard,43315.0,AllNationalFiltered.csv
COVID-19,Unspecified,UNITED STATES OF AMERICA,2021-03-11,World Health Organization COVID-19 Dashboard,53757.0,AllNationalFiltered.csv
COVID-19,Unspecified,UNITED STATES OF AMERICA,2021-03-12,World Health Organization COVID-19 Dashboard,61787.0,AllNationalFiltered.csv
COVID-19,Unspecified,UNITED STATES OF AMERICA,2021-03-13,World Health Organization COVID-19 Dashboard,60034.0,AllNationalFiltered.csv
COVID-19,Unspecified,UNITED STATES OF AMERICA,2021-03-14,World Health Organization COVID-19 Dashboard,64042.0,AllNationalFiltered.csv
COVID-19,Unspecified,UNITED STATES OF AMERICA,2021-03-15,World Health Organization COVID-19 Dashboard,52228.0,AllNationalFiltered.csv
COVID-19,Unspecified,UNITED STATES OF AMERICA,2021-03-16,World Health Organization COVID-19 Dashboard,47233.0,AllNationalFiltered.csv
COVID-19,Unspecified,UNITED STATES OF AMERICA,2021-03-17,World Health Organization COVID-19 Dashboard,43701.0,AllNationalFiltered.csv
COVID-19,Unspecified,UNITED STATES OF AMERICA,2021-03-18,World Health Organization COVID-19 Dashboard,51929.0,AllNationalFiltered.csv
COVID-19,Unspecified,UNITED STATES OF AMERICA,2021-03-19,World Health Organization COVID-19 Dashboard,61345.0,AllNationalFiltered.csv
COVID-19,Unspecified,UNITED STATES OF AMERICA,2021-03-20,World Health Organization COVID-19 Dashboard,62650.0,AllNationalFiltered.csv
COVID-19,Unspecified,UNITED STATES OF AMERICA,2021-03-21,World Health Organization COVID-19 Dashboard,62026.0,AllNationalFiltered.csv
COVID-19,Unspecified,UNITED STATES OF AMERICA,2021-03-22,World Health Organization COVID-19 Dashboard,58103.0,AllNationalFiltered.csv
COVID-19,Unspecified,UNITED STATES OF AMERICA,2021-03-23,World Health Organization COVID-19 Dashboard,45149.0,AllNationalFiltered.csv
COVID-19,Unspecified,UNITED STATES OF AMERICA,2021-03-24,World Health Organization COVID-19 Dashboard,48376.0,AllNationalFiltered.csv
COVID-19,Unspecified,UNITED STATES OF AMERICA,2021-03-25,World Health Organization COVID-19 Dashboard,57890.0,AllNationalFiltered.csv
COVID-19,Unspecified,UNITED STATES OF AMERICA,2021-03-26,World Health Organization COVID-19 Dashboard,68176.0,AllNationalFiltered.csv
COVID-19,Unspecified,UNITED STATES OF AMERICA,2021-03-27,World Health Organization COVID-19 Dashboard,65576.0,AllNationalFiltered.csv
COVID-19,Unspecified,UNITED STATES OF AMERICA,2021-03-28,World Health Organization COVID-19 Dashboard,74977.0,AllNationalFiltered.csv
COVID-19,Unspecified,UNITED STATES OF AMERICA,2021-03-29,World Health Organization COVID-19 Dashboard,62819.0,AllNationalFiltered.csv
COVID-19,Unspecified,UNITED STATES OF AMERICA,2021-03-30,World Health Organization COVID-19 Dashboard,53014.0,AllNationalFiltered.csv
COVID-19,Unspecified,UNITED STATES OF AMERICA,2021-03-31,World Health Organization COVID-19 Dashboard,58274.0,AllNationalFiltered.csv
COVID-19,Unspecified,UNITED STATES OF AMERICA,2021-04-01,World Health Organization COVID-19 Dashboard,61429.0,AllNationalFiltered.csv
COVID-19,Unspecified,UNITED STATES OF AMERICA,2021-04-02,World Health Organization COVID-19 Dashboard,70478.0,AllNationalFiltered.csv
COVID-19,Unspecified,UNITED STATES OF AMERICA,2021-04-03,World Health Organization COVID-19 Dashboard,73507.0,AllNationalFiltered.csv
COVID-19,Unspecified,UNITED STATES OF AMERICA,2021-04-04,World Health Organization COVID-19 Dashboard,70431.0,AllNationalFiltered.csv
COVID-19,Unspecified,UNITED STATES OF AMERICA,2021-04-05,World Health Organization COVID-19 Dashboard,63514.0,AllNationalFiltered.csv
COVID-19,Unspecified,UNITED STATES OF AMERICA,2021-04-06,World Health Organization COVID-19 Dashboard,45513.0,AllNationalFiltered.csv
COVID-19,Unspecified,UNITED STATES OF AMERICA,2021-04-07,World Health Organization COVID-19 Dashboard,56771.0,AllNationalFiltered.csv
COVID-19,Unspecified,UNITED STATES OF AMERICA,2021-04-08,World Health Organization COVID-19 Dashboard,63779.0,AllNationalFiltered.csv
COVID-19,Unspecified,UNITED STATES OF AMERICA,2021-04-09,World Health Organization COVID-19 Dashboard,75029.0,AllNationalFiltered.csv
COVID-19,Unspecified,UNITED STATES OF AMERICA,2021-04-10,World Health Organization COVID-19 Dashboard,75057.0,AllNationalFiltered.csv
COVID-19,Unspecified,UNITED STATES OF AMERICA,2021-04-11,World Health Organization COVID-19 Dashboard,76578.0,AllNationalFiltered.csv
COVID-19,Unspecified,UNITED STATES OF AMERICA,2021-04-12,World Health Organization COVID-19 Dashboard,67729.0,AllNationalFiltered.csv
COVID-19,Unspecified,UNITED STATES OF AMERICA,2021-04-13,World Health Organization COVID-19 Dashboard,53310.0,AllNationalFiltered.csv
COVID-19,Unspecified,UNITED STATES OF AMERICA,2021-04-14,World Health Organization COVID-19 Dashboard,61108.0,AllNationalFiltered.csv
COVID-19,Unspecified,UNITED STATES OF AMERICA,2021-04-15,World Health Organization COVID-19 Dashboard,71485.0,AllNationalFiltered.csv
COVID-19,Unspecified,UNITED STATES OF AMERICA,2021-04-16,World Health Organization COVID-19 Dashboard,70859.0,AllNationalFiltered.csv
COVID-19,Unspecified,UNITED STATES OF AMERICA,2021-04-17,World Health Organization COVID-19 Dashboard,71687.0,AllNationalFiltered.csv
COVID-19,Unspecified,UNITED STATES OF AMERICA,2021-04-18,World Health Organization COVID-19 Dashboard,71154.0,AllNationalFiltered.csv
COVID-19,Unspecified,UNITED STATES OF AMERICA,2021-04-19,World Health Organization COVID-19 Dashboard,77166.0,AllNationalFiltered.csv
COVID-19,Unspecified,UNITED STATES OF AMERICA,2021-04-20,World Health Organization COVID-19 Dashboard,49023.0,AllNationalFiltered.csv
COVID-19,Unspecified,UNITED STATES OF AMERICA,2021-04-21,World Health Organization COVID-19 Dashboard,35517.0,AllNationalFiltered.csv
COVID-19,Unspecified,UNITED STATES OF AMERICA,2021-04-22,World Health Organization COVID-19 Dashboard,57381.0,AllNationalFiltered.csv
COVID-19,Unspecified,UNITED STATES OF AMERICA,2021-04-23,World Health Organization COVID-19 Dashboard,63179.0,AllNationalFiltered.csv
COVID-19,Unspecified,UNITED STATES OF AMERICA,2021-04-24,World Health Organization COVID-19 Dashboard,61856.0,AllNationalFiltered.csv
COVID-19,Unspecified,UNITED STATES OF AMERICA,2021-04-25,World Health Organization COVID-19 Dashboard,62136.0,AllNationalFiltered.csv
COVID-19,Unspecified,UNITED STATES OF AMERICA,2021-04-26,World Health Organization COVID-19 Dashboard,51655.0,AllNationalFiltered.csv
COVID-19,Unspecified,UNITED STATES OF AMERICA,2021-04-27,World Health Organization COVID-19 Dashboard,40687.0,AllNationalFiltered.csv
COVID-19,Unspecified,UNITED STATES OF AMERICA,2021-04-28,World Health Organization COVID-19 Dashboard,30589.0,AllNationalFiltered.csv
COVID-19,Unspecified,UNITED STATES OF AMERICA,2021-04-29,World Health Organization COVID-19 Dashboard,50279.0,AllNationalFiltered.csv
COVID-19,Unspecified,UNITED STATES OF AMERICA,2021-04-30,World Health Organization COVID-19 Dashboard,54558.0,AllNationalFiltered.csv
COVID-19,Unspecified,UNITED STATES OF AMERICA,2021-05-01,World Health Organization COVID-19 Dashboard,55849.0,AllNationalFiltered.csv
COVID-19,Unspecified,UNITED STATES OF AMERICA,2021-05-02,World Health Organization COVID-19 Dashboard,55107.0,AllNationalFiltered.csv
COVID-19,Unspecified,UNITED STATES OF AMERICA,2021-05-03,World Health Organization COVID-19 Dashboard,48222.0,AllNationalFiltered.csv
COVID-19,Unspecified,UNITED STATES OF AMERICA,2021-05-04,World Health Organization COVID-19 Dashboard,36454.0,AllNationalFiltered.csv
COVID-19,Unspecified,UNITED STATES OF AMERICA,2021-05-05,World Health Organization COVID-19 Dashboard,33085.0,AllNationalFiltered.csv
COVID-19,Unspecified,UNITED STATES OF AMERICA,2021-05-06,World Health Organization COVID-19 Dashboard,42618.0,AllNationalFiltered.csv
COVID-19,Unspecified,UNITED STATES OF AMERICA,2021-05-07,World Health Organization COVID-19 Dashboard,44677.0,AllNationalFiltered.csv
COVID-19,Unspecified,UNITED STATES OF AMERICA,2021-05-08,World Health Organization COVID-19 Dashboard,42784.0,AllNationalFiltered.csv
COVID-19,Unspecified,UNITED STATES OF AMERICA,2021-05-09,World Health Organization COVID-19 Dashboard,44571.0,AllNationalFiltered.csv
COVID-19,Unspecified,UNITED STATES OF AMERICA,2021-05-10,World Health Organization COVID-19 Dashboard,36857.0,AllNationalFiltered.csv
COVID-19,Unspecified,UNITED STATES OF AMERICA,2021-05-11,World Health Organization COVID-19 Dashboard,27358.0,AllNationalFiltered.csv
COVID-19,Unspecified,UNITED STATES OF AMERICA,2021-05-12,World Health Organization COVID-19 Dashboard,24608.0,AllNationalFiltered.csv
COVID-19,Unspecified,UNITED STATES OF AMERICA,2021-05-13,World Health Organization COVID-19 Dashboard,33087.0,AllNationalFiltered.csv
COVID-19,Unspecified,UNITED STATES OF AMERICA,2021-05-14,World Health Organization COVID-19 Dashboard,35843.0,AllNationalFiltered.csv
COVID-19,Unspecified,UNITED STATES OF AMERICA,2021-05-15,World Health Organization COVID-19 Dashboard,40477.0,AllNationalFiltered.csv
COVID-19,Unspecified,UNITED STATES OF AMERICA,2021-05-16,World Health Organization COVID-19 Dashboard,35309.0,AllNationalFiltered.csv
COVID-19,Unspecified,UNITED STATES OF AMERICA,2021-05-17,World Health Organization COVID-19 Dashboard,29532.0,AllNationalFiltered.csv
COVID-19,Unspecified,UNITED STATES OF AMERICA,2021-05-18,World Health Organization COVID-19 Dashboard,21399.0,AllNationalFiltered.csv
COVID-19,Unspecified,UNITED STATES OF AMERICA,2021-05-19,World Health Organization COVID-19 Dashboard,19562.0,AllNationalFiltered.csv
COVID-19,Unspecified,UNITED STATES OF AMERICA,2021-05-20,World Health Organization COVID-19 Dashboard,27817.0,AllNationalFiltered.csv
COVID-19,Unspecified,UNITED STATES OF AMERICA,2021-05-21,World Health Organization COVID-19 Dashboard,27632.0,AllNationalFiltered.csv
COVID-19,Unspecified,UNITED STATES OF AMERICA,2021-05-22,World Health Organization COVID-19 Dashboard,27862.0,AllNationalFiltered.csv
COVID-19,Unspecified,UNITED STATES OF AMERICA,2021-05-23,World Health Organization COVID-19 Dashboard,28021.0,AllNationalFiltered.csv
COVID-19,Unspecified,UNITED STATES OF AMERICA,2021-05-24,World Health Organization COVID-19 Dashboard,22067.0,AllNationalFiltered.csv
COVID-19,Unspecified,UNITED STATES OF AMERICA,2021-05-25,World Health Organization COVID-19 Dashboard,15919.0,AllNationalFiltered.csv
COVID-19,Unspecified,UNITED STATES OF AMERICA,2021-05-26,World Health Organization COVID-19 Dashboard,15341.0,AllNationalFiltered.csv
COVID-19,Unspecified,UNITED STATES OF AMERICA,2021-05-27,World Health Organization COVID-19 Dashboard,24267.0,AllNationalFiltered.csv
COVID-19,Unspecified,UNITED STATES OF AMERICA,2021-05-28,World Health Organization COVID-19 Dashboard,23524.0,AllNationalFiltered.csv
COVID-19,Unspecified,UNITED STATES OF AMERICA,2021-05-29,World Health Organization COVID-19 Dashboard,22103.0,AllNationalFiltered.csv
COVID-19,Unspecified,UNITED STATES OF AMERICA,2021-05-30,World Health Organization COVID-19 Dashboard,24773.0,AllNationalFiltered.csv
COVID-19,Unspecified,UNITED STATES OF AMERICA,2021-05-31,World Health Organization COVID-19 Dashboard,15616.0,AllNationalFiltered.csv
COVID-19,Unspecified,UNITED STATES OF AMERICA,2021-06-01,World Health Organization COVID-19 Dashboard,12325.0,AllNationalFiltered.csv
COVID-19,Unspecified,UNITED STATES OF AMERICA,2021-06-02,World Health Organization COVID-19 Dashboard,9330.0,AllNationalFiltered.csv
COVID-19,Unspecified,UNITED STATES OF AMERICA,2021-06-03,World Health Organization COVID-19 Dashboard,9079.0,AllNationalFiltered.csv
COVID-19,Unspecified,UNITED STATES OF AMERICA,2021-06-04,World Health Organization COVID-19 Dashboard,16190.0,AllNationalFiltered.csv
COVID-19,Unspecified,UNITED STATES OF AMERICA,2021-06-05,World Health Organization COVID-19 Dashboard,18336.0,AllNationalFiltered.csv
COVID-19,Unspecified,UNITED STATES OF AMERICA,2021-06-06,World Health Organization COVID-19 Dashboard,18661.0,AllNationalFiltered.csv
COVID-19,Unspecified,UNITED STATES OF AMERICA,2021-06-07,World Health Organization COVID-19 Dashboard,14649.0,AllNationalFiltered.csv
COVID-19,Unspecified,UNITED STATES OF AMERICA,2021-06-08,World Health Organization COVID-19 Dashboard,11045.0,AllNationalFiltered.csv
COVID-19,Unspecified,UNITED STATES OF AMERICA,2021-06-09,World Health Organization COVID-19 Dashboard,10007.0,AllNationalFiltered.csv
COVID-19,Unspecified,UNITED STATES OF AMERICA,2021-06-10,World Health Organization COVID-19 Dashboard,14358.0,AllNationalFiltered.csv
COVID-19,Unspecified,UNITED STATES OF AMERICA,2021-06-11,World Health Organization COVID-19 Dashboard,19673.0,AllNationalFiltered.csv
COVID-19,Unspecified,UNITED STATES OF AMERICA,2021-06-12,World Health Organization COVID-19 Dashboard,15947.0,AllNationalFiltered.csv
COVID-19,Unspecified,UNITED STATES OF AMERICA,2021-06-13,World Health Organization COVID-19 Dashboard,14109.0,AllNationalFiltered.csv
COVID-19,Unspecified,UNITED STATES OF AMERICA,2021-06-14,World Health Organization COVID-19 Dashboard,12334.0,AllNationalFiltered.csv
COVID-19,Unspecified,UNITED STATES OF AMERICA,2021-06-15,World Health Organization COVID-19 Dashboard,8741.0,AllNationalFiltered.csv
COVID-19,Unspecified,UNITED STATES OF AMERICA,2021-06-16,World Health Organization COVID-19 Dashboard,8339.0,AllNationalFiltered.csv
COVID-19,Unspecified,UNITED STATES OF AMERICA,2021-06-17,World Health Organization COVID-19 Dashboard,12803.0,AllNationalFiltered.csv
COVID-19,Unspecified,UNITED STATES OF AMERICA,2021-06-18,World Health Organization COVID-19 Dashboard,13117.0,AllNationalFiltered.csv
COVID-19,Unspecified,UNITED STATES OF AMERICA,2021-06-19,World Health Organization COVID-19 Dashboard,13444.0,AllNationalFiltered.csv
COVID-19,Unspecified,UNITED STATES OF AMERICA,2021-06-20,World Health Organization COVID-19 Dashboard,11925.0,AllNationalFiltered.csv
COVID-19,Unspecified,UNITED STATES OF AMERICA,2021-06-21,World Health Organization COVID-19 Dashboard,12351.0,AllNationalFiltered.csv
COVID-19,Unspecified,UNITED STATES OF AMERICA,2021-06-22,World Health Organization COVID-19 Dashboard,9053.0,AllNationalFiltered.csv
COVID-19,Unspecified,UNITED STATES OF AMERICA,2021-06-23,World Health Organization COVID-19 Dashboard,8713.0,AllNationalFiltered.csv
COVID-19,Unspecified,UNITED STATES OF AMERICA,2021-06-24,World Health Organization COVID-19 Dashboard,13439.0,AllNationalFiltered.csv
COVID-19,Unspecified,UNITED STATES OF AMERICA,2021-06-25,World Health Organization COVID-19 Dashboard,13826.0,AllNationalFiltered.csv
COVID-19,Unspecified,UNITED STATES OF AMERICA,2021-06-26,World Health Organization COVID-19 Dashboard,15566.0,AllNationalFiltered.csv
COVID-19,Unspecified,UNITED STATES OF AMERICA,2021-06-27,World Health Organization COVID-19 Dashboard,15050.0,AllNationalFiltered.csv
COVID-19,Unspecified,UNITED STATES OF AMERICA,2021-06-28,World Health Organization COVID-19 Dashboard,13209.0,AllNationalFiltered.csv
COVID-19,Unspecified,UNITED STATES OF AMERICA,2021-06-29,World Health Organization COVID-19 Dashboard,10629.0,AllNationalFiltered.csv
COVID-19,Unspecified,UNITED STATES OF AMERICA,2021-06-30,World Health Organization COVID-19 Dashboard,10622.0,AllNationalFiltered.csv
COVID-19,Unspecified,UNITED STATES OF AMERICA,2021-07-01,World Health Organization COVID-19 Dashboard,15687.0,AllNationalFiltered.csv
COVID-19,Unspecified,UNITED STATES OF AMERICA,2021-07-02,World Health Organization COVID-19 Dashboard,11607.0,AllNationalFiltered.csv
COVID-19,Unspecified,UNITED STATES OF AMERICA,2021-07-03,World Health Organization COVID-19 Dashboard,18641.0,AllNationalFiltered.csv
COVID-19,Unspecified,UNITED STATES OF AMERICA,2021-07-04,World Health Organization COVID-19 Dashboard,16897.0,AllNationalFiltered.csv
COVID-19,Unspecified,UNITED STATES OF AMERICA,2021-07-05,World Health Organization COVID-19 Dashboard,13166.0,AllNationalFiltered.csv
COVID-19,Unspecified,UNITED STATES OF AMERICA,2021-07-06,World Health Organization COVID-19 Dashboard,10395.0,AllNationalFiltered.csv
COVID-19,Unspecified,UNITED STATES OF AMERICA,2021-07-07,World Health Organization COVID-19 Dashboard,9301.0,AllNationalFiltered.csv
COVID-19,Unspecified,UNITED STATES OF AMERICA,2021-07-08,World Health Organization COVID-19 Dashboard,20098.0,AllNationalFiltered.csv
COVID-19,Unspecified,UNITED STATES OF AMERICA,2021-07-09,World Health Organization COVID-19 Dashboard,22680.0,AllNationalFiltered.csv
COVID-19,Unspecified,UNITED STATES OF AMERICA,2021-07-10,World Health Organization COVID-19 Dashboard,183754.0,AllNationalFiltered.csv
COVID-19,Unspecified,UNITED STATES OF AMERICA,2021-07-11,World Health Organization COVID-19 Dashboard,27655.0,AllNationalFiltered.csv
COVID-19,Unspecified,UNITED STATES OF AMERICA,2021-07-12,World Health Organization COVID-19 Dashboard,20771.0,AllNationalFiltered.csv
COVID-19,Unspecified,UNITED STATES OF AMERICA,2021-07-13,World Health Organization COVID-19 Dashboard,16619.0,AllNationalFiltered.csv
COVID-19,Unspecified,UNITED STATES OF AMERICA,2021-07-14,World Health Organization COVID-19 Dashboard,29229.0,AllNationalFiltered.csv
COVID-19,Unspecified,UNITED STATES OF AMERICA,2021-07-15,World Health Organization COVID-19 Dashboard,35038.0,AllNationalFiltered.csv
COVID-19,Unspecified,UNITED STATES OF AMERICA,2021-07-16,World Health Organization COVID-19 Dashboard,38373.0,AllNationalFiltered.csv
COVID-19,Unspecified,UNITED STATES OF AMERICA,2021-07-17,World Health Organization COVID-19 Dashboard,40596.0,AllNationalFiltered.csv
COVID-19,Unspecified,UNITED STATES OF AMERICA,2021-07-18,World Health Organization COVID-19 Dashboard,42287.0,AllNationalFiltered.csv
COVID-19,Unspecified,UNITED STATES OF AMERICA,2021-07-19,World Health Organization COVID-19 Dashboard,32136.0,AllNationalFiltered.csv
COVID-19,Unspecified,UNITED STATES OF AMERICA,2021-07-20,World Health Organization COVID-19 Dashboard,28185.0,AllNationalFiltered.csv
COVID-19,Unspecified,UNITED STATES OF AMERICA,2021-07-21,World Health Organization COVID-19 Dashboard,45357.0,AllNationalFiltered.csv
COVID-19,Unspecified,UNITED STATES OF AMERICA,2021-07-22,World Health Organization COVID-19 Dashboard,51027.0,AllNationalFiltered.csv
COVID-19,Unspecified,UNITED STATES OF AMERICA,2021-07-23,World Health Organization COVID-19 Dashboard,61261.0,AllNationalFiltered.csv
COVID-19,Unspecified,UNITED STATES OF AMERICA,2021-07-24,World Health Organization COVID-19 Dashboard,71822.0,AllNationalFiltered.csv
COVID-19,Unspecified,UNITED STATES OF AMERICA,2021-07-25,World Health Organization COVID-19 Dashboard,69702.0,AllNationalFiltered.csv
COVID-19,Unspecified,UNITED STATES OF AMERICA,2021-07-26,World Health Organization COVID-19 Dashboard,53670.0,AllNationalFiltered.csv
COVID-19,Unspecified,UNITED STATES OF AMERICA,2021-07-27,World Health Organization COVID-19 Dashboard,43249.0,AllNationalFiltered.csv
COVID-19,Unspecified,UNITED STATES OF AMERICA,2021-07-28,World Health Organization COVID-19 Dashboard,71323.0,AllNationalFiltered.csv
COVID-19,Unspecified,UNITED STATES OF AMERICA,2021-07-29,World Health Organization COVID-19 Dashboard,86086.0,AllNationalFiltered.csv
COVID-19,Unspecified,UNITED STATES OF AMERICA,2021-07-30,World Health Organization COVID-19 Dashboard,89188.0,AllNationalFiltered.csv
COVID-19,Unspecified,UNITED STATES OF AMERICA,2021-07-31,World Health Organization COVID-19 Dashboard,99399.0,AllNationalFiltered.csv
COVID-19,Unspecified,UNITED KINGDOM,2020-01-04,World Health Organization COVID-19 Dashboard,0.0,GBFiltered.csv
COVID-19,Unspecified,UNITED KINGDOM,2020-01-05,World Health Organization COVID-19 Dashboard,0.0,GBFiltered.csv
COVID-19,Unspecified,UNITED KINGDOM,2020-01-06,World Health Organization COVID-19 Dashboard,0.0,GBFiltered.csv
COVID-19,Unspecified,UNITED KINGDOM,2020-01-07,World Health Organization COVID-19 Dashboard,0.0,GBFiltered.csv
COVID-19,Unspecified,UNITED KINGDOM,2020-01-08,World Health Organization COVID-19 Dashboard,0.0,GBFiltered.csv
COVID-19,Unspecified,UNITED KINGDOM,2020-01-09,World Health Organization COVID-19 Dashboard,0.0,GBFiltered.csv
COVID-19,Unspecified,UNITED KINGDOM,2020-01-10,World Health Organization COVID-19 Dashboard,0.0,GBFiltered.csv
COVID-19,Unspecified,UNITED KINGDOM,2020-01-11,World Health Organization COVID-19 Dashboard,0.0,GBFiltered.csv
COVID-19,Unspecified,UNITED KINGDOM,2020-01-12,World Health Organization COVID-19 Dashboard,0.0,GBFiltered.csv
COVID-19,Unspecified,UNITED KINGDOM,2020-01-13,World Health Organization COVID-19 Dashboard,0.0,GBFiltered.csv
COVID-19,Unspecified,UNITED KINGDOM,2020-01-14,World Health Organization COVID-19 Dashboard,0.0,GBFiltered.csv
COVID-19,Unspecified,UNITED KINGDOM,2020-01-15,World Health Organization COVID-19 Dashboard,0.0,GBFiltered.csv
COVID-19,Unspecified,UNITED KINGDOM,2020-01-16,World Health Organization COVID-19 Dashboard,0.0,GBFiltered.csv
COVID-19,Unspecified,UNITED KINGDOM,2020-01-17,World Health Organization COVID-19 Dashboard,0.0,GBFiltered.csv
COVID-19,Unspecified,UNITED KINGDOM,2020-01-18,World Health Organization COVID-19 Dashboard,0.0,GBFiltered.csv
COVID-19,Unspecified,UNITED KINGDOM,2020-01-19,World Health Organization COVID-19 Dashboard,0.0,GBFiltered.csv
COVID-19,Unspecified,UNITED KINGDOM,2020-01-20,World Health Organization COVID-19 Dashboard,0.0,GBFiltered.csv
COVID-19,Unspecified,UNITED KINGDOM,2020-01-21,World Health Organization COVID-19 Dashboard,0.0,GBFiltered.csv
COVID-19,Unspecified,UNITED KINGDOM,2020-01-22,World Health Organization COVID-19 Dashboard,0.0,GBFiltered.csv
COVID-19,Unspecified,UNITED KINGDOM,2020-01-23,World Health Organization COVID-19 Dashboard,0.0,GBFiltered.csv
COVID-19,Unspecified,UNITED KINGDOM,2020-01-24,World Health Organization COVID-19 Dashboard,0.0,GBFiltered.csv
COVID-19,Unspecified,UNITED KINGDOM,2020-01-25,World Health Organization COVID-19 Dashboard,0.0,GBFiltered.csv
COVID-19,Unspecified,UNITED KINGDOM,2020-01-26,World Health Organization COVID-19 Dashboard,0.0,GBFiltered.csv
COVID-19,Unspecified,UNITED KINGDOM,2020-01-27,World Health Organization COVID-19 Dashboard,0.0,GBFiltered.csv
COVID-19,Unspecified,UNITED KINGDOM,2020-01-28,World Health Organization COVID-19 Dashboard,0.0,GBFiltered.csv
COVID-19,Unspecified,UNITED KINGDOM,2020-01-29,World Health Organization COVID-19 Dashboard,0.0,GBFiltered.csv
COVID-19,Unspecified,UNITED KINGDOM,2020-01-30,World Health Organization COVID-19 Dashboard,0.0,GBFiltered.csv
COVID-19,Unspecified,UNITED KINGDOM,2020-01-31,World Health Organization COVID-19 Dashboard,0.0,GBFiltered.csv
COVID-19,Unspecified,UNITED KINGDOM,2020-02-01,World Health Organization COVID-19 Dashboard,1.0,GBFiltered.csv
COVID-19,Unspecified,UNITED KINGDOM,2020-02-02,World Health Organization COVID-19 Dashboard,0.0,GBFiltered.csv
COVID-19,Unspecified,UNITED KINGDOM,2020-02-03,World Health Organization COVID-19 Dashboard,0.0,GBFiltered.csv
COVID-19,Unspecified,UNITED KINGDOM,2020-02-04,World Health Organization COVID-19 Dashboard,1.0,GBFiltered.csv
COVID-19,Unspecified,UNITED KINGDOM,2020-02-05,World Health Organization COVID-19 Dashboard,19.0,GBFiltered.csv
COVID-19,Unspecified,UNITED KINGDOM,2020-02-06,World Health Organization COVID-19 Dashboard,0.0,GBFiltered.csv
COVID-19,Unspecified,UNITED KINGDOM,2020-02-07,World Health Organization COVID-19 Dashboard,1.0,GBFiltered.csv
COVID-19,Unspecified,UNITED KINGDOM,2020-02-08,World Health Organization COVID-19 Dashboard,0.0,GBFiltered.csv
COVID-19,Unspecified,UNITED KINGDOM,2020-02-09,World Health Organization COVID-19 Dashboard,0.0,GBFiltered.csv
COVID-19,Unspecified,UNITED KINGDOM,2020-02-10,World Health Organization COVID-19 Dashboard,3.0,GBFiltered.csv
COVID-19,Unspecified,UNITED KINGDOM,2020-02-11,World Health Organization COVID-19 Dashboard,1.0,GBFiltered.csv
COVID-19,Unspecified,UNITED KINGDOM,2020-02-12,World Health Organization COVID-19 Dashboard,1.0,GBFiltered.csv
COVID-19,Unspecified,UNITED KINGDOM,2020-02-13,World Health Organization COVID-19 Dashboard,4.0,GBFiltered.csv
COVID-19,Unspecified,UNITED KINGDOM,2020-02-14,World Health Organization COVID-19 Dashboard,1.0,GBFiltered.csv
COVID-19,Unspecified,UNITED KINGDOM,2020-02-15,World Health Organization COVID-19 Dashboard,1.0,GBFiltered.csv
COVID-19,Unspecified,UNITED KINGDOM,2020-02-16,World Health Organization COVID-19 Dashboard,0.0,GBFiltered.csv
COVID-19,Unspecified,UNITED KINGDOM,2020-02-17,World Health Organization COVID-19 Dashboard,0.0,GBFiltered.csv
COVID-19,Unspecified,UNITED KINGDOM,2020-02-18,World Health Organization COVID-19 Dashboard,0.0,GBFiltered.csv
COVID-19,Unspecified,UNITED KINGDOM,2020-02-19,World Health Organization COVID-19 Dashboard,1.0,GBFiltered.csv
COVID-19,Unspecified,UNITED KINGDOM,2020-02-20,World Health Organization COVID-19 Dashboard,0.0,GBFiltered.csv
COVID-19,Unspecified,UNITED KINGDOM,2020-02-21,World Health Organization COVID-19 Dashboard,0.0,GBFiltered.csv
COVID-19,Unspecified,UNITED KINGDOM,2020-02-22,World Health Organization COVID-19 Dashboard,0.0,GBFiltered.csv
COVID-19,Unspecified,UNITED KINGDOM,2020-02-23,World Health Organization COVID-19 Dashboard,2.0,GBFiltered.csv
COVID-19,Unspecified,UNITED KINGDOM,2020-02-24,World Health Organization COVID-19 Dashboard,0.0,GBFiltered.csv
COVID-19,Unspecified,UNITED KINGDOM,2020-02-25,World Health Organization COVID-19 Dashboard,6.0,GBFiltered.csv
COVID-19,Unspecified,UNITED KINGDOM,2020-02-26,World Health Organization COVID-19 Dashboard,2.0,GBFiltered.csv
COVID-19,Unspecified,UNITED KINGDOM,2020-02-27,World Health Organization COVID-19 Dashboard,3.0,GBFiltered.csv
COVID-19,Unspecified,UNITED KINGDOM,2020-02-28,World Health Organization COVID-19 Dashboard,2.0,GBFiltered.csv
COVID-19,Unspecified,UNITED KINGDOM,2020-02-29,World Health Organization COVID-19 Dashboard,8.0,GBFiltered.csv
COVID-19,Unspecified,UNITED KINGDOM,2020-03-01,World Health Organization COVID-19 Dashboard,12.0,GBFiltered.csv
COVID-19,Unspecified,UNITED KINGDOM,2020-03-02,World Health Organization COVID-19 Dashboard,4.0,GBFiltered.csv
COVID-19,Unspecified,UNITED KINGDOM,2020-03-03,World Health Organization COVID-19 Dashboard,20.0,GBFiltered.csv
COVID-19,Unspecified,UNITED KINGDOM,2020-03-04,World Health Organization COVID-19 Dashboard,41.0,GBFiltered.csv
COVID-19,Unspecified,UNITED KINGDOM,2020-03-05,World Health Organization COVID-19 Dashboard,57.0,GBFiltered.csv
COVID-19,Unspecified,UNITED KINGDOM,2020-03-06,World Health Organization COVID-19 Dashboard,56.0,GBFiltered.csv
COVID-19,Unspecified,UNITED KINGDOM,2020-03-07,World Health Organization COVID-19 Dashboard,49.0,GBFiltered.csv
COVID-19,Unspecified,UNITED KINGDOM,2020-03-08,World Health Organization COVID-19 Dashboard,83.0,GBFiltered.csv
COVID-19,Unspecified,UNITED KINGDOM,2020-03-09,World Health Organization COVID-19 Dashboard,68.0,GBFiltered.csv
COVID-19,Unspecified,UNITED KINGDOM,2020-03-10,World Health Organization COVID-19 Dashboard,55.0,GBFiltered.csv
COVID-19,Unspecified,UNITED KINGDOM,2020-03-11,World Health Organization COVID-19 Dashboard,148.0,GBFiltered.csv
COVID-19,Unspecified,UNITED KINGDOM,2020-03-12,World Health Organization COVID-19 Dashboard,265.0,GBFiltered.csv
COVID-19,Unspecified,UNITED KINGDOM,2020-03-13,World Health Organization COVID-19 Dashboard,403.0,GBFiltered.csv
COVID-19,Unspecified,UNITED KINGDOM,2020-03-14,World Health Organization COVID-19 Dashboard,484.0,GBFiltered.csv
COVID-19,Unspecified,UNITED KINGDOM,2020-03-15,World Health Organization COVID-19 Dashboard,478.0,GBFiltered.csv
COVID-19,Unspecified,UNITED KINGDOM,2020-03-16,World Health Organization COVID-19 Dashboard,352.0,GBFiltered.csv
COVID-19,Unspecified,UNITED KINGDOM,2020-03-17,World Health Organization COVID-19 Dashboard,441.0,GBFiltered.csv
COVID-19,Unspecified,UNITED KINGDOM,2020-03-18,World Health Organization COVID-19 Dashboard,602.0,GBFiltered.csv
COVID-19,Unspecified,UNITED KINGDOM,2020-03-19,World Health Organization COVID-19 Dashboard,783.0,GBFiltered.csv
COVID-19,Unspecified,UNITED KINGDOM,2020-03-20,World Health Organization COVID-19 Dashboard,985.0,GBFiltered.csv
COVID-19,Unspecified,UNITED KINGDOM,2020-03-21,World Health Organization COVID-19 Dashboard,1042.0,GBFiltered.csv
COVID-19,Unspecified,UNITED KINGDOM,2020-03-22,World Health Organization COVID-19 Dashboard,1252.0,GBFiltered.csv
COVID-19,Unspecified,UNITED KINGDOM,2020-03-23,World Health Organization COVID-19 Dashboard,1181.0,GBFiltered.csv
COVID-19,Unspecified,UNITED KINGDOM,2020-03-24,World Health Organization COVID-19 Dashboard,1363.0,GBFiltered.csv
COVID-19,Unspecified,UNITED KINGDOM,2020-03-25,World Health Organization COVID-19 Dashboard,2290.0,GBFiltered.csv
COVID-19,Unspecified,UNITED KINGDOM,2020-03-26,World Health Organization COVID-19 Dashboard,2354.0,GBFiltered.csv
COVID-19,Unspecified,UNITED KINGDOM,2020-03-27,World Health Organization COVID-19 Dashboard,2666.0,GBFiltered.csv
COVID-19,Unspecified,UNITED KINGDOM,2020-03-28,World Health Organization COVID-19 Dashboard,3039.0,GBFiltered.csv
COVID-19,Unspecified,UNITED KINGDOM,2020-03-29,World Health Organization COVID-19 Dashboard,3154.0,GBFiltered.csv
COVID-19,Unspecified,UNITED KINGDOM,2020-03-30,World Health Organization COVID-19 Dashboard,2774.0,GBFiltered.csv
COVID-19,Unspecified,UNITED KINGDOM,2020-03-31,World Health Organization COVID-19 Dashboard,2818.0,GBFiltered.csv
COVID-19,Unspecified,UNITED KINGDOM,2020-04-01,World Health Organization COVID-19 Dashboard,4195.0,GBFiltered.csv
COVID-19,Unspecified,UNITED KINGDOM,2020-04-02,World Health Organization COVID-19 Dashboard,4463.0,GBFiltered.csv
COVID-19,Unspecified,UNITED KINGDOM,2020-04-03,World Health Organization COVID-19 Dashboard,4891.0,GBFiltered.csv
COVID-19,Unspecified,UNITED KINGDOM,2020-04-04,World Health Organization COVID-19 Dashboard,4824.0,GBFiltered.csv
COVID-19,Unspecified,UNITED KINGDOM,2020-04-05,World Health Organization COVID-19 Dashboard,4852.0,GBFiltered.csv
COVID-19,Unspecified,UNITED KINGDOM,2020-04-06,World Health Organization COVID-19 Dashboard,3976.0,GBFiltered.csv
COVID-19,Unspecified,UNITED KINGDOM,2020-04-07,World Health Organization COVID-19 Dashboard,3556.0,GBFiltered.csv
COVID-19,Unspecified,UNITED KINGDOM,2020-04-08,World Health Organization COVID-19 Dashboard,5273.0,GBFiltered.csv
COVID-19,Unspecified,UNITED KINGDOM,2020-04-09,World Health Organization COVID-19 Dashboard,5477.0,GBFiltered.csv
COVID-19,Unspecified,UNITED KINGDOM,2020-04-10,World Health Organization COVID-19 Dashboard,5146.0,GBFiltered.csv
COVID-19,Unspecified,UNITED KINGDOM,2020-04-11,World Health Organization COVID-19 Dashboard,4875.0,GBFiltered.csv
COVID-19,Unspecified,UNITED KINGDOM,2020-04-12,World Health Organization COVID-19 Dashboard,4327.0,GBFiltered.csv
COVID-19,Unspecified,UNITED KINGDOM,2020-04-13,World Health Organization COVID-19 Dashboard,3585.0,GBFiltered.csv
COVID-19,Unspecified,UNITED KINGDOM,2020-04-14,World Health Organization COVID-19 Dashboard,3507.0,GBFiltered.csv
COVID-19,Unspecified,UNITED KINGDOM,2020-04-15,World Health Organization COVID-19 Dashboard,4203.0,GBFiltered.csv
COVID-19,Unspecified,UNITED KINGDOM,2020-04-16,World Health Organization COVID-19 Dashboard,4335.0,GBFiltered.csv
COVID-19,Unspecified,UNITED KINGDOM,2020-04-17,World Health Organization COVID-19 Dashboard,5070.0,GBFiltered.csv
COVID-19,Unspecified,UNITED KINGDOM,2020-04-18,World Health Organization COVID-19 Dashboard,5292.0,GBFiltered.csv
COVID-19,Unspecified,UNITED KINGDOM,2020-04-19,World Health Organization COVID-19 Dashboard,4977.0,GBFiltered.csv
COVID-19,Unspecified,UNITED KINGDOM,2020-04-20,World Health Organization COVID-19 Dashboard,4743.0,GBFiltered.csv
COVID-19,Unspecified,UNITED KINGDOM,2020-04-21,World Health Organization COVID-19 Dashboard,3881.0,GBFiltered.csv
COVID-19,Unspecified,UNITED KINGDOM,2020-04-22,World Health Organization COVID-19 Dashboard,4441.0,GBFiltered.csv
COVID-19,Unspecified,UNITED KINGDOM,2020-04-23,World Health Organization COVID-19 Dashboard,4795.0,GBFiltered.csv
COVID-19,Unspecified,UNITED KINGDOM,2020-04-24,World Health Organization COVID-19 Dashboard,5517.0,GBFiltered.csv
COVID-19,Unspecified,UNITED KINGDOM,2020-04-25,World Health Organization COVID-19 Dashboard,5167.0,GBFiltered.csv
COVID-19,Unspecified,UNITED KINGDOM,2020-04-26,World Health Organization COVID-19 Dashboard,4961.0,GBFiltered.csv
COVID-19,Unspecified,UNITED KINGDOM,2020-04-27,World Health Organization COVID-19 Dashboard,3757.0,GBFiltered.csv
COVID-19,Unspecified,UNITED KINGDOM,2020-04-28,World Health Organization COVID-19 Dashboard,3476.0,GBFiltered.csv
COVID-19,Unspecified,UNITED KINGDOM,2020-04-29,World Health Organization COVID-19 Dashboard,4739.0,GBFiltered.csv
COVID-19,Unspecified,UNITED KINGDOM,2020-04-30,World Health Organization COVID-19 Dashboard,4720.0,GBFiltered.csv
COVID-19,Unspecified,UNITED KINGDOM,2020-05-01,World Health Organization COVID-19 Dashboard,5433.0,GBFiltered.csv
COVID-19,Unspecified,UNITED KINGDOM,2020-05-02,World Health Organization COVID-19 Dashboard,4961.0,GBFiltered.csv
COVID-19,Unspecified,UNITED KINGDOM,2020-05-03,World Health Organization COVID-19 Dashboard,4766.0,GBFiltered.csv
COVID-19,Unspecified,UNITED KINGDOM,2020-05-04,World Health Organization COVID-19 Dashboard,3258.0,GBFiltered.csv
COVID-19,Unspecified,UNITED KINGDOM,2020-05-05,World Health Organization COVID-19 Dashboard,3002.0,GBFiltered.csv
COVID-19,Unspecified,UNITED KINGDOM,2020-05-06,World Health Organization COVID-19 Dashboard,3398.0,GBFiltered.csv
COVID-19,Unspecified,UNITED KINGDOM,2020-05-07,World Health Organization COVID-19 Dashboard,3686.0,GBFiltered.csv
COVID-19,Unspecified,UNITED KINGDOM,2020-05-08,World Health Organization COVID-19 Dashboard,3832.0,GBFiltered.csv
COVID-19,Unspecified,UNITED KINGDOM,2020-05-09,World Health Organization COVID-19 Dashboard,3787.0,GBFiltered.csv
COVID-19,Unspecified,UNITED KINGDOM,2020-05-10,World Health Organization COVID-19 Dashboard,3064.0,GBFiltered.csv
COVID-19,Unspecified,UNITED KINGDOM,2020-05-11,World Health Organization COVID-19 Dashboard,2170.0,GBFiltered.csv
COVID-19,Unspecified,UNITED KINGDOM,2020-05-12,World Health Organization COVID-19 Dashboard,2337.0,GBFiltered.csv
COVID-19,Unspecified,UNITED KINGDOM,2020-05-13,World Health Organization COVID-19 Dashboard,3612.0,GBFiltered.csv
COVID-19,Unspecified,UNITED KINGDOM,2020-05-14,World Health Organization COVID-19 Dashboard,3410.0,GBFiltered.csv
COVID-19,Unspecified,UNITED KINGDOM,2020-05-15,World Health Organization COVID-19 Dashboard,3330.0,GBFiltered.csv
COVID-19,Unspecified,UNITED KINGDOM,2020-05-16,World Health Organization COVID-19 Dashboard,2630.0,GBFiltered.csv
COVID-19,Unspecified,UNITED KINGDOM,2020-05-17,World Health Organization COVID-19 Dashboard,2530.0,GBFiltered.csv
COVID-19,Unspecified,UNITED KINGDOM,2020-05-18,World Health Organization COVID-19 Dashboard,2082.0,GBFiltered.csv
COVID-19,Unspecified,UNITED KINGDOM,2020-05-19,World Health Organization COVID-19 Dashboard,1837.0,GBFiltered.csv
COVID-19,Unspecified,UNITED KINGDOM,2020-05-20,World Health Organization COVID-19 Dashboard,2581.0,GBFiltered.csv
COVID-19,Unspecified,UNITED KINGDOM,2020-05-21,World Health Organization COVID-19 Dashboard,3063.0,GBFiltered.csv
COVID-19,Unspecified,UNITED KINGDOM,2020-05-22,World Health Organization COVID-19 Dashboard,2719.0,GBFiltered.csv
COVID-19,Unspecified,UNITED KINGDOM,2020-05-23,World Health Organization COVID-19 Dashboard,2567.0,GBFiltered.csv
COVID-19,Unspecified,UNITED KINGDOM,2020-05-24,World Health Organization COVID-19 Dashboard,2057.0,GBFiltered.csv
COVID-19,Unspecified,UNITED KINGDOM,2020-05-25,World Health Organization COVID-19 Dashboard,1531.0,GBFiltered.csv
COVID-19,Unspecified,UNITED KINGDOM,2020-05-26,World Health Organization COVID-19 Dashboard,1373.0,GBFiltered.csv
COVID-19,Unspecified,UNITED KINGDOM,2020-05-27,World Health Organization COVID-19 Dashboard,1625.0,GBFiltered.csv
COVID-19,Unspecified,UNITED KINGDOM,2020-05-28,World Health Organization COVID-19 Dashboard,2070.0,GBFiltered.csv
COVID-19,Unspecified,UNITED KINGDOM,2020-05-29,World Health Organization COVID-19 Dashboard,1825.0,GBFiltered.csv
COVID-19,Unspecified,UNITED KINGDOM,2020-05-30,World Health Organization COVID-19 Dashboard,1757.0,GBFiltered.csv
COVID-19,Unspecified,UNITED KINGDOM,2020-05-31,World Health Organization COVID-19 Dashboard,1531.0,GBFiltered.csv
COVID-19,Unspecified,UNITED KINGDOM,2020-06-01,World Health Organization COVID-19 Dashboard,1132.0,GBFiltered.csv
COVID-19,Unspecified,UNITED KINGDOM,2020-06-02,World Health Organization COVID-19 Dashboard,1080.0,GBFiltered.csv
COVID-19,Unspecified,UNITED KINGDOM,2020-06-03,World Health Organization COVID-19 Dashboard,1438.0,GBFiltered.csv
COVID-19,Unspecified,UNITED KINGDOM,2020-06-04,World Health Organization COVID-19 Dashboard,1492.0,GBFiltered.csv
COVID-19,Unspecified,UNITED KINGDOM,2020-06-05,World Health Organization COVID-19 Dashboard,1369.0,GBFiltered.csv
COVID-19,Unspecified,UNITED KINGDOM,2020-06-06,World Health Organization COVID-19 Dashboard,1249.0,GBFiltered.csv
COVID-19,Unspecified,UNITED KINGDOM,2020-06-07,World Health Organization COVID-19 Dashboard,1123.0,GBFiltered.csv
COVID-19,Unspecified,UNITED KINGDOM,2020-06-08,World Health Organization COVID-19 Dashboard,804.0,GBFiltered.csv
COVID-19,Unspecified,UNITED KINGDOM,2020-06-09,World Health Organization COVID-19 Dashboard,722.0,GBFiltered.csv
COVID-19,Unspecified,UNITED KINGDOM,2020-06-10,World Health Organization COVID-19 Dashboard,1099.0,GBFiltered.csv
COVID-19,Unspecified,UNITED KINGDOM,2020-06-11,World Health Organization COVID-19 Dashboard,1165.0,GBFiltered.csv
COVID-19,Unspecified,UNITED KINGDOM,2020-06-12,World Health Organization COVID-19 Dashboard,1196.0,GBFiltered.csv
COVID-19,Unspecified,UNITED KINGDOM,2020-06-13,World Health Organization COVID-19 Dashboard,1013.0,GBFiltered.csv
COVID-19,Unspecified,UNITED KINGDOM,2020-06-14,World Health Organization COVID-19 Dashboard,1053.0,GBFiltered.csv
COVID-19,Unspecified,UNITED KINGDOM,2020-06-15,World Health Organization COVID-19 Dashboard,886.0,GBFiltered.csv
COVID-19,Unspecified,UNITED KINGDOM,2020-06-16,World Health Organization COVID-19 Dashboard,826.0,GBFiltered.csv
COVID-19,Unspecified,UNITED KINGDOM,2020-06-17,World Health Organization COVID-19 Dashboard,1045.0,GBFiltered.csv
COVID-19,Unspecified,UNITED KINGDOM,2020-06-18,World Health Organization COVID-19 Dashboard,1103.0,GBFiltered.csv
COVID-19,Unspecified,UNITED KINGDOM,2020-06-19,World Health Organization COVID-19 Dashboard,1017.0,GBFiltered.csv
COVID-19,Unspecified,UNITED KINGDOM,2020-06-20,World Health Organization COVID-19 Dashboard,1022.0,GBFiltered.csv
COVID-19,Unspecified,UNITED KINGDOM,2020-06-21,World Health Organization COVID-19 Dashboard,993.0,GBFiltered.csv
COVID-19,Unspecified,UNITED KINGDOM,2020-06-22,World Health Organization COVID-19 Dashboard,683.0,GBFiltered.csv
COVID-19,Unspecified,UNITED KINGDOM,2020-06-23,World Health Organization COVID-19 Dashboard,636.0,GBFiltered.csv
COVID-19,Unspecified,UNITED KINGDOM,2020-06-24,World Health Organization COVID-19 Dashboard,899.0,GBFiltered.csv
COVID-19,Unspecified,UNITED KINGDOM,2020-06-25,World Health Organization COVID-19 Dashboard,883.0,GBFiltered.csv
COVID-19,Unspecified,UNITED KINGDOM,2020-06-26,World Health Organization COVID-19 Dashboard,777.0,GBFiltered.csv
COVID-19,Unspecified,UNITED KINGDOM,2020-06-27,World Health Organization COVID-19 Dashboard,726.0,GBFiltered.csv
COVID-19,Unspecified,UNITED KINGDOM,2020-06-28,World Health Organization COVID-19 Dashboard,666.0,GBFiltered.csv
COVID-19,Unspecified,UNITED KINGDOM,2020-06-29,World Health Organization COVID-19 Dashboard,653.0,GBFiltered.csv
COVID-19,Unspecified,UNITED KINGDOM,2020-06-30,World Health Organization COVID-19 Dashboard,449.0,GBFiltered.csv
COVID-19,Unspecified,UNITED KINGDOM,2020-07-01,World Health Organization COVID-19 Dashboard,724.0,GBFiltered.csv
COVID-19,Unspecified,UNITED KINGDOM,2020-07-02,World Health Organization COVID-19 Dashboard,623.0,GBFiltered.csv
COVID-19,Unspecified,UNITED KINGDOM,2020-07-03,World Health Organization COVID-19 Dashboard,652.0,GBFiltered.csv
COVID-19,Unspecified,UNITED KINGDOM,2020-07-04,World Health Organization COVID-19 Dashboard,606.0,GBFiltered.csv
COVID-19,Unspecified,UNITED KINGDOM,2020-07-05,World Health Organization COVID-19 Dashboard,568.0,GBFiltered.csv
COVID-19,Unspecified,UNITED KINGDOM,2020-07-06,World Health Organization COVID-19 Dashboard,399.0,GBFiltered.csv
COVID-19,Unspecified,UNITED KINGDOM,2020-07-07,World Health Organization COVID-19 Dashboard,558.0,GBFiltered.csv
COVID-19,Unspecified,UNITED KINGDOM,2020-07-08,World Health Organization COVID-19 Dashboard,714.0,GBFiltered.csv
COVID-19,Unspecified,UNITED KINGDOM,2020-07-09,World Health Organization COVID-19 Dashboard,608.0,GBFiltered.csv
COVID-19,Unspecified,UNITED KINGDOM,2020-07-10,World Health Organization COVID-19 Dashboard,713.0,GBFiltered.csv
COVID-19,Unspecified,UNITED KINGDOM,2020-07-11,World Health Organization COVID-19 Dashboard,722.0,GBFiltered.csv
COVID-19,Unspecified,UNITED KINGDOM,2020-07-12,World Health Organization COVID-19 Dashboard,568.0,GBFiltered.csv
COVID-19,Unspecified,UNITED KINGDOM,2020-07-13,World Health Organization COVID-19 Dashboard,459.0,GBFiltered.csv
COVID-19,Unspecified,UNITED KINGDOM,2020-07-14,World Health Organization COVID-19 Dashboard,366.0,GBFiltered.csv
COVID-19,Unspecified,UNITED KINGDOM,2020-07-15,World Health Organization COVID-19 Dashboard,740.0,GBFiltered.csv
COVID-19,Unspecified,UNITED KINGDOM,2020-07-16,World Health Organization COVID-19 Dashboard,705.0,GBFiltered.csv
COVID-19,Unspecified,UNITED KINGDOM,2020-07-17,World Health Organization COVID-19 Dashboard,777.0,GBFiltered.csv
COVID-19,Unspecified,UNITED KINGDOM,2020-07-18,World Health Organization COVID-19 Dashboard,712.0,GBFiltered.csv
COVID-19,Unspecified,UNITED KINGDOM,2020-07-19,World Health Organization COVID-19 Dashboard,582.0,GBFiltered.csv
COVID-19,Unspecified,UNITED KINGDOM,2020-07-20,World Health Organization COVID-19 Dashboard,505.0,GBFiltered.csv
COVID-19,Unspecified,UNITED KINGDOM,2020-07-21,World Health Organization COVID-19 Dashboard,448.0,GBFiltered.csv
COVID-19,Unspecified,UNITED KINGDOM,2020-07-22,World Health Organization COVID-19 Dashboard,830.0,GBFiltered.csv
COVID-19,Unspecified,UNITED KINGDOM,2020-07-23,World Health Organization COVID-19 Dashboard,788.0,GBFiltered.csv
COVID-19,Unspecified,UNITED KINGDOM,2020-07-24,World Health Organization COVID-19 Dashboard,816.0,GBFiltered.csv
COVID-19,Unspecified,UNITED KINGDOM,2020-07-25,World Health Organization COVID-19 Dashboard,808.0,GBFiltered.csv
COVID-19,Unspecified,UNITED KINGDOM,2020-07-26,World Health Organization COVID-19 Dashboard,774.0,GBFiltered.csv
COVID-19,Unspecified,UNITED KINGDOM,2020-07-27,World Health Organization COVID-19 Dashboard,530.0,GBFiltered.csv
COVID-19,Unspecified,UNITED KINGDOM,2020-07-28,World Health Organization COVID-19 Dashboard,563.0,GBFiltered.csv
COVID-19,Unspecified,UNITED KINGDOM,2020-07-29,World Health Organization COVID-19 Dashboard,869.0,GBFiltered.csv
COVID-19,Unspecified,UNITED KINGDOM,2020-07-30,World Health Organization COVID-19 Dashboard,856.0,GBFiltered.csv
COVID-19,Unspecified,UNITED KINGDOM,2020-07-31,World Health Organization COVID-19 Dashboard,1062.0,GBFiltered.csv
COVID-19,Unspecified,UNITED KINGDOM,2020-08-01,World Health Organization COVID-19 Dashboard,946.0,GBFiltered.csv
COVID-19,Unspecified,UNITED KINGDOM,2020-08-02,World Health Organization COVID-19 Dashboard,697.0,GBFiltered.csv
COVID-19,Unspecified,UNITED KINGDOM,2020-08-03,World Health Organization COVID-19 Dashboard,559.0,GBFiltered.csv
COVID-19,Unspecified,UNITED KINGDOM,2020-08-04,World Health Organization COVID-19 Dashboard,564.0,GBFiltered.csv
COVID-19,Unspecified,UNITED KINGDOM,2020-08-05,World Health Organization COVID-19 Dashboard,1060.0,GBFiltered.csv
COVID-19,Unspecified,UNITED KINGDOM,2020-08-06,World Health Organization COVID-19 Dashboard,1065.0,GBFiltered.csv
COVID-19,Unspecified,UNITED KINGDOM,2020-08-07,World Health Organization COVID-19 Dashboard,1092.0,GBFiltered.csv
COVID-19,Unspecified,UNITED KINGDOM,2020-08-08,World Health Organization COVID-19 Dashboard,1105.0,GBFiltered.csv
COVID-19,Unspecified,UNITED KINGDOM,2020-08-09,World Health Organization COVID-19 Dashboard,973.0,GBFiltered.csv
COVID-19,Unspecified,UNITED KINGDOM,2020-08-10,World Health Organization COVID-19 Dashboard,710.0,GBFiltered.csv
COVID-19,Unspecified,UNITED KINGDOM,2020-08-11,World Health Organization COVID-19 Dashboard,627.0,GBFiltered.csv
COVID-19,Unspecified,UNITED KINGDOM,2020-08-12,World Health Organization COVID-19 Dashboard,1499.0,GBFiltered.csv
COVID-19,Unspecified,UNITED KINGDOM,2020-08-13,World Health Organization COVID-19 Dashboard,1378.0,GBFiltered.csv
COVID-19,Unspecified,UNITED KINGDOM,2020-08-14,World Health Organization COVID-19 Dashboard,1242.0,GBFiltered.csv
COVID-19,Unspecified,UNITED KINGDOM,2020-08-15,World Health Organization COVID-19 Dashboard,1156.0,GBFiltered.csv
COVID-19,Unspecified,UNITED KINGDOM,2020-08-16,World Health Organization COVID-19 Dashboard,1185.0,GBFiltered.csv
COVID-19,Unspecified,UNITED KINGDOM,2020-08-17,World Health Organization COVID-19 Dashboard,714.0,GBFiltered.csv
COVID-19,Unspecified,UNITED KINGDOM,2020-08-18,World Health Organization COVID-19 Dashboard,602.0,GBFiltered.csv
COVID-19,Unspecified,UNITED KINGDOM,2020-08-19,World Health Organization COVID-19 Dashboard,1298.0,GBFiltered.csv
COVID-19,Unspecified,UNITED KINGDOM,2020-08-20,World Health Organization COVID-19 Dashboard,1116.0,GBFiltered.csv
COVID-19,Unspecified,UNITED KINGDOM,2020-08-21,World Health Organization COVID-19 Dashboard,1282.0,GBFiltered.csv
COVID-19,Unspecified,UNITED KINGDOM,2020-08-22,World Health Organization COVID-19 Dashboard,1498.0,GBFiltered.csv
COVID-19,Unspecified,UNITED KINGDOM,2020-08-23,World Health Organization COVID-19 Dashboard,1218.0,GBFiltered.csv
COVID-19,Unspecified,UNITED KINGDOM,2020-08-24,World Health Organization COVID-19 Dashboard,842.0,GBFiltered.csv
COVID-19,Unspecified,UNITED KINGDOM,2020-08-25,World Health Organization COVID-19 Dashboard,831.0,GBFiltered.csv
COVID-19,Unspecified,UNITED KINGDOM,2020-08-26,World Health Organization COVID-19 Dashboard,1301.0,GBFiltered.csv
COVID-19,Unspecified,UNITED KINGDOM,2020-08-27,World Health Organization COVID-19 Dashboard,1270.0,GBFiltered.csv
COVID-19,Unspecified,UNITED KINGDOM,2020-08-28,World Health Organization COVID-19 Dashboard,1388.0,GBFiltered.csv
COVID-19,Unspecified,UNITED KINGDOM,2020-08-29,World Health Organization COVID-19 Dashboard,1591.0,GBFiltered.csv
COVID-19,Unspecified,UNITED KINGDOM,2020-08-30,World Health Organization COVID-19 Dashboard,1632.0,GBFiltered.csv
COVID-19,Unspecified,UNITED KINGDOM,2020-08-31,World Health Organization COVID-19 Dashboard,1230.0,GBFiltered.csv
COVID-19,Unspecified,UNITED KINGDOM,2020-09-01,World Health Organization COVID-19 Dashboard,1171.0,GBFiltered.csv
COVID-19,Unspecified,UNITED KINGDOM,2020-09-02,World Health Organization COVID-19 Dashboard,1513.0,GBFiltered.csv
COVID-19,Unspecified,UNITED KINGDOM,2020-09-03,World Health Organization COVID-19 Dashboard,2288.0,GBFiltered.csv
COVID-19,Unspecified,UNITED KINGDOM,2020-09-04,World Health Organization COVID-19 Dashboard,3077.0,GBFiltered.csv
COVID-19,Unspecified,UNITED KINGDOM,2020-09-05,World Health Organization COVID-19 Dashboard,3152.0,GBFiltered.csv
COVID-19,Unspecified,UNITED KINGDOM,2020-09-06,World Health Organization COVID-19 Dashboard,3092.0,GBFiltered.csv
COVID-19,Unspecified,UNITED KINGDOM,2020-09-07,World Health Organization COVID-19 Dashboard,2551.0,GBFiltered.csv
COVID-19,Unspecified,UNITED KINGDOM,2020-09-08,World Health Organization COVID-19 Dashboard,2465.0,GBFiltered.csv
COVID-19,Unspecified,UNITED KINGDOM,2020-09-09,World Health Organization COVID-19 Dashboard,3931.0,GBFiltered.csv
COVID-19,Unspecified,UNITED KINGDOM,2020-09-10,World Health Organization COVID-19 Dashboard,3370.0,GBFiltered.csv
COVID-19,Unspecified,UNITED KINGDOM,2020-09-11,World Health Organization COVID-19 Dashboard,3365.0,GBFiltered.csv
COVID-19,Unspecified,UNITED KINGDOM,2020-09-12,World Health Organization COVID-19 Dashboard,3628.0,GBFiltered.csv
COVID-19,Unspecified,UNITED KINGDOM,2020-09-13,World Health Organization COVID-19 Dashboard,3324.0,GBFiltered.csv
COVID-19,Unspecified,UNITED KINGDOM,2020-09-14,World Health Organization COVID-19 Dashboard,2670.0,GBFiltered.csv
COVID-19,Unspecified,UNITED KINGDOM,2020-09-15,World Health Organization COVID-19 Dashboard,2154.0,GBFiltered.csv
COVID-19,Unspecified,UNITED KINGDOM,2020-09-16,World Health Organization COVID-19 Dashboard,3428.0,GBFiltered.csv
COVID-19,Unspecified,UNITED KINGDOM,2020-09-17,World Health Organization COVID-19 Dashboard,3551.0,GBFiltered.csv
COVID-19,Unspecified,UNITED KINGDOM,2020-09-18,World Health Organization COVID-19 Dashboard,4399.0,GBFiltered.csv
COVID-19,Unspecified,UNITED KINGDOM,2020-09-19,World Health Organization COVID-19 Dashboard,4676.0,GBFiltered.csv
COVID-19,Unspecified,UNITED KINGDOM,2020-09-20,World Health Organization COVID-19 Dashboard,4973.0,GBFiltered.csv
COVID-19,Unspecified,UNITED KINGDOM,2020-09-21,World Health Organization COVID-19 Dashboard,4889.0,GBFiltered.csv
COVID-19,Unspecified,UNITED KINGDOM,2020-09-22,World Health Organization COVID-19 Dashboard,5340.0,GBFiltered.csv
COVID-19,Unspecified,UNITED KINGDOM,2020-09-23,World Health Organization COVID-19 Dashboard,5627.0,GBFiltered.csv
COVID-19,Unspecified,UNITED KINGDOM,2020-09-24,World Health Organization COVID-19 Dashboard,6441.0,GBFiltered.csv
COVID-19,Unspecified,UNITED KINGDOM,2020-09-25,World Health Organization COVID-19 Dashboard,7096.0,GBFiltered.csv
COVID-19,Unspecified,UNITED KINGDOM,2020-09-26,World Health Organization COVID-19 Dashboard,7682.0,GBFiltered.csv
COVID-19,Unspecified,UNITED KINGDOM,2020-09-27,World Health Organization COVID-19 Dashboard,7318.0,GBFiltered.csv
COVID-19,Unspecified,UNITED KINGDOM,2020-09-28,World Health Organization COVID-19 Dashboard,6809.0,GBFiltered.csv
COVID-19,Unspecified,UNITED KINGDOM,2020-09-29,World Health Organization COVID-19 Dashboard,7023.0,GBFiltered.csv
COVID-19,Unspecified,UNITED KINGDOM,2020-09-30,World Health Organization COVID-19 Dashboard,9983.0,GBFiltered.csv
COVID-19,Unspecified,UNITED KINGDOM,2020-10-01,World Health Organization COVID-19 Dashboard,10368.0,GBFiltered.csv
COVID-19,Unspecified,UNITED KINGDOM,2020-10-02,World Health Organization COVID-19 Dashboard,12717.0,GBFiltered.csv
COVID-19,Unspecified,UNITED KINGDOM,2020-10-03,World Health Organization COVID-19 Dashboard,13358.0,GBFiltered.csv
COVID-19,Unspecified,UNITED KINGDOM,2020-10-04,World Health Organization COVID-19 Dashboard,13854.0,GBFiltered.csv
COVID-19,Unspecified,UNITED KINGDOM,2020-10-05,World Health Organization COVID-19 Dashboard,11667.0,GBFiltered.csv
COVID-19,Unspecified,UNITED KINGDOM,2020-10-06,World Health Organization COVID-19 Dashboard,11954.0,GBFiltered.csv
COVID-19,Unspecified,UNITED KINGDOM,2020-10-07,World Health Organization COVID-19 Dashboard,16755.0,GBFiltered.csv
COVID-19,Unspecified,UNITED KINGDOM,2020-10-08,World Health Organization COVID-19 Dashboard,17250.0,GBFiltered.csv
COVID-19,Unspecified,UNITED KINGDOM,2020-10-09,World Health Organization COVID-19 Dashboard,18576.0,GBFiltered.csv
COVID-19,Unspecified,UNITED KINGDOM,2020-10-10,World Health Organization COVID-19 Dashboard,18427.0,GBFiltered.csv
COVID-19,Unspecified,UNITED KINGDOM,2020-10-11,World Health Organization COVID-19 Dashboard,15903.0,GBFiltered.csv
COVID-19,Unspecified,UNITED KINGDOM,2020-10-12,World Health Organization COVID-19 Dashboard,12652.0,GBFiltered.csv
COVID-19,Unspecified,UNITED KINGDOM,2020-10-13,World Health Organization COVID-19 Dashboard,12213.0,GBFiltered.csv
COVID-19,Unspecified,UNITED KINGDOM,2020-10-14,World Health Organization COVID-19 Dashboard,19710.0,GBFiltered.csv
COVID-19,Unspecified,UNITED KINGDOM,2020-10-15,World Health Organization COVID-19 Dashboard,19135.0,GBFiltered.csv
COVID-19,Unspecified,UNITED KINGDOM,2020-10-16,World Health Organization COVID-19 Dashboard,19934.0,GBFiltered.csv
COVID-19,Unspecified,UNITED KINGDOM,2020-10-17,World Health Organization COVID-19 Dashboard,18639.0,GBFiltered.csv
COVID-19,Unspecified,UNITED KINGDOM,2020-10-18,World Health Organization COVID-19 Dashboard,17938.0,GBFiltered.csv
COVID-19,Unspecified,UNITED KINGDOM,2020-10-19,World Health Organization COVID-19 Dashboard,14888.0,GBFiltered.csv
COVID-19,Unspecified,UNITED KINGDOM,2020-10-20,World Health Organization COVID-19 Dashboard,14331.0,GBFiltered.csv
COVID-19,Unspecified,UNITED KINGDOM,2020-10-21,World Health Organization COVID-19 Dashboard,25926.0,GBFiltered.csv
COVID-19,Unspecified,UNITED KINGDOM,2020-10-22,World Health Organization COVID-19 Dashboard,25680.0,GBFiltered.csv
COVID-19,Unspecified,UNITED KINGDOM,2020-10-23,World Health Organization COVID-19 Dashboard,25785.0,GBFiltered.csv
COVID-19,Unspecified,UNITED KINGDOM,2020-10-24,World Health Organization COVID-19 Dashboard,23497.0,GBFiltered.csv
COVID-19,Unspecified,UNITED KINGDOM,2020-10-25,World Health Organization COVID-19 Dashboard,21714.0,GBFiltered.csv
COVID-19,Unspecified,UNITED KINGDOM,2020-10-26,World Health Organization COVID-19 Dashboard,16464.0,GBFiltered.csv
COVID-19,Unspecified,UNITED KINGDOM,2020-10-27,World Health Organization COVID-19 Dashboard,15905.0,GBFiltered.csv
COVID-19,Unspecified,UNITED KINGDOM,2020-10-28,World Health Organization COVID-19 Dashboard,26807.0,GBFiltered.csv
COVID-19,Unspecified,UNITED KINGDOM,2020-10-29,World Health Organization COVID-19 Dashboard,24360.0,GBFiltered.csv
COVID-19,Unspecified,UNITED KINGDOM,2020-10-30,World Health Organization COVID-19 Dashboard,23907.0,GBFiltered.csv
COVID-19,Unspecified,UNITED KINGDOM,2020-10-31,World Health Organization COVID-19 Dashboard,23649.0,GBFiltered.csv
COVID-19,Unspecified,UNITED KINGDOM,2020-11-01,World Health Organization COVID-19 Dashboard,22896.0,GBFiltered.csv
COVID-19,Unspecified,UNITED KINGDOM,2020-11-02,World Health Organization COVID-19 Dashboard,16702.0,GBFiltered.csv
COVID-19,Unspecified,UNITED KINGDOM,2020-11-03,World Health Organization COVID-19 Dashboard,16001.0,GBFiltered.csv
COVID-19,Unspecified,UNITED KINGDOM,2020-11-04,World Health Organization COVID-19 Dashboard,32003.0,GBFiltered.csv
COVID-19,Unspecified,UNITED KINGDOM,2020-11-05,World Health Organization COVID-19 Dashboard,25989.0,GBFiltered.csv
COVID-19,Unspecified,UNITED KINGDOM,2020-11-06,World Health Organization COVID-19 Dashboard,24055.0,GBFiltered.csv
COVID-19,Unspecified,UNITED KINGDOM,2020-11-07,World Health Organization COVID-19 Dashboard,24101.0,GBFiltered.csv
COVID-19,Unspecified,UNITED KINGDOM,2020-11-08,World Health Organization COVID-19 Dashboard,23715.0,GBFiltered.csv
COVID-19,Unspecified,UNITED KINGDOM,2020-11-09,World Health Organization COVID-19 Dashboard,18783.0,GBFiltered.csv
COVID-19,Unspecified,UNITED KINGDOM,2020-11-10,World Health Organization COVID-19 Dashboard,20252.0,GBFiltered.csv
COVID-19,Unspecified,UNITED KINGDOM,2020-11-11,World Health Organization COVID-19 Dashboard,31558.0,GBFiltered.csv
COVID-19,Unspecified,UNITED KINGDOM,2020-11-12,World Health Organization COVID-19 Dashboard,27829.0,GBFiltered.csv
COVID-19,Unspecified,UNITED KINGDOM,2020-11-13,World Health Organization COVID-19 Dashboard,27792.0,GBFiltered.csv
COVID-19,Unspecified,UNITED KINGDOM,2020-11-14,World Health Organization COVID-19 Dashboard,24876.0,GBFiltered.csv
COVID-19,Unspecified,UNITED KINGDOM,2020-11-15,World Health Organization COVID-19 Dashboard,24438.0,GBFiltered.csv
COVID-19,Unspecified,UNITED KINGDOM,2020-11-16,World Health Organization COVID-19 Dashboard,18258.0,GBFiltered.csv
COVID-19,Unspecified,UNITED KINGDOM,2020-11-17,World Health Organization COVID-19 Dashboard,16258.0,GBFiltered.csv
COVID-19,Unspecified,UNITED KINGDOM,2020-11-18,World Health Organization COVID-19 Dashboard,27007.0,GBFiltered.csv
COVID-19,Unspecified,UNITED KINGDOM,2020-11-19,World Health Organization COVID-19 Dashboard,23531.0,GBFiltered.csv
COVID-19,Unspecified,UNITED KINGDOM,2020-11-20,World Health Organization COVID-19 Dashboard,21118.0,GBFiltered.csv
COVID-19,Unspecified,UNITED KINGDOM,2020-11-21,World Health Organization COVID-19 Dashboard,18074.0,GBFiltered.csv
COVID-19,Unspecified,UNITED KINGDOM,2020-11-22,World Health Organization COVID-19 Dashboard,17134.0,GBFiltered.csv
COVID-19,Unspecified,UNITED KINGDOM,2020-11-23,World Health Organization COVID-19 Dashboard,12556.0,GBFiltered.csv
COVID-19,Unspecified,UNITED KINGDOM,2020-11-24,World Health Organization COVID-19 Dashboard,11913.0,GBFiltered.csv
COVID-19,Unspecified,UNITED KINGDOM,2020-11-25,World Health Organization COVID-19 Dashboard,19083.0,GBFiltered.csv
COVID-19,Unspecified,UNITED KINGDOM,2020-11-26,World Health Organization COVID-19 Dashboard,16704.0,GBFiltered.csv
COVID-19,Unspecified,UNITED KINGDOM,2020-11-27,World Health Organization COVID-19 Dashboard,16858.0,GBFiltered.csv
COVID-19,Unspecified,UNITED KINGDOM,2020-11-28,World Health Organization COVID-19 Dashboard,14817.0,GBFiltered.csv
COVID-19,Unspecified,UNITED KINGDOM,2020-11-29,World Health Organization COVID-19 Dashboard,14597.0,GBFiltered.csv
COVID-19,Unspecified,UNITED KINGDOM,2020-11-30,World Health Organization COVID-19 Dashboard,11105.0,GBFiltered.csv
COVID-19,Unspecified,UNITED KINGDOM,2020-12-01,World Health Organization COVID-19 Dashboard,10874.0,GBFiltered.csv
COVID-19,Unspecified,UNITED KINGDOM,2020-12-02,World Health Organization COVID-19 Dashboard,18265.0,GBFiltered.csv
COVID-19,Unspecified,UNITED KINGDOM,2020-12-03,World Health Organization COVID-19 Dashboard,16745.0,GBFiltered.csv
COVID-19,Unspecified,UNITED KINGDOM,2020-12-04,World Health Organization COVID-19 Dashboard,16748.0,GBFiltered.csv
COVID-19,Unspecified,UNITED KINGDOM,2020-12-05,World Health Organization COVID-19 Dashboard,15926.0,GBFiltered.csv
COVID-19,Unspecified,UNITED KINGDOM,2020-12-06,World Health Organization COVID-19 Dashboard,15866.0,GBFiltered.csv
COVID-19,Unspecified,UNITED KINGDOM,2020-12-07,World Health Organization COVID-19 Dashboard,12917.0,GBFiltered.csv
COVID-19,Unspecified,UNITED KINGDOM,2020-12-08,World Health Organization COVID-19 Dashboard,13765.0,GBFiltered.csv
COVID-19,Unspecified,UNITED KINGDOM,2020-12-09,World Health Organization COVID-19 Dashboard,21644.0,GBFiltered.csv
COVID-19,Unspecified,UNITED KINGDOM,2020-12-10,World Health Organization COVID-19 Dashboard,21097.0,GBFiltered.csv
COVID-19,Unspecified,UNITED KINGDOM,2020-12-11,World Health Organization COVID-19 Dashboard,21937.0,GBFiltered.csv
COVID-19,Unspecified,UNITED KINGDOM,2020-12-12,World Health Organization COVID-19 Dashboard,22927.0,GBFiltered.csv
COVID-19,Unspecified,UNITED KINGDOM,2020-12-13,World Health Organization COVID-19 Dashboard,24425.0,GBFiltered.csv
COVID-19,Unspecified,UNITED KINGDOM,2020-12-14,World Health Organization COVID-19 Dashboard,19592.0,GBFiltered.csv
COVID-19,Unspecified,UNITED KINGDOM,2020-12-15,World Health Organization COVID-19 Dashboard,22279.0,GBFiltered.csv
COVID-19,Unspecified,UNITED KINGDOM,2020-12-16,World Health Organization COVID-19 Dashboard,35221.0,GBFiltered.csv
COVID-19,Unspecified,UNITED KINGDOM,2020-12-17,World Health Organization COVID-19 Dashboard,34414.0,GBFiltered.csv
COVID-19,Unspecified,UNITED KINGDOM,2020-12-18,World Health Organization COVID-19 Dashboard,35438.0,GBFiltered.csv
COVID-19,Unspecified,UNITED KINGDOM,2020-12-19,World Health Organization COVID-19 Dashboard,34440.0,GBFiltered.csv
COVID-19,Unspecified,UNITED KINGDOM,2020-12-20,World Health Organization COVID-19 Dashboard,36418.0,GBFiltered.csv
COVID-19,Unspecified,UNITED KINGDOM,2020-12-21,World Health Organization COVID-19 Dashboard,25589.0,GBFiltered.csv
COVID-19,Unspecified,UNITED KINGDOM,2020-12-22,World Health Organization COVID-19 Dashboard,33064.0,GBFiltered.csv
COVID-19,Unspecified,UNITED KINGDOM,2020-12-23,World Health Organization COVID-19 Dashboard,48192.0,GBFiltered.csv
COVID-19,Unspecified,UNITED KINGDOM,2020-12-24,World Health Organization COVID-19 Dashboard,46476.0,GBFiltered.csv
COVID-19,Unspecified,UNITED KINGDOM,2020-12-25,World Health Organization COVID-19 Dashboard,42936.0,GBFiltered.csv
COVID-19,Unspecified,UNITED KINGDOM,2020-12-26,World Health Organization COVID-19 Dashboard,32391.0,GBFiltered.csv
COVID-19,Unspecified,UNITED KINGDOM,2020-12-27,World Health Organization COVID-19 Dashboard,14419.0,GBFiltered.csv
COVID-19,Unspecified,UNITED KINGDOM,2020-12-28,World Health Organization COVID-19 Dashboard,41109.0,GBFiltered.csv
COVID-19,Unspecified,UNITED KINGDOM,2020-12-29,World Health Organization COVID-19 Dashboard,48519.0,GBFiltered.csv
COVID-19,Unspecified,UNITED KINGDOM,2020-12-30,World Health Organization COVID-19 Dashboard,46407.0,GBFiltered.csv
COVID-19,Unspecified,UNITED KINGDOM,2020-12-31,World Health Organization COVID-19 Dashboard,83088.0,GBFiltered.csv
COVID-19,Unspecified,UNITED KINGDOM,2021-01-01,World Health Organization COVID-19 Dashboard,72161.0,GBFiltered.csv
COVID-19,Unspecified,UNITED KINGDOM,2021-01-02,World Health Organization COVID-19 Dashboard,53945.0,GBFiltered.csv
COVID-19,Unspecified,UNITED KINGDOM,2021-01-03,World Health Organization COVID-19 Dashboard,32482.0,GBFiltered.csv
COVID-19,Unspecified,UNITED KINGDOM,2021-01-04,World Health Organization COVID-19 Dashboard,61654.0,GBFiltered.csv
COVID-19,Unspecified,UNITED KINGDOM,2021-01-05,World Health Organization COVID-19 Dashboard,56333.0,GBFiltered.csv
COVID-19,Unspecified,UNITED KINGDOM,2021-01-06,World Health Organization COVID-19 Dashboard,77970.0,GBFiltered.csv
COVID-19,Unspecified,UNITED KINGDOM,2021-01-07,World Health Organization COVID-19 Dashboard,66636.0,GBFiltered.csv
COVID-19,Unspecified,UNITED KINGDOM,2021-01-08,World Health Organization COVID-19 Dashboard,58784.0,GBFiltered.csv
COVID-19,Unspecified,UNITED KINGDOM,2021-01-09,World Health Organization COVID-19 Dashboard,53187.0,GBFiltered.csv
COVID-19,Unspecified,UNITED KINGDOM,2021-01-10,World Health Organization COVID-19 Dashboard,48103.0,GBFiltered.csv
COVID-19,Unspecified,UNITED KINGDOM,2021-01-11,World Health Organization COVID-19 Dashboard,40035.0,GBFiltered.csv
COVID-19,Unspecified,UNITED KINGDOM,2021-01-12,World Health Organization COVID-19 Dashboard,37174.0,GBFiltered.csv
COVID-19,Unspecified,UNITED KINGDOM,2021-01-13,World Health Organization COVID-19 Dashboard,58591.0,GBFiltered.csv
COVID-19,Unspecified,UNITED KINGDOM,2021-01-14,World Health Organization COVID-19 Dashboard,50647.0,GBFiltered.csv
COVID-19,Unspecified,UNITED KINGDOM,2021-01-15,World Health Organization COVID-19 Dashboard,46506.0,GBFiltered.csv
COVID-19,Unspecified,UNITED KINGDOM,2021-01-16,World Health Organization COVID-19 Dashboard,43473.0,GBFiltered.csv
COVID-19,Unspecified,UNITED KINGDOM,2021-01-17,World Health Organization COVID-19 Dashboard,41450.0,GBFiltered.csv
COVID-19,Unspecified,UNITED KINGDOM,2021-01-18,World Health Organization COVID-19 Dashboard,31247.0,GBFiltered.csv
COVID-19,Unspecified,UNITED KINGDOM,2021-01-19,World Health Organization COVID-19 Dashboard,29592.0,GBFiltered.csv
COVID-19,Unspecified,UNITED KINGDOM,2021-01-20,World Health Organization COVID-19 Dashboard,45956.0,GBFiltered.csv
COVID-19,Unspecified,UNITED KINGDOM,2021-01-21,World Health Organization COVID-19 Dashboard,40525.0,GBFiltered.csv
COVID-19,Unspecified,UNITED KINGDOM,2021-01-22,World Health Organization COVID-19 Dashboard,35985.0,GBFiltered.csv
COVID-19,Unspecified,UNITED KINGDOM,2021-01-23,World Health Organization COVID-19 Dashboard,32501.0,GBFiltered.csv
COVID-19,Unspecified,UNITED KINGDOM,2021-01-24,World Health Organization COVID-19 Dashboard,30330.0,GBFiltered.csv
COVID-19,Unspecified,UNITED KINGDOM,2021-01-25,World Health Organization COVID-19 Dashboard,22344.0,GBFiltered.csv
COVID-19,Unspecified,UNITED KINGDOM,2021-01-26,World Health Organization COVID-19 Dashboard,17554.0,GBFiltered.csv
COVID-19,Unspecified,UNITED KINGDOM,2021-01-27,World Health Organization COVID-19 Dashboard,30736.0,GBFiltered.csv
COVID-19,Unspecified,UNITED KINGDOM,2021-01-28,World Health Organization COVID-19 Dashboard,27730.0,GBFiltered.csv
COVID-19,Unspecified,UNITED KINGDOM,2021-01-29,World Health Organization COVID-19 Dashboard,26303.0,GBFiltered.csv
COVID-19,Unspecified,UNITED KINGDOM,2021-01-30,World Health Organization COVID-19 Dashboard,24772.0,GBFiltered.csv
COVID-19,Unspecified,UNITED KINGDOM,2021-01-31,World Health Organization COVID-19 Dashboard,22433.0,GBFiltered.csv
COVID-19,Unspecified,UNITED KINGDOM,2021-02-01,World Health Organization COVID-19 Dashboard,17167.0,GBFiltered.csv
COVID-19,Unspecified,UNITED KINGDOM,2021-02-02,World Health Organization COVID-19 Dashboard,15783.0,GBFiltered.csv
COVID-19,Unspecified,UNITED KINGDOM,2021-02-03,World Health Organization COVID-19 Dashboard,22971.0,GBFiltered.csv
COVID-19,Unspecified,UNITED KINGDOM,2021-02-04,World Health Organization COVID-19 Dashboard,20268.0,GBFiltered.csv
COVID-19,Unspecified,UNITED KINGDOM,2021-02-05,World Health Organization COVID-19 Dashboard,19914.0,GBFiltered.csv
COVID-19,Unspecified,UNITED KINGDOM,2021-02-06,World Health Organization COVID-19 Dashboard,18493.0,GBFiltered.csv
COVID-19,Unspecified,UNITED KINGDOM,2021-02-07,World Health Organization COVID-19 Dashboard,16308.0,GBFiltered.csv
COVID-19,Unspecified,UNITED KINGDOM,2021-02-08,World Health Organization COVID-19 Dashboard,12320.0,GBFiltered.csv
COVID-19,Unspecified,UNITED KINGDOM,2021-02-09,World Health Organization COVID-19 Dashboard,11664.0,GBFiltered.csv
COVID-19,Unspecified,UNITED KINGDOM,2021-02-10,World Health Organization COVID-19 Dashboard,16193.0,GBFiltered.csv
COVID-19,Unspecified,UNITED KINGDOM,2021-02-11,World Health Organization COVID-19 Dashboard,14225.0,GBFiltered.csv
COVID-19,Unspecified,UNITED KINGDOM,2021-02-12,World Health Organization COVID-19 Dashboard,13899.0,GBFiltered.csv
COVID-19,Unspecified,UNITED KINGDOM,2021-02-13,World Health Organization COVID-19 Dashboard,13139.0,GBFiltered.csv
COVID-19,Unspecified,UNITED KINGDOM,2021-02-14,World Health Organization COVID-19 Dashboard,12573.0,GBFiltered.csv
COVID-19,Unspecified,UNITED KINGDOM,2021-02-15,World Health Organization COVID-19 Dashboard,9032.0,GBFiltered.csv
COVID-19,Unspecified,UNITED KINGDOM,2021-02-16,World Health Organization COVID-19 Dashboard,8994.0,GBFiltered.csv
COVID-19,Unspecified,UNITED KINGDOM,2021-02-17,World Health Organization COVID-19 Dashboard,14735.0,GBFiltered.csv
COVID-19,Unspecified,UNITED KINGDOM,2021-02-18,World Health Organization COVID-19 Dashboard,12941.0,GBFiltered.csv
COVID-19,Unspecified,UNITED KINGDOM,2021-02-19,World Health Organization COVID-19 Dashboard,11942.0,GBFiltered.csv
COVID-19,Unspecified,UNITED KINGDOM,2021-02-20,World Health Organization COVID-19 Dashboard,11794.0,GBFiltered.csv
COVID-19,Unspecified,UNITED KINGDOM,2021-02-21,World Health Organization COVID-19 Dashboard,10728.0,GBFiltered.csv
COVID-19,Unspecified,UNITED KINGDOM,2021-02-22,World Health Organization COVID-19 Dashboard,8312.0,GBFiltered.csv
COVID-19,Unspecified,UNITED KINGDOM,2021-02-23,World Health Organization COVID-19 Dashboard,8097.0,GBFiltered.csv
COVID-19,Unspecified,UNITED KINGDOM,2021-02-24,World Health Organization COVID-19 Dashboard,11655.0,GBFiltered.csv
COVID-19,Unspecified,UNITED KINGDOM,2021-02-25,World Health Organization COVID-19 Dashboard,9762.0,GBFiltered.csv
COVID-19,Unspecified,UNITED KINGDOM,2021-02-26,World Health Organization COVID-19 Dashboard,8845.0,GBFiltered.csv
COVID-19,Unspecified,UNITED KINGDOM,2021-02-27,World Health Organization COVID-19 Dashboard,8025.0,GBFiltered.csv
COVID-19,Unspecified,UNITED KINGDOM,2021-02-28,World Health Organization COVID-19 Dashboard,6783.0,GBFiltered.csv
COVID-19,Unspecified,UNITED KINGDOM,2021-03-01,World Health Organization COVID-19 Dashboard,4949.0,GBFiltered.csv
COVID-19,Unspecified,UNITED KINGDOM,2021-03-02,World Health Organization COVID-19 Dashboard,4873.0,GBFiltered.csv
COVID-19,Unspecified,UNITED KINGDOM,2021-03-03,World Health Organization COVID-19 Dashboard,7192.0,GBFiltered.csv
COVID-19,Unspecified,UNITED KINGDOM,2021-03-04,World Health Organization COVID-19 Dashboard,6919.0,GBFiltered.csv
COVID-19,Unspecified,UNITED KINGDOM,2021-03-05,World Health Organization COVID-19 Dashboard,6172.0,GBFiltered.csv
COVID-19,Unspecified,UNITED KINGDOM,2021-03-06,World Health Organization COVID-19 Dashboard,5937.0,GBFiltered.csv
COVID-19,Unspecified,UNITED KINGDOM,2021-03-07,World Health Organization COVID-19 Dashboard,5467.0,GBFiltered.csv
COVID-19,Unspecified,UNITED KINGDOM,2021-03-08,World Health Organization COVID-19 Dashboard,4628.0,GBFiltered.csv
COVID-19,Unspecified,UNITED KINGDOM,2021-03-09,World Health Organization COVID-19 Dashboard,4410.0,GBFiltered.csv
COVID-19,Unspecified,UNITED KINGDOM,2021-03-10,World Health Organization COVID-19 Dashboard,6890.0,GBFiltered.csv
COVID-19,Unspecified,UNITED KINGDOM,2021-03-11,World Health Organization COVID-19 Dashboard,6487.0,GBFiltered.csv
COVID-19,Unspecified,UNITED KINGDOM,2021-03-12,World Health Organization COVID-19 Dashboard,6251.0,GBFiltered.csv
COVID-19,Unspecified,UNITED KINGDOM,2021-03-13,World Health Organization COVID-19 Dashboard,5934.0,GBFiltered.csv
COVID-19,Unspecified,UNITED KINGDOM,2021-03-14,World Health Organization COVID-19 Dashboard,5716.0,GBFiltered.csv
COVID-19,Unspecified,UNITED KINGDOM,2021-03-15,World Health Organization COVID-19 Dashboard,4379.0,GBFiltered.csv
COVID-19,Unspecified,UNITED KINGDOM,2021-03-16,World Health Organization COVID-19 Dashboard,4425.0,GBFiltered.csv
COVID-19,Unspecified,UNITED KINGDOM,2021-03-17,World Health Organization COVID-19 Dashboard,6697.0,GBFiltered.csv
COVID-19,Unspecified,UNITED KINGDOM,2021-03-18,World Health Organization COVID-19 Dashboard,5849.0,GBFiltered.csv
COVID-19,Unspecified,UNITED KINGDOM,2021-03-19,World Health Organization COVID-19 Dashboard,5976.0,GBFiltered.csv
COVID-19,Unspecified,UNITED KINGDOM,2021-03-20,World Health Organization COVID-19 Dashboard,5623.0,GBFiltered.csv
COVID-19,Unspecified,UNITED KINGDOM,2021-03-21,World Health Organization COVID-19 Dashboard,5176.0,GBFiltered.csv
COVID-19,Unspecified,UNITED KINGDOM,2021-03-22,World Health Organization COVID-19 Dashboard,4246.0,GBFiltered.csv
COVID-19,Unspecified,UNITED KINGDOM,2021-03-23,World Health Organization COVID-19 Dashboard,5388.0,GBFiltered.csv
COVID-19,Unspecified,UNITED KINGDOM,2021-03-24,World Health Organization COVID-19 Dashboard,6458.0,GBFiltered.csv
COVID-19,Unspecified,UNITED KINGDOM,2021-03-25,World Health Organization COVID-19 Dashboard,5481.0,GBFiltered.csv
COVID-19,Unspecified,UNITED KINGDOM,2021-03-26,World Health Organization COVID-19 Dashboard,6222.0,GBFiltered.csv
COVID-19,Unspecified,UNITED KINGDOM,2021-03-27,World Health Organization COVID-19 Dashboard,5616.0,GBFiltered.csv
COVID-19,Unspecified,UNITED KINGDOM,2021-03-28,World Health Organization COVID-19 Dashboard,4567.0,GBFiltered.csv
COVID-19,Unspecified,UNITED KINGDOM,2021-03-29,World Health Organization COVID-19 Dashboard,3731.0,GBFiltered.csv
COVID-19,Unspecified,UNITED KINGDOM,2021-03-30,World Health Organization COVID-19 Dashboard,5029.0,GBFiltered.csv
COVID-19,Unspecified,UNITED KINGDOM,2021-03-31,World Health Organization COVID-19 Dashboard,4196.0,GBFiltered.csv
COVID-19,Unspecified,UNITED KINGDOM,2021-04-01,World Health Organization COVID-19 Dashboard,3778.0,GBFiltered.csv
COVID-19,Unspecified,UNITED KINGDOM,2021-04-02,World Health Organization COVID-19 Dashboard,3967.0,GBFiltered.csv
COVID-19,Unspecified,UNITED KINGDOM,2021-04-03,World Health Organization COVID-19 Dashboard,3674.0,GBFiltered.csv
COVID-19,Unspecified,UNITED KINGDOM,2021-04-04,World Health Organization COVID-19 Dashboard,2747.0,GBFiltered.csv
COVID-19,Unspecified,UNITED KINGDOM,2021-04-05,World Health Organization COVID-19 Dashboard,2506.0,GBFiltered.csv
COVID-19,Unspecified,UNITED KINGDOM,2021-04-06,World Health Organization COVID-19 Dashboard,2412.0,GBFiltered.csv
COVID-19,Unspecified,UNITED KINGDOM,2021-04-07,World Health Organization COVID-19 Dashboard,2744.0,GBFiltered.csv
COVID-19,Unspecified,UNITED KINGDOM,2021-04-08,World Health Organization COVID-19 Dashboard,3312.0,GBFiltered.csv
COVID-19,Unspecified,UNITED KINGDOM,2021-04-09,World Health Organization COVID-19 Dashboard,3253.0,GBFiltered.csv
COVID-19,Unspecified,UNITED KINGDOM,2021-04-10,World Health Organization COVID-19 Dashboard,3147.0,GBFiltered.csv
COVID-19,Unspecified,UNITED KINGDOM,2021-04-11,World Health Organization COVID-19 Dashboard,2952.0,GBFiltered.csv
COVID-19,Unspecified,UNITED KINGDOM,2021-04-12,World Health Organization COVID-19 Dashboard,2380.0,GBFiltered.csv
COVID-19,Unspecified,UNITED KINGDOM,2021-04-13,World Health Organization COVID-19 Dashboard,2376.0,GBFiltered.csv
COVID-19,Unspecified,UNITED KINGDOM,2021-04-14,World Health Organization COVID-19 Dashboard,2878.0,GBFiltered.csv
COVID-19,Unspecified,UNITED KINGDOM,2021-04-15,World Health Organization COVID-19 Dashboard,2495.0,GBFiltered.csv
COVID-19,Unspecified,UNITED KINGDOM,2021-04-16,World Health Organization COVID-19 Dashboard,2512.0,GBFiltered.csv
COVID-19,Unspecified,UNITED KINGDOM,2021-04-17,World Health Organization COVID-19 Dashboard,2344.0,GBFiltered.csv
COVID-19,Unspecified,UNITED KINGDOM,2021-04-18,World Health Organization COVID-19 Dashboard,2347.0,GBFiltered.csv
COVID-19,Unspecified,UNITED KINGDOM,2021-04-19,World Health Organization COVID-19 Dashboard,1721.0,GBFiltered.csv
COVID-19,Unspecified,UNITED KINGDOM,2021-04-20,World Health Organization COVID-19 Dashboard,2584.0,GBFiltered.csv
COVID-19,Unspecified,UNITED KINGDOM,2021-04-21,World Health Organization COVID-19 Dashboard,2738.0,GBFiltered.csv
COVID-19,Unspecified,UNITED KINGDOM,2021-04-22,World Health Organization COVID-19 Dashboard,2541.0,GBFiltered.csv
COVID-19,Unspecified,UNITED KINGDOM,2021-04-23,World Health Organization COVID-19 Dashboard,2709.0,GBFiltered.csv
COVID-19,Unspecified,UNITED KINGDOM,2021-04-24,World Health Organization COVID-19 Dashboard,2409.0,GBFiltered.csv
COVID-19,Unspecified,UNITED KINGDOM,2021-04-25,World Health Organization COVID-19 Dashboard,2020.0,GBFiltered.csv
COVID-19,Unspecified,UNITED KINGDOM,2021-04-26,World Health Organization COVID-19 Dashboard,1564.0,GBFiltered.csv
COVID-19,Unspecified,UNITED KINGDOM,2021-04-27,World Health Organization COVID-19 Dashboard,2119.0,GBFiltered.csv
COVID-19,Unspecified,UNITED KINGDOM,2021-04-28,World Health Organization COVID-19 Dashboard,2625.0,GBFiltered.csv
COVID-19,Unspecified,UNITED KINGDOM,2021-04-29,World Health Organization COVID-19 Dashboard,2178.0,GBFiltered.csv
COVID-19,Unspecified,UNITED KINGDOM,2021-04-30,World Health Organization COVID-19 Dashboard,2499.0,GBFiltered.csv
COVID-19,Unspecified,UNITED KINGDOM,2021-05-01,World Health Organization COVID-19 Dashboard,2230.0,GBFiltered.csv
COVID-19,Unspecified,UNITED KINGDOM,2021-05-02,World Health Organization COVID-19 Dashboard,1825.0,GBFiltered.csv
COVID-19,Unspecified,UNITED KINGDOM,2021-05-03,World Health Organization COVID-19 Dashboard,1431.0,GBFiltered.csv
COVID-19,Unspecified,UNITED KINGDOM,2021-05-04,World Health Organization COVID-19 Dashboard,1521.0,GBFiltered.csv
COVID-19,Unspecified,UNITED KINGDOM,2021-05-05,World Health Organization COVID-19 Dashboard,2084.0,GBFiltered.csv
COVID-19,Unspecified,UNITED KINGDOM,2021-05-06,World Health Organization COVID-19 Dashboard,2550.0,GBFiltered.csv
COVID-19,Unspecified,UNITED KINGDOM,2021-05-07,World Health Organization COVID-19 Dashboard,2568.0,GBFiltered.csv
COVID-19,Unspecified,UNITED KINGDOM,2021-05-08,World Health Organization COVID-19 Dashboard,2325.0,GBFiltered.csv
COVID-19,Unspecified,UNITED KINGDOM,2021-05-09,World Health Organization COVID-19 Dashboard,1981.0,GBFiltered.csv
COVID-19,Unspecified,UNITED KINGDOM,2021-05-10,World Health Organization COVID-19 Dashboard,1606.0,GBFiltered.csv
COVID-19,Unspecified,UNITED KINGDOM,2021-05-11,World Health Organization COVID-19 Dashboard,2307.0,GBFiltered.csv
COVID-19,Unspecified,UNITED KINGDOM,2021-05-12,World Health Organization COVID-19 Dashboard,2808.0,GBFiltered.csv
COVID-19,Unspecified,UNITED KINGDOM,2021-05-13,World Health Organization COVID-19 Dashboard,2328.0,GBFiltered.csv
COVID-19,Unspecified,UNITED KINGDOM,2021-05-14,World Health Organization COVID-19 Dashboard,2335.0,GBFiltered.csv
COVID-19,Unspecified,UNITED KINGDOM,2021-05-15,World Health Organization COVID-19 Dashboard,2182.0,GBFiltered.csv
COVID-19,Unspecified,UNITED KINGDOM,2021-05-16,World Health Organization COVID-19 Dashboard,1936.0,GBFiltered.csv
COVID-19,Unspecified,UNITED KINGDOM,2021-05-17,World Health Organization COVID-19 Dashboard,1626.0,GBFiltered.csv
COVID-19,Unspecified,UNITED KINGDOM,2021-05-18,World Health Organization COVID-19 Dashboard,1922.0,GBFiltered.csv
COVID-19,Unspecified,UNITED KINGDOM,2021-05-19,World Health Organization COVID-19 Dashboard,2858.0,GBFiltered.csv
COVID-19,Unspecified,UNITED KINGDOM,2021-05-20,World Health Organization COVID-19 Dashboard,2812.0,GBFiltered.csv
COVID-19,Unspecified,UNITED KINGDOM,2021-05-21,World Health Organization COVID-19 Dashboard,2812.0,GBFiltered.csv
COVID-19,Unspecified,UNITED KINGDOM,2021-05-22,World Health Organization COVID-19 Dashboard,2517.0,GBFiltered.csv
COVID-19,Unspecified,UNITED KINGDOM,2021-05-23,World Health Organization COVID-19 Dashboard,2365.0,GBFiltered.csv
COVID-19,Unspecified,UNITED KINGDOM,2021-05-24,World Health Organization COVID-19 Dashboard,2000.0,GBFiltered.csv
COVID-19,Unspecified,UNITED KINGDOM,2021-05-25,World Health Organization COVID-19 Dashboard,2326.0,GBFiltered.csv
COVID-19,Unspecified,UNITED KINGDOM,2021-05-26,World Health Organization COVID-19 Dashboard,3368.0,GBFiltered.csv
COVID-19,Unspecified,UNITED KINGDOM,2021-05-27,World Health Organization COVID-19 Dashboard,3427.0,GBFiltered.csv
COVID-19,Unspecified,UNITED KINGDOM,2021-05-28,World Health Organization COVID-19 Dashboard,3921.0,GBFiltered.csv
COVID-19,Unspecified,UNITED KINGDOM,2021-05-29,World Health Organization COVID-19 Dashboard,3747.0,GBFiltered.csv
COVID-19,Unspecified,UNITED KINGDOM,2021-05-30,World Health Organization COVID-19 Dashboard,3589.0,GBFiltered.csv
COVID-19,Unspecified,UNITED KINGDOM,2021-05-31,World Health Organization COVID-19 Dashboard,2999.0,GBFiltered.csv
COVID-19,Unspecified,UNITED KINGDOM,2021-06-01,World Health Organization COVID-19 Dashboard,3164.0,GBFiltered.csv
COVID-19,Unspecified,UNITED KINGDOM,2021-06-02,World Health Organization COVID-19 Dashboard,3897.0,GBFiltered.csv
COVID-19,Unspecified,UNITED KINGDOM,2021-06-03,World Health Organization COVID-19 Dashboard,5431.0,GBFiltered.csv
COVID-19,Unspecified,UNITED KINGDOM,2021-06-04,World Health Organization COVID-19 Dashboard,6168.0,GBFiltered.csv
COVID-19,Unspecified,UNITED KINGDOM,2021-06-05,World Health Organization COVID-19 Dashboard,6256.0,GBFiltered.csv
COVID-19,Unspecified,UNITED KINGDOM,2021-06-06,World Health Organization COVID-19 Dashboard,5859.0,GBFiltered.csv
COVID-19,Unspecified,UNITED KINGDOM,2021-06-07,World Health Organization COVID-19 Dashboard,4731.0,GBFiltered.csv
COVID-19,Unspecified,UNITED KINGDOM,2021-06-08,World Health Organization COVID-19 Dashboard,5533.0,GBFiltered.csv
COVID-19,Unspecified,UNITED KINGDOM,2021-06-09,World Health Organization COVID-19 Dashboard,7945.0,GBFiltered.csv
COVID-19,Unspecified,UNITED KINGDOM,2021-06-10,World Health Organization COVID-19 Dashboard,7896.0,GBFiltered.csv
COVID-19,Unspecified,UNITED KINGDOM,2021-06-11,World Health Organization COVID-19 Dashboard,8209.0,GBFiltered.csv
COVID-19,Unspecified,UNITED KINGDOM,2021-06-12,World Health Organization COVID-19 Dashboard,8042.0,GBFiltered.csv
COVID-19,Unspecified,UNITED KINGDOM,2021-06-13,World Health Organization COVID-19 Dashboard,7619.0,GBFiltered.csv
COVID-19,Unspecified,UNITED KINGDOM,2021-06-14,World Health Organization COVID-19 Dashboard,6284.0,GBFiltered.csv
COVID-19,Unspecified,UNITED KINGDOM,2021-06-15,World Health Organization COVID-19 Dashboard,7134.0,GBFiltered.csv
COVID-19,Unspecified,UNITED KINGDOM,2021-06-16,World Health Organization COVID-19 Dashboard,10362.0,GBFiltered.csv
COVID-19,Unspecified,UNITED KINGDOM,2021-06-17,World Health Organization COVID-19 Dashboard,10795.0,GBFiltered.csv
COVID-19,Unspecified,UNITED KINGDOM,2021-06-18,World Health Organization COVID-19 Dashboard,11051.0,GBFiltered.csv
COVID-19,Unspecified,UNITED KINGDOM,2021-06-19,World Health Organization COVID-19 Dashboard,11106.0,GBFiltered.csv
COVID-19,Unspecified,UNITED KINGDOM,2021-06-20,World Health Organization COVID-19 Dashboard,10320.0,GBFiltered.csv
COVID-19,Unspecified,UNITED KINGDOM,2021-06-21,World Health Organization COVID-19 Dashboard,8445.0,GBFiltered.csv
COVID-19,Unspecified,UNITED KINGDOM,2021-06-22,World Health Organization COVID-19 Dashboard,10087.0,GBFiltered.csv
COVID-19,Unspecified,UNITED KINGDOM,2021-06-23,World Health Organization COVID-19 Dashboard,16307.0,GBFiltered.csv
COVID-19,Unspecified,UNITED KINGDOM,2021-06-24,World Health Organization COVID-19 Dashboard,17403.0,GBFiltered.csv
COVID-19,Unspecified,UNITED KINGDOM,2021-06-25,World Health Organization COVID-19 Dashboard,18350.0,GBFiltered.csv
COVID-19,Unspecified,UNITED KINGDOM,2021-06-26,World Health Organization COVID-19 Dashboard,18712.0,GBFiltered.csv
COVID-19,Unspecified,UNITED KINGDOM,2021-06-27,World Health Organization COVID-19 Dashboard,18169.0,GBFiltered.csv
COVID-19,Unspecified,UNITED KINGDOM,2021-06-28,World Health Organization COVID-19 Dashboard,16300.0,GBFiltered.csv
COVID-19,Unspecified,UNITED KINGDOM,2021-06-29,World Health Organization COVID-19 Dashboard,18502.0,GBFiltered.csv
COVID-19,Unspecified,UNITED KINGDOM,2021-06-30,World Health Organization COVID-19 Dashboard,28418.0,GBFiltered.csv
COVID-19,Unspecified,UNITED KINGDOM,2021-07-01,World Health Organization COVID-19 Dashboard,28199.0,GBFiltered.csv
COVID-19,Unspecified,UNITED KINGDOM,2021-07-02,World Health Organization COVID-19 Dashboard,28922.0,GBFiltered.csv
COVID-19,Unspecified,UNITED KINGDOM,2021-07-03,World Health Organization COVID-19 Dashboard,28794.0,GBFiltered.csv
COVID-19,Unspecified,UNITED KINGDOM,2021-07-04,World Health Organization COVID-19 Dashboard,26340.0,GBFiltered.csv
COVID-19,Unspecified,UNITED KINGDOM,2021-07-05,World Health Organization COVID-19 Dashboard,24006.0,GBFiltered.csv
COVID-19,Unspecified,UNITED KINGDOM,2021-07-06,World Health Organization COVID-19 Dashboard,25155.0,GBFiltered.csv
COVID-19,Unspecified,UNITED KINGDOM,2021-07-07,World Health Organization COVID-19 Dashboard,34896.0,GBFiltered.csv
COVID-19,Unspecified,UNITED KINGDOM,2021-07-08,World Health Organization COVID-19 Dashboard,36041.0,GBFiltered.csv
COVID-19,Unspecified,UNITED KINGDOM,2021-07-09,World Health Organization COVID-19 Dashboard,38593.0,GBFiltered.csv
COVID-19,Unspecified,UNITED KINGDOM,2021-07-10,World Health Organization COVID-19 Dashboard,33999.0,GBFiltered.csv
COVID-19,Unspecified,UNITED KINGDOM,2021-07-11,World Health Organization COVID-19 Dashboard,32799.0,GBFiltered.csv
COVID-19,Unspecified,UNITED KINGDOM,2021-07-12,World Health Organization COVID-19 Dashboard,28373.0,GBFiltered.csv
COVID-19,Unspecified,UNITED KINGDOM,2021-07-13,World Health Organization COVID-19 Dashboard,30502.0,GBFiltered.csv
COVID-19,Unspecified,UNITED KINGDOM,2021-07-14,World Health Organization COVID-19 Dashboard,44505.0,GBFiltered.csv
COVID-19,Unspecified,UNITED KINGDOM,2021-07-15,World Health Organization COVID-19 Dashboard,47702.0,GBFiltered.csv
COVID-19,Unspecified,UNITED KINGDOM,2021-07-16,World Health Organization COVID-19 Dashboard,54908.0,GBFiltered.csv
COVID-19,Unspecified,UNITED KINGDOM,2021-07-17,World Health Organization COVID-19 Dashboard,61996.0,GBFiltered.csv
COVID-19,Unspecified,UNITED KINGDOM,2021-07-18,World Health Organization COVID-19 Dashboard,55262.0,GBFiltered.csv
COVID-19,Unspecified,UNITED KINGDOM,2021-07-19,World Health Organization COVID-19 Dashboard,38473.0,GBFiltered.csv
COVID-19,Unspecified,UNITED KINGDOM,2021-07-20,World Health Organization COVID-19 Dashboard,36180.0,GBFiltered.csv
COVID-19,Unspecified,UNITED KINGDOM,2021-07-21,World Health Organization COVID-19 Dashboard,47910.0,GBFiltered.csv
COVID-19,Unspecified,UNITED KINGDOM,2021-07-22,World Health Organization COVID-19 Dashboard,39869.0,GBFiltered.csv
COVID-19,Unspecified,UNITED KINGDOM,2021-07-23,World Health Organization COVID-19 Dashboard,35535.0,GBFiltered.csv
COVID-19,Unspecified,UNITED KINGDOM,2021-07-24,World Health Organization COVID-19 Dashboard,31274.0,GBFiltered.csv
COVID-19,Unspecified,UNITED KINGDOM,2021-07-25,World Health Organization COVID-19 Dashboard,27764.0,GBFiltered.csv
COVID-19,Unspecified,UNITED KINGDOM,2021-07-26,World Health Organization COVID-19 Dashboard,22848.0,GBFiltered.csv
COVID-19,Unspecified,UNITED KINGDOM,2021-07-27,World Health Organization COVID-19 Dashboard,22172.0,GBFiltered.csv
COVID-19,Unspecified,UNITED KINGDOM,2021-07-28,World Health Organization COVID-19 Dashboard,29977.0,GBFiltered.csv
COVID-19,Unspecified,UNITED KINGDOM,2021-07-29,World Health Organization COVID-19 Dashboard,29574.0,GBFiltered.csv
COVID-19,Unspecified,UNITED KINGDOM,2021-07-30,World Health Organization COVID-19 Dashboard,30235.0,GBFiltered.csv
COVID-19,Unspecified,UNITED KINGDOM,2021-07-31,World Health Organization COVID-19 Dashboard,28429.0,GBFiltered.csv
COVID-19,Unspecified,CHINA,2020-01-04,World Health Organization COVID-19 Dashboard,1.0,CNFiltered.csv
COVID-19,Unspecified,CHINA,2020-01-05,World Health Organization COVID-19 Dashboard,0.0,CNFiltered.csv
COVID-19,Unspecified,CHINA,2020-01-06,World Health Organization COVID-19 Dashboard,3.0,CNFiltered.csv
COVID-19,Unspecified,CHINA,2020-01-07,World Health Organization COVID-19 Dashboard,0.0,CNFiltered.csv
COVID-19,Unspecified,CHINA,2020-01-08,World Health Organization COVID-19 Dashboard,0.0,CNFiltered.csv
COVID-19,Unspecified,CHINA,2020-01-09,World Health Organization COVID-19 Dashboard,0.0,CNFiltered.csv
COVID-19,Unspecified,CHINA,2020-01-10,World Health Organization COVID-19 Dashboard,0.0,CNFiltered.csv
COVID-19,Unspecified,CHINA,2020-01-11,World Health Organization COVID-19 Dashboard,0.0,CNFiltered.csv
COVID-19,Unspecified,CHINA,2020-01-12,World Health Organization COVID-19 Dashboard,41.0,CNFiltered.csv
COVID-19,Unspecified,CHINA,2020-01-13,World Health Organization COVID-19 Dashboard,0.0,CNFiltered.csv
COVID-19,Unspecified,CHINA,2020-01-14,World Health Organization COVID-19 Dashboard,0.0,CNFiltered.csv
COVID-19,Unspecified,CHINA,2020-01-15,World Health Organization COVID-19 Dashboard,0.0,CNFiltered.csv
COVID-19,Unspecified,CHINA,2020-01-16,World Health Organization COVID-19 Dashboard,0.0,CNFiltered.csv
COVID-19,Unspecified,CHINA,2020-01-17,World Health Organization COVID-19 Dashboard,4.0,CNFiltered.csv
COVID-19,Unspecified,CHINA,2020-01-18,World Health Organization COVID-19 Dashboard,0.0,CNFiltered.csv
COVID-19,Unspecified,CHINA,2020-01-19,World Health Organization COVID-19 Dashboard,76.0,CNFiltered.csv
COVID-19,Unspecified,CHINA,2020-01-20,World Health Organization COVID-19 Dashboard,77.0,CNFiltered.csv
COVID-19,Unspecified,CHINA,2020-01-21,World Health Organization COVID-19 Dashboard,93.0,CNFiltered.csv
COVID-19,Unspecified,CHINA,2020-01-22,World Health Organization COVID-19 Dashboard,147.0,CNFiltered.csv
COVID-19,Unspecified,CHINA,2020-01-23,World Health Organization COVID-19 Dashboard,132.0,CNFiltered.csv
COVID-19,Unspecified,CHINA,2020-01-24,World Health Organization COVID-19 Dashboard,261.0,CNFiltered.csv
COVID-19,Unspecified,CHINA,2020-01-25,World Health Organization COVID-19 Dashboard,462.0,CNFiltered.csv
COVID-19,Unspecified,CHINA,2020-01-26,World Health Organization COVID-19 Dashboard,688.0,CNFiltered.csv
COVID-19,Unspecified,CHINA,2020-01-27,World Health Organization COVID-19 Dashboard,776.0,CNFiltered.csv
COVID-19,Unspecified,CHINA,2020-01-28,World Health Organization COVID-19 Dashboard,1772.0,CNFiltered.csv
COVID-19,Unspecified,CHINA,2020-01-29,World Health Organization COVID-19 Dashboard,1464.0,CNFiltered.csv
COVID-19,Unspecified,CHINA,2020-01-30,World Health Organization COVID-19 Dashboard,1739.0,CNFiltered.csv
COVID-19,Unspecified,CHINA,2020-01-31,World Health Organization COVID-19 Dashboard,1984.0,CNFiltered.csv
COVID-19,Unspecified,CHINA,2020-02-01,World Health Organization COVID-19 Dashboard,2101.0,CNFiltered.csv
COVID-19,Unspecified,CHINA,2020-02-02,World Health Organization COVID-19 Dashboard,2590.0,CNFiltered.csv
COVID-19,Unspecified,CHINA,2020-02-03,World Health Organization COVID-19 Dashboard,2827.0,CNFiltered.csv
COVID-19,Unspecified,CHINA,2020-02-04,World Health Organization COVID-19 Dashboard,3233.0,CNFiltered.csv
COVID-19,Unspecified,CHINA,2020-02-05,World Health Organization COVID-19 Dashboard,3892.0,CNFiltered.csv
COVID-19,Unspecified,CHINA,2020-02-06,World Health Organization COVID-19 Dashboard,3697.0,CNFiltered.csv
COVID-19,Unspecified,CHINA,2020-02-07,World Health Organization COVID-19 Dashboard,3151.0,CNFiltered.csv
COVID-19,Unspecified,CHINA,2020-02-08,World Health Organization COVID-19 Dashboard,3387.0,CNFiltered.csv
COVID-19,Unspecified,CHINA,2020-02-09,World Health Organization COVID-19 Dashboard,2653.0,CNFiltered.csv
COVID-19,Unspecified,CHINA,2020-02-10,World Health Organization COVID-19 Dashboard,2984.0,CNFiltered.csv
COVID-19,Unspecified,CHINA,2020-02-11,World Health Organization COVID-19 Dashboard,2473.0,CNFiltered.csv
COVID-19,Unspecified,CHINA,2020-02-12,World Health Organization COVID-19 Dashboard,2022.0,CNFiltered.csv
COVID-19,Unspecified,CHINA,2020-02-13,World Health Organization COVID-19 Dashboard,15152.0,CNFiltered.csv
COVID-19,Unspecified,CHINA,2020-02-14,World Health Organization COVID-19 Dashboard,4050.0,CNFiltered.csv
COVID-19,Unspecified,CHINA,2020-02-15,World Health Organization COVID-19 Dashboard,2644.0,CNFiltered.csv
COVID-19,Unspecified,CHINA,2020-02-16,World Health Organization COVID-19 Dashboard,2008.0,CNFiltered.csv
COVID-19,Unspecified,CHINA,2020-02-17,World Health Organization COVID-19 Dashboard,2051.0,CNFiltered.csv
COVID-19,Unspecified,CHINA,2020-02-18,World Health Organization COVID-19 Dashboard,1893.0,CNFiltered.csv
COVID-19,Unspecified,CHINA,2020-02-19,World Health Organization COVID-19 Dashboard,1750.0,CNFiltered.csv
COVID-19,Unspecified,CHINA,2020-02-20,World Health Organization COVID-19 Dashboard,397.0,CNFiltered.csv
COVID-19,Unspecified,CHINA,2020-02-21,World Health Organization COVID-19 Dashboard,893.0,CNFiltered.csv
COVID-19,Unspecified,CHINA,2020-02-22,World Health Organization COVID-19 Dashboard,825.0,CNFiltered.csv
COVID-19,Unspecified,CHINA,2020-02-23,World Health Organization COVID-19 Dashboard,649.0,CNFiltered.csv
COVID-19,Unspecified,CHINA,2020-02-24,World Health Organization COVID-19 Dashboard,220.0,CNFiltered.csv
COVID-19,Unspecified,CHINA,2020-02-25,World Health Organization COVID-19 Dashboard,517.0,CNFiltered.csv
COVID-19,Unspecified,CHINA,2020-02-26,World Health Organization COVID-19 Dashboard,411.0,CNFiltered.csv
COVID-19,Unspecified,CHINA,2020-02-27,World Health Organization COVID-19 Dashboard,440.0,CNFiltered.csv
COVID-19,Unspecified,CHINA,2020-02-28,World Health Organization COVID-19 Dashboard,329.0,CNFiltered.csv
COVID-19,Unspecified,CHINA,2020-02-29,World Health Organization COVID-19 Dashboard,430.0,CNFiltered.csv
COVID-19,Unspecified,CHINA,2020-03-01,World Health Organization COVID-19 Dashboard,579.0,CNFiltered.csv
COVID-19,Unspecified,CHINA,2020-03-02,World Health Organization COVID-19 Dashboard,206.0,CNFiltered.csv
COVID-19,Unspecified,CHINA,2020-03-03,World Health Organization COVID-19 Dashboard,128.0,CNFiltered.csv
COVID-19,Unspecified,CHINA,2020-03-04,World Health Organization COVID-19 Dashboard,120.0,CNFiltered.csv
COVID-19,Unspecified,CHINA,2020-03-05,World Health Organization COVID-19 Dashboard,143.0,CNFiltered.csv
COVID-19,Unspecified,CHINA,2020-03-06,World Health Organization COVID-19 Dashboard,145.0,CNFiltered.csv
COVID-19,Unspecified,CHINA,2020-03-07,World Health Organization COVID-19 Dashboard,103.0,CNFiltered.csv
COVID-19,Unspecified,CHINA,2020-03-08,World Health Organization COVID-19 Dashboard,46.0,CNFiltered.csv
COVID-19,Unspecified,CHINA,2020-03-09,World Health Organization COVID-19 Dashboard,45.0,CNFiltered.csv
COVID-19,Unspecified,CHINA,2020-03-10,World Health Organization COVID-19 Dashboard,20.0,CNFiltered.csv
COVID-19,Unspecified,CHINA,2020-03-11,World Health Organization COVID-19 Dashboard,31.0,CNFiltered.csv
COVID-19,Unspecified,CHINA,2020-03-12,World Health Organization COVID-19 Dashboard,25.0,CNFiltered.csv
COVID-19,Unspecified,CHINA,2020-03-13,World Health Organization COVID-19 Dashboard,11.0,CNFiltered.csv
COVID-19,Unspecified,CHINA,2020-03-14,World Health Organization COVID-19 Dashboard,30.0,CNFiltered.csv
COVID-19,Unspecified,CHINA,2020-03-15,World Health Organization COVID-19 Dashboard,27.0,CNFiltered.csv
COVID-19,Unspecified,CHINA,2020-03-16,World Health Organization COVID-19 Dashboard,29.0,CNFiltered.csv
COVID-19,Unspecified,CHINA,2020-03-17,World Health Organization COVID-19 Dashboard,40.0,CNFiltered.csv
COVID-19,Unspecified,CHINA,2020-03-18,World Health Organization COVID-19 Dashboard,34.0,CNFiltered.csv
COVID-19,Unspecified,CHINA,2020-03-19,World Health Organization COVID-19 Dashboard,86.0,CNFiltered.csv
COVID-19,Unspecified,CHINA,2020-03-20,World Health Organization COVID-19 Dashboard,63.0,CNFiltered.csv
COVID-19,Unspecified,CHINA,2020-03-21,World Health Organization COVID-19 Dashboard,116.0,CNFiltered.csv
COVID-19,Unspecified,CHINA,2020-03-22,World Health Organization COVID-19 Dashboard,82.0,CNFiltered.csv
COVID-19,Unspecified,CHINA,2020-03-23,World Health Organization COVID-19 Dashboard,103.0,CNFiltered.csv
COVID-19,Unspecified,CHINA,2020-03-24,World Health Organization COVID-19 Dashboard,146.0,CNFiltered.csv
COVID-19,Unspecified,CHINA,2020-03-25,World Health Organization COVID-19 Dashboard,101.0,CNFiltered.csv
COVID-19,Unspecified,CHINA,2020-03-26,World Health Organization COVID-19 Dashboard,113.0,CNFiltered.csv
COVID-19,Unspecified,CHINA,2020-03-27,World Health Organization COVID-19 Dashboard,117.0,CNFiltered.csv
COVID-19,Unspecified,CHINA,2020-03-28,World Health Organization COVID-19 Dashboard,135.0,CNFiltered.csv
COVID-19,Unspecified,CHINA,2020-03-29,World Health Organization COVID-19 Dashboard,128.0,CNFiltered.csv
COVID-19,Unspecified,CHINA,2020-03-30,World Health Organization COVID-19 Dashboard,106.0,CNFiltered.csv
COVID-19,Unspecified,CHINA,2020-03-31,World Health Organization COVID-19 Dashboard,98.0,CNFiltered.csv
COVID-19,Unspecified,CHINA,2020-04-01,World Health Organization COVID-19 Dashboard,86.0,CNFiltered.csv
COVID-19,Unspecified,CHINA,2020-04-02,World Health Organization COVID-19 Dashboard,93.0,CNFiltered.csv
COVID-19,Unspecified,CHINA,2020-04-03,World Health Organization COVID-19 Dashboard,78.0,CNFiltered.csv
COVID-19,Unspecified,CHINA,2020-04-04,World Health Organization COVID-19 Dashboard,73.0,CNFiltered.csv
COVID-19,Unspecified,CHINA,2020-04-05,World Health Organization COVID-19 Dashboard,55.0,CNFiltered.csv
COVID-19,Unspecified,CHINA,2020-04-06,World Health Organization COVID-19 Dashboard,75.0,CNFiltered.csv
COVID-19,Unspecified,CHINA,2020-04-07,World Health Organization COVID-19 Dashboard,67.0,CNFiltered.csv
COVID-19,Unspecified,CHINA,2020-04-08,World Health Organization COVID-19 Dashboard,85.0,CNFiltered.csv
COVID-19,Unspecified,CHINA,2020-04-09,World Health Organization COVID-19 Dashboard,92.0,CNFiltered.csv
COVID-19,Unspecified,CHINA,2020-04-10,World Health Organization COVID-19 Dashboard,56.0,CNFiltered.csv
COVID-19,Unspecified,CHINA,2020-04-11,World Health Organization COVID-19 Dashboard,64.0,CNFiltered.csv
COVID-19,Unspecified,CHINA,2020-04-12,World Health Organization COVID-19 Dashboard,113.0,CNFiltered.csv
COVID-19,Unspecified,CHINA,2020-04-13,World Health Organization COVID-19 Dashboard,115.0,CNFiltered.csv
COVID-19,Unspecified,CHINA,2020-04-14,World Health Organization COVID-19 Dashboard,99.0,CNFiltered.csv
COVID-19,Unspecified,CHINA,2020-04-15,World Health Organization COVID-19 Dashboard,49.0,CNFiltered.csv
COVID-19,Unspecified,CHINA,2020-04-16,World Health Organization COVID-19 Dashboard,52.0,CNFiltered.csv
COVID-19,Unspecified,CHINA,2020-04-17,World Health Organization COVID-19 Dashboard,27.0,CNFiltered.csv
COVID-19,Unspecified,CHINA,2020-04-18,World Health Organization COVID-19 Dashboard,356.0,CNFiltered.csv
COVID-19,Unspecified,CHINA,2020-04-19,World Health Organization COVID-19 Dashboard,21.0,CNFiltered.csv
COVID-19,Unspecified,CHINA,2020-04-20,World Health Organization COVID-19 Dashboard,36.0,CNFiltered.csv
COVID-19,Unspecified,CHINA,2020-04-21,World Health Organization COVID-19 Dashboard,13.0,CNFiltered.csv
COVID-19,Unspecified,CHINA,2020-04-22,World Health Organization COVID-19 Dashboard,37.0,CNFiltered.csv
COVID-19,Unspecified,CHINA,2020-04-23,World Health Organization COVID-19 Dashboard,15.0,CNFiltered.csv
COVID-19,Unspecified,CHINA,2020-04-24,World Health Organization COVID-19 Dashboard,9.0,CNFiltered.csv
COVID-19,Unspecified,CHINA,2020-04-25,World Health Organization COVID-19 Dashboard,13.0,CNFiltered.csv
COVID-19,Unspecified,CHINA,2020-04-26,World Health Organization COVID-19 Dashboard,14.0,CNFiltered.csv
COVID-19,Unspecified,CHINA,2020-04-27,World Health Organization COVID-19 Dashboard,3.0,CNFiltered.csv
COVID-19,Unspecified,CHINA,2020-04-28,World Health Organization COVID-19 Dashboard,6.0,CNFiltered.csv
COVID-19,Unspecified,CHINA,2020-04-29,World Health Organization COVID-19 Dashboard,22.0,CNFiltered.csv
COVID-19,Unspecified,CHINA,2020-04-30,World Health Organization COVID-19 Dashboard,4.0,CNFiltered.csv
COVID-19,Unspecified,CHINA,2020-05-01,World Health Organization COVID-19 Dashboard,12.0,CNFiltered.csv
COVID-19,Unspecified,CHINA,2020-05-02,World Health Organization COVID-19 Dashboard,3.0,CNFiltered.csv
COVID-19,Unspecified,CHINA,2020-05-03,World Health Organization COVID-19 Dashboard,5.0,CNFiltered.csv
COVID-19,Unspecified,CHINA,2020-05-04,World Health Organization COVID-19 Dashboard,7.0,CNFiltered.csv
COVID-19,Unspecified,CHINA,2020-05-05,World Health Organization COVID-19 Dashboard,4.0,CNFiltered.csv
COVID-19,Unspecified,CHINA,2020-05-06,World Health Organization COVID-19 Dashboard,2.0,CNFiltered.csv
COVID-19,Unspecified,CHINA,2020-05-07,World Health Organization COVID-19 Dashboard,3.0,CNFiltered.csv
COVID-19,Unspecified,CHINA,2020-05-08,World Health Organization COVID-19 Dashboard,6.0,CNFiltered.csv
COVID-19,Unspecified,CHINA,2020-05-09,World Health Organization COVID-19 Dashboard,1.0,CNFiltered.csv
COVID-19,Unspecified,CHINA,2020-05-10,World Health Organization COVID-19 Dashboard,14.0,CNFiltered.csv
COVID-19,Unspecified,CHINA,2020-05-11,World Health Organization COVID-19 Dashboard,20.0,CNFiltered.csv
COVID-19,Unspecified,CHINA,2020-05-12,World Health Organization COVID-19 Dashboard,1.0,CNFiltered.csv
COVID-19,Unspecified,CHINA,2020-05-13,World Health Organization COVID-19 Dashboard,7.0,CNFiltered.csv
COVID-19,Unspecified,CHINA,2020-05-14,World Health Organization COVID-19 Dashboard,6.0,CNFiltered.csv
COVID-19,Unspecified,CHINA,2020-05-15,World Health Organization COVID-19 Dashboard,5.0,CNFiltered.csv
COVID-19,Unspecified,CHINA,2020-05-16,World Health Organization COVID-19 Dashboard,9.0,CNFiltered.csv
COVID-19,Unspecified,CHINA,2020-05-17,World Health Organization COVID-19 Dashboard,6.0,CNFiltered.csv
COVID-19,Unspecified,CHINA,2020-05-18,World Health Organization COVID-19 Dashboard,10.0,CNFiltered.csv
COVID-19,Unspecified,CHINA,2020-05-19,World Health Organization COVID-19 Dashboard,6.0,CNFiltered.csv
COVID-19,Unspecified,CHINA,2020-05-20,World Health Organization COVID-19 Dashboard,5.0,CNFiltered.csv
COVID-19,Unspecified,CHINA,2020-05-21,World Health Organization COVID-19 Dashboard,2.0,CNFiltered.csv
COVID-19,Unspecified,CHINA,2020-05-22,World Health Organization COVID-19 Dashboard,13.0,CNFiltered.csv
COVID-19,Unspecified,CHINA,2020-05-23,World Health Organization COVID-19 Dashboard,2.0,CNFiltered.csv
COVID-19,Unspecified,CHINA,2020-05-24,World Health Organization COVID-19 Dashboard,3.0,CNFiltered.csv
COVID-19,Unspecified,CHINA,2020-05-25,World Health Organization COVID-19 Dashboard,11.0,CNFiltered.csv
COVID-19,Unspecified,CHINA,2020-05-26,World Health Organization COVID-19 Dashboard,7.0,CNFiltered.csv
COVID-19,Unspecified,CHINA,2020-05-27,World Health Organization COVID-19 Dashboard,1.0,CNFiltered.csv
COVID-19,Unspecified,CHINA,2020-05-28,World Health Organization COVID-19 Dashboard,3.0,CNFiltered.csv
COVID-19,Unspecified,CHINA,2020-05-29,World Health Organization COVID-19 Dashboard,0.0,CNFiltered.csv
COVID-19,Unspecified,CHINA,2020-05-30,World Health Organization COVID-19 Dashboard,18.0,CNFiltered.csv
COVID-19,Unspecified,CHINA,2020-05-31,World Health Organization COVID-19 Dashboard,5.0,CNFiltered.csv
COVID-19,Unspecified,CHINA,2020-06-01,World Health Organization COVID-19 Dashboard,18.0,CNFiltered.csv
COVID-19,Unspecified,CHINA,2020-06-02,World Health Organization COVID-19 Dashboard,9.0,CNFiltered.csv
COVID-19,Unspecified,CHINA,2020-06-03,World Health Organization COVID-19 Dashboard,5.0,CNFiltered.csv
COVID-19,Unspecified,CHINA,2020-06-04,World Health Organization COVID-19 Dashboard,1.0,CNFiltered.csv
COVID-19,Unspecified,CHINA,2020-06-05,World Health Organization COVID-19 Dashboard,11.0,CNFiltered.csv
COVID-19,Unspecified,CHINA,2020-06-06,World Health Organization COVID-19 Dashboard,6.0,CNFiltered.csv
COVID-19,Unspecified,CHINA,2020-06-07,World Health Organization COVID-19 Dashboard,9.0,CNFiltered.csv
COVID-19,Unspecified,CHINA,2020-06-08,World Health Organization COVID-19 Dashboard,5.0,CNFiltered.csv
COVID-19,Unspecified,CHINA,2020-06-09,World Health Organization COVID-19 Dashboard,1.0,CNFiltered.csv
COVID-19,Unspecified,CHINA,2020-06-10,World Health Organization COVID-19 Dashboard,6.0,CNFiltered.csv
COVID-19,Unspecified,CHINA,2020-06-11,World Health Organization COVID-19 Dashboard,11.0,CNFiltered.csv
COVID-19,Unspecified,CHINA,2020-06-12,World Health Organization COVID-19 Dashboard,7.0,CNFiltered.csv
COVID-19,Unspecified,CHINA,2020-06-13,World Health Organization COVID-19 Dashboard,12.0,CNFiltered.csv
COVID-19,Unspecified,CHINA,2020-06-14,World Health Organization COVID-19 Dashboard,58.0,CNFiltered.csv
COVID-19,Unspecified,CHINA,2020-06-15,World Health Organization COVID-19 Dashboard,49.0,CNFiltered.csv
COVID-19,Unspecified,CHINA,2020-06-16,World Health Organization COVID-19 Dashboard,45.0,CNFiltered.csv
COVID-19,Unspecified,CHINA,2020-06-17,World Health Organization COVID-19 Dashboard,44.0,CNFiltered.csv
COVID-19,Unspecified,CHINA,2020-06-18,World Health Organization COVID-19 Dashboard,36.0,CNFiltered.csv
COVID-19,Unspecified,CHINA,2020-06-19,World Health Organization COVID-19 Dashboard,37.0,CNFiltered.csv
COVID-19,Unspecified,CHINA,2020-06-20,World Health Organization COVID-19 Dashboard,30.0,CNFiltered.csv
COVID-19,Unspecified,CHINA,2020-06-21,World Health Organization COVID-19 Dashboard,27.0,CNFiltered.csv
COVID-19,Unspecified,CHINA,2020-06-22,World Health Organization COVID-19 Dashboard,21.0,CNFiltered.csv
COVID-19,Unspecified,CHINA,2020-06-23,World Health Organization COVID-19 Dashboard,52.0,CNFiltered.csv
COVID-19,Unspecified,CHINA,2020-06-24,World Health Organization COVID-19 Dashboard,28.0,CNFiltered.csv
COVID-19,Unspecified,CHINA,2020-06-25,World Health Organization COVID-19 Dashboard,21.0,CNFiltered.csv
COVID-19,Unspecified,CHINA,2020-06-26,World Health Organization COVID-19 Dashboard,29.0,CNFiltered.csv
COVID-19,Unspecified,CHINA,2020-06-27,World Health Organization COVID-19 Dashboard,24.0,CNFiltered.csv
COVID-19,Unspecified,CHINA,2020-06-28,World Health Organization COVID-19 Dashboard,18.0,CNFiltered.csv
COVID-19,Unspecified,CHINA,2020-06-29,World Health Organization COVID-19 Dashboard,14.0,CNFiltered.csv
COVID-19,Unspecified,CHINA,2020-06-30,World Health Organization COVID-19 Dashboard,23.0,CNFiltered.csv
COVID-19,Unspecified,CHINA,2020-07-01,World Health Organization COVID-19 Dashboard,5.0,CNFiltered.csv
COVID-19,Unspecified,CHINA,2020-07-02,World Health Organization COVID-19 Dashboard,31.0,CNFiltered.csv
COVID-19,Unspecified,CHINA,2020-07-03,World Health Organization COVID-19 Dashboard,15.0,CNFiltered.csv
COVID-19,Unspecified,CHINA,2020-07-04,World Health Organization COVID-19 Dashboard,9.0,CNFiltered.csv
COVID-19,Unspecified,CHINA,2020-07-05,World Health Organization COVID-19 Dashboard,19.0,CNFiltered.csv
COVID-19,Unspecified,CHINA,2020-07-06,World Health Organization COVID-19 Dashboard,14.0,CNFiltered.csv
COVID-19,Unspecified,CHINA,2020-07-07,World Health Organization COVID-19 Dashboard,25.0,CNFiltered.csv
COVID-19,Unspecified,CHINA,2020-07-08,World Health Organization COVID-19 Dashboard,21.0,CNFiltered.csv
COVID-19,Unspecified,CHINA,2020-07-09,World Health Organization COVID-19 Dashboard,33.0,CNFiltered.csv
COVID-19,Unspecified,CHINA,2020-07-10,World Health Organization COVID-19 Dashboard,46.0,CNFiltered.csv
COVID-19,Unspecified,CHINA,2020-07-11,World Health Organization COVID-19 Dashboard,42.0,CNFiltered.csv
COVID-19,Unspecified,CHINA,2020-07-12,World Health Organization COVID-19 Dashboard,35.0,CNFiltered.csv
COVID-19,Unspecified,CHINA,2020-07-13,World Health Organization COVID-19 Dashboard,46.0,CNFiltered.csv
COVID-19,Unspecified,CHINA,2020-07-14,World Health Organization COVID-19 Dashboard,55.0,CNFiltered.csv
COVID-19,Unspecified,CHINA,2020-07-15,World Health Organization COVID-19 Dashboard,54.0,CNFiltered.csv
COVID-19,Unspecified,CHINA,2020-07-16,World Health Organization COVID-19 Dashboard,20.0,CNFiltered.csv
COVID-19,Unspecified,CHINA,2020-07-17,World Health Organization COVID-19 Dashboard,78.0,CNFiltered.csv
COVID-19,Unspecified,CHINA,2020-07-18,World Health Organization COVID-19 Dashboard,82.0,CNFiltered.csv
COVID-19,Unspecified,CHINA,2020-07-19,World Health Organization COVID-19 Dashboard,80.0,CNFiltered.csv
COVID-19,Unspecified,CHINA,2020-07-20,World Health Organization COVID-19 Dashboard,131.0,CNFiltered.csv
COVID-19,Unspecified,CHINA,2020-07-21,World Health Organization COVID-19 Dashboard,84.0,CNFiltered.csv
COVID-19,Unspecified,CHINA,2020-07-22,World Health Organization COVID-19 Dashboard,74.0,CNFiltered.csv
COVID-19,Unspecified,CHINA,2020-07-23,World Health Organization COVID-19 Dashboard,135.0,CNFiltered.csv
COVID-19,Unspecified,CHINA,2020-07-24,World Health Organization COVID-19 Dashboard,139.0,CNFiltered.csv
COVID-19,Unspecified,CHINA,2020-07-25,World Health Organization COVID-19 Dashboard,160.0,CNFiltered.csv
COVID-19,Unspecified,CHINA,2020-07-26,World Health Organization COVID-19 Dashboard,179.0,CNFiltered.csv
COVID-19,Unspecified,CHINA,2020-07-27,World Health Organization COVID-19 Dashboard,189.0,CNFiltered.csv
COVID-19,Unspecified,CHINA,2020-07-28,World Health Organization COVID-19 Dashboard,217.0,CNFiltered.csv
COVID-19,Unspecified,CHINA,2020-07-29,World Health Organization COVID-19 Dashboard,212.0,CNFiltered.csv
COVID-19,Unspecified,CHINA,2020-07-30,World Health Organization COVID-19 Dashboard,223.0,CNFiltered.csv
COVID-19,Unspecified,CHINA,2020-07-31,World Health Organization COVID-19 Dashboard,276.0,CNFiltered.csv
COVID-19,Unspecified,CHINA,2020-08-01,World Health Organization COVID-19 Dashboard,166.0,CNFiltered.csv
COVID-19,Unspecified,CHINA,2020-08-02,World Health Organization COVID-19 Dashboard,180.0,CNFiltered.csv
COVID-19,Unspecified,CHINA,2020-08-03,World Health Organization COVID-19 Dashboard,158.0,CNFiltered.csv
COVID-19,Unspecified,CHINA,2020-08-04,World Health Organization COVID-19 Dashboard,114.0,CNFiltered.csv
COVID-19,Unspecified,CHINA,2020-08-05,World Health Organization COVID-19 Dashboard,108.0,CNFiltered.csv
COVID-19,Unspecified,CHINA,2020-08-06,World Health Organization COVID-19 Dashboard,122.0,CNFiltered.csv
COVID-19,Unspecified,CHINA,2020-08-07,World Health Organization COVID-19 Dashboard,133.0,CNFiltered.csv
COVID-19,Unspecified,CHINA,2020-08-08,World Health Organization COVID-19 Dashboard,120.0,CNFiltered.csv
COVID-19,Unspecified,CHINA,2020-08-09,World Health Organization COVID-19 Dashboard,92.0,CNFiltered.csv
COVID-19,Unspecified,CHINA,2020-08-10,World Health Organization COVID-19 Dashboard,121.0,CNFiltered.csv
COVID-19,Unspecified,CHINA,2020-08-11,World Health Organization COVID-19 Dashboard,113.0,CNFiltered.csv
COVID-19,Unspecified,CHINA,2020-08-12,World Health Organization COVID-19 Dashboard,61.0,CNFiltered.csv
COVID-19,Unspecified,CHINA,2020-08-13,World Health Organization COVID-19 Dashboard,82.0,CNFiltered.csv
COVID-19,Unspecified,CHINA,2020-08-14,World Health Organization COVID-19 Dashboard,99.0,CNFiltered.csv
COVID-19,Unspecified,CHINA,2020-08-15,World Health Organization COVID-19 Dashboard,70.0,CNFiltered.csv
COVID-19,Unspecified,CHINA,2020-08-16,World Health Organization COVID-19 Dashboard,66.0,CNFiltered.csv
COVID-19,Unspecified,CHINA,2020-08-17,World Health Organization COVID-19 Dashboard,98.0,CNFiltered.csv
COVID-19,Unspecified,CHINA,2020-08-18,World Health Organization COVID-19 Dashboard,67.0,CNFiltered.csv
COVID-19,Unspecified,CHINA,2020-08-19,World Health Organization COVID-19 Dashboard,54.0,CNFiltered.csv
COVID-19,Unspecified,CHINA,2020-08-20,World Health Organization COVID-19 Dashboard,33.0,CNFiltered.csv
COVID-19,Unspecified,CHINA,2020-08-21,World Health Organization COVID-19 Dashboard,40.0,CNFiltered.csv
COVID-19,Unspecified,CHINA,2020-08-22,World Health Organization COVID-19 Dashboard,50.0,CNFiltered.csv
COVID-19,Unspecified,CHINA,2020-08-23,World Health Organization COVID-19 Dashboard,38.0,CNFiltered.csv
COVID-19,Unspecified,CHINA,2020-08-24,World Health Organization COVID-19 Dashboard,41.0,CNFiltered.csv
COVID-19,Unspecified,CHINA,2020-08-25,World Health Organization COVID-19 Dashboard,23.0,CNFiltered.csv
COVID-19,Unspecified,CHINA,2020-08-26,World Health Organization COVID-19 Dashboard,34.0,CNFiltered.csv
COVID-19,Unspecified,CHINA,2020-08-27,World Health Organization COVID-19 Dashboard,32.0,CNFiltered.csv
COVID-19,Unspecified,CHINA,2020-08-28,World Health Organization COVID-19 Dashboard,30.0,CNFiltered.csv
COVID-19,Unspecified,CHINA,2020-08-29,World Health Organization COVID-19 Dashboard,22.0,CNFiltered.csv
COVID-19,Unspecified,CHINA,2020-08-30,World Health Organization COVID-19 Dashboard,28.0,CNFiltered.csv
COVID-19,Unspecified,CHINA,2020-08-31,World Health Organization COVID-19 Dashboard,32.0,CNFiltered.csv
COVID-19,Unspecified,CHINA,2020-09-01,World Health Organization COVID-19 Dashboard,19.0,CNFiltered.csv
COVID-19,Unspecified,CHINA,2020-09-02,World Health Organization COVID-19 Dashboard,20.0,CNFiltered.csv
COVID-19,Unspecified,CHINA,2020-09-03,World Health Organization COVID-19 Dashboard,20.0,CNFiltered.csv
COVID-19,Unspecified,CHINA,2020-09-04,World Health Organization COVID-19 Dashboard,33.0,CNFiltered.csv
COVID-19,Unspecified,CHINA,2020-09-05,World Health Organization COVID-19 Dashboard,23.0,CNFiltered.csv
COVID-19,Unspecified,CHINA,2020-09-06,World Health Organization COVID-19 Dashboard,19.0,CNFiltered.csv
COVID-19,Unspecified,CHINA,2020-09-07,World Health Organization COVID-19 Dashboard,34.0,CNFiltered.csv
COVID-19,Unspecified,CHINA,2020-09-08,World Health Organization COVID-19 Dashboard,22.0,CNFiltered.csv
COVID-19,Unspecified,CHINA,2020-09-09,World Health Organization COVID-19 Dashboard,9.0,CNFiltered.csv
COVID-19,Unspecified,CHINA,2020-09-10,World Health Organization COVID-19 Dashboard,13.0,CNFiltered.csv
COVID-19,Unspecified,CHINA,2020-09-11,World Health Organization COVID-19 Dashboard,28.0,CNFiltered.csv
COVID-19,Unspecified,CHINA,2020-09-12,World Health Organization COVID-19 Dashboard,20.0,CNFiltered.csv
COVID-19,Unspecified,CHINA,2020-09-13,World Health Organization COVID-19 Dashboard,23.0,CNFiltered.csv
COVID-19,Unspecified,CHINA,2020-09-14,World Health Organization COVID-19 Dashboard,29.0,CNFiltered.csv
COVID-19,Unspecified,CHINA,2020-09-15,World Health Organization COVID-19 Dashboard,23.0,CNFiltered.csv
COVID-19,Unspecified,CHINA,2020-09-16,World Health Organization COVID-19 Dashboard,16.0,CNFiltered.csv
COVID-19,Unspecified,CHINA,2020-09-17,World Health Organization COVID-19 Dashboard,19.0,CNFiltered.csv
COVID-19,Unspecified,CHINA,2020-09-18,World Health Organization COVID-19 Dashboard,44.0,CNFiltered.csv
COVID-19,Unspecified,CHINA,2020-09-19,World Health Organization COVID-19 Dashboard,17.0,CNFiltered.csv
COVID-19,Unspecified,CHINA,2020-09-20,World Health Organization COVID-19 Dashboard,26.0,CNFiltered.csv
COVID-19,Unspecified,CHINA,2020-09-21,World Health Organization COVID-19 Dashboard,36.0,CNFiltered.csv
COVID-19,Unspecified,CHINA,2020-09-22,World Health Organization COVID-19 Dashboard,14.0,CNFiltered.csv
COVID-19,Unspecified,CHINA,2020-09-23,World Health Organization COVID-19 Dashboard,18.0,CNFiltered.csv
COVID-19,Unspecified,CHINA,2020-09-24,World Health Organization COVID-19 Dashboard,10.0,CNFiltered.csv
COVID-19,Unspecified,CHINA,2020-09-25,World Health Organization COVID-19 Dashboard,15.0,CNFiltered.csv
COVID-19,Unspecified,CHINA,2020-09-26,World Health Organization COVID-19 Dashboard,18.0,CNFiltered.csv
COVID-19,Unspecified,CHINA,2020-09-27,World Health Organization COVID-19 Dashboard,15.0,CNFiltered.csv
COVID-19,Unspecified,CHINA,2020-09-28,World Health Organization COVID-19 Dashboard,27.0,CNFiltered.csv
COVID-19,Unspecified,CHINA,2020-09-29,World Health Organization COVID-19 Dashboard,25.0,CNFiltered.csv
COVID-19,Unspecified,CHINA,2020-09-30,World Health Organization COVID-19 Dashboard,23.0,CNFiltered.csv
COVID-19,Unspecified,CHINA,2020-10-01,World Health Organization COVID-19 Dashboard,20.0,CNFiltered.csv
COVID-19,Unspecified,CHINA,2020-10-02,World Health Organization COVID-19 Dashboard,21.0,CNFiltered.csv
COVID-19,Unspecified,CHINA,2020-10-03,World Health Organization COVID-19 Dashboard,19.0,CNFiltered.csv
COVID-19,Unspecified,CHINA,2020-10-04,World Health Organization COVID-19 Dashboard,20.0,CNFiltered.csv
COVID-19,Unspecified,CHINA,2020-10-05,World Health Organization COVID-19 Dashboard,25.0,CNFiltered.csv
COVID-19,Unspecified,CHINA,2020-10-06,World Health Organization COVID-19 Dashboard,24.0,CNFiltered.csv
COVID-19,Unspecified,CHINA,2020-10-07,World Health Organization COVID-19 Dashboard,18.0,CNFiltered.csv
COVID-19,Unspecified,CHINA,2020-10-08,World Health Organization COVID-19 Dashboard,24.0,CNFiltered.csv
COVID-19,Unspecified,CHINA,2020-10-09,World Health Organization COVID-19 Dashboard,40.0,CNFiltered.csv
COVID-19,Unspecified,CHINA,2020-10-10,World Health Organization COVID-19 Dashboard,26.0,CNFiltered.csv
COVID-19,Unspecified,CHINA,2020-10-11,World Health Organization COVID-19 Dashboard,27.0,CNFiltered.csv
COVID-19,Unspecified,CHINA,2020-10-12,World Health Organization COVID-19 Dashboard,28.0,CNFiltered.csv
COVID-19,Unspecified,CHINA,2020-10-13,World Health Organization COVID-19 Dashboard,26.0,CNFiltered.csv
COVID-19,Unspecified,CHINA,2020-10-14,World Health Organization COVID-19 Dashboard,28.0,CNFiltered.csv
COVID-19,Unspecified,CHINA,2020-10-15,World Health Organization COVID-19 Dashboard,11.0,CNFiltered.csv
COVID-19,Unspecified,CHINA,2020-10-16,World Health Organization COVID-19 Dashboard,36.0,CNFiltered.csv
COVID-19,Unspecified,CHINA,2020-10-17,World Health Organization COVID-19 Dashboard,25.0,CNFiltered.csv
COVID-19,Unspecified,CHINA,2020-10-18,World Health Organization COVID-19 Dashboard,30.0,CNFiltered.csv
COVID-19,Unspecified,CHINA,2020-10-19,World Health Organization COVID-19 Dashboard,17.0,CNFiltered.csv
COVID-19,Unspecified,CHINA,2020-10-20,World Health Organization COVID-19 Dashboard,39.0,CNFiltered.csv
COVID-19,Unspecified,CHINA,2020-10-21,World Health Organization COVID-19 Dashboard,19.0,CNFiltered.csv
COVID-19,Unspecified,CHINA,2020-10-22,World Health Organization COVID-19 Dashboard,23.0,CNFiltered.csv
COVID-19,Unspecified,CHINA,2020-10-23,World Health Organization COVID-19 Dashboard,33.0,CNFiltered.csv
COVID-19,Unspecified,CHINA,2020-10-24,World Health Organization COVID-19 Dashboard,32.0,CNFiltered.csv
COVID-19,Unspecified,CHINA,2020-10-25,World Health Organization COVID-19 Dashboard,22.0,CNFiltered.csv
COVID-19,Unspecified,CHINA,2020-10-26,World Health Organization COVID-19 Dashboard,26.0,CNFiltered.csv
COVID-19,Unspecified,CHINA,2020-10-27,World Health Organization COVID-19 Dashboard,24.0,CNFiltered.csv
COVID-19,Unspecified,CHINA,2020-10-28,World Health Organization COVID-19 Dashboard,47.0,CNFiltered.csv
COVID-19,Unspecified,CHINA,2020-10-29,World Health Organization COVID-19 Dashboard,50.0,CNFiltered.csv
COVID-19,Unspecified,CHINA,2020-10-30,World Health Organization COVID-19 Dashboard,31.0,CNFiltered.csv
COVID-19,Unspecified,CHINA,2020-10-31,World Health Organization COVID-19 Dashboard,41.0,CNFiltered.csv
COVID-19,Unspecified,CHINA,2020-11-01,World Health Organization COVID-19 Dashboard,28.0,CNFiltered.csv
COVID-19,Unspecified,CHINA,2020-11-02,World Health Organization COVID-19 Dashboard,34.0,CNFiltered.csv
COVID-19,Unspecified,CHINA,2020-11-03,World Health Organization COVID-19 Dashboard,60.0,CNFiltered.csv
COVID-19,Unspecified,CHINA,2020-11-04,World Health Organization COVID-19 Dashboard,30.0,CNFiltered.csv
COVID-19,Unspecified,CHINA,2020-11-05,World Health Organization COVID-19 Dashboard,32.0,CNFiltered.csv
COVID-19,Unspecified,CHINA,2020-11-06,World Health Organization COVID-19 Dashboard,44.0,CNFiltered.csv
COVID-19,Unspecified,CHINA,2020-11-07,World Health Organization COVID-19 Dashboard,43.0,CNFiltered.csv
COVID-19,Unspecified,CHINA,2020-11-08,World Health Organization COVID-19 Dashboard,31.0,CNFiltered.csv
COVID-19,Unspecified,CHINA,2020-11-09,World Health Organization COVID-19 Dashboard,47.0,CNFiltered.csv
COVID-19,Unspecified,CHINA,2020-11-10,World Health Organization COVID-19 Dashboard,29.0,CNFiltered.csv
COVID-19,Unspecified,CHINA,2020-11-11,World Health Organization COVID-19 Dashboard,28.0,CNFiltered.csv
COVID-19,Unspecified,CHINA,2020-11-12,World Health Organization COVID-19 Dashboard,37.0,CNFiltered.csv
COVID-19,Unspecified,CHINA,2020-11-13,World Health Organization COVID-19 Dashboard,36.0,CNFiltered.csv
COVID-19,Unspecified,CHINA,2020-11-14,World Health Organization COVID-19 Dashboard,32.0,CNFiltered.csv
COVID-19,Unspecified,CHINA,2020-11-15,World Health Organization COVID-19 Dashboard,24.0,CNFiltered.csv
COVID-19,Unspecified,CHINA,2020-11-16,World Health Organization COVID-19 Dashboard,24.0,CNFiltered.csv
COVID-19,Unspecified,CHINA,2020-11-17,World Health Organization COVID-19 Dashboard,24.0,CNFiltered.csv
COVID-19,Unspecified,CHINA,2020-11-18,World Health Organization COVID-19 Dashboard,14.0,CNFiltered.csv
COVID-19,Unspecified,CHINA,2020-11-19,World Health Organization COVID-19 Dashboard,23.0,CNFiltered.csv
COVID-19,Unspecified,CHINA,2020-11-20,World Health Organization COVID-19 Dashboard,31.0,CNFiltered.csv
COVID-19,Unspecified,CHINA,2020-11-21,World Health Organization COVID-19 Dashboard,44.0,CNFiltered.csv
COVID-19,Unspecified,CHINA,2020-11-22,World Health Organization COVID-19 Dashboard,60.0,CNFiltered.csv
COVID-19,Unspecified,CHINA,2020-11-23,World Health Organization COVID-19 Dashboard,85.0,CNFiltered.csv
COVID-19,Unspecified,CHINA,2020-11-24,World Health Organization COVID-19 Dashboard,96.0,CNFiltered.csv
COVID-19,Unspecified,CHINA,2020-11-25,World Health Organization COVID-19 Dashboard,85.0,CNFiltered.csv
COVID-19,Unspecified,CHINA,2020-11-26,World Health Organization COVID-19 Dashboard,111.0,CNFiltered.csv
COVID-19,Unspecified,CHINA,2020-11-27,World Health Organization COVID-19 Dashboard,88.0,CNFiltered.csv
COVID-19,Unspecified,CHINA,2020-11-28,World Health Organization COVID-19 Dashboard,112.0,CNFiltered.csv
COVID-19,Unspecified,CHINA,2020-11-29,World Health Organization COVID-19 Dashboard,104.0,CNFiltered.csv
COVID-19,Unspecified,CHINA,2020-11-30,World Health Organization COVID-19 Dashboard,136.0,CNFiltered.csv
COVID-19,Unspecified,CHINA,2020-12-01,World Health Organization COVID-19 Dashboard,112.0,CNFiltered.csv
COVID-19,Unspecified,CHINA,2020-12-02,World Health Organization COVID-19 Dashboard,91.0,CNFiltered.csv
COVID-19,Unspecified,CHINA,2020-12-03,World Health Organization COVID-19 Dashboard,129.0,CNFiltered.csv
COVID-19,Unspecified,CHINA,2020-12-04,World Health Organization COVID-19 Dashboard,108.0,CNFiltered.csv
COVID-19,Unspecified,CHINA,2020-12-05,World Health Organization COVID-19 Dashboard,133.0,CNFiltered.csv
COVID-19,Unspecified,CHINA,2020-12-06,World Health Organization COVID-19 Dashboard,122.0,CNFiltered.csv
COVID-19,Unspecified,CHINA,2020-12-07,World Health Organization COVID-19 Dashboard,133.0,CNFiltered.csv
COVID-19,Unspecified,CHINA,2020-12-08,World Health Organization COVID-19 Dashboard,90.0,CNFiltered.csv
COVID-19,Unspecified,CHINA,2020-12-09,World Health Organization COVID-19 Dashboard,117.0,CNFiltered.csv
COVID-19,Unspecified,CHINA,2020-12-10,World Health Organization COVID-19 Dashboard,118.0,CNFiltered.csv
COVID-19,Unspecified,CHINA,2020-12-11,World Health Organization COVID-19 Dashboard,131.0,CNFiltered.csv
COVID-19,Unspecified,CHINA,2020-12-12,World Health Organization COVID-19 Dashboard,100.0,CNFiltered.csv
COVID-19,Unspecified,CHINA,2020-12-13,World Health Organization COVID-19 Dashboard,101.0,CNFiltered.csv
COVID-19,Unspecified,CHINA,2020-12-14,World Health Organization COVID-19 Dashboard,114.0,CNFiltered.csv
COVID-19,Unspecified,CHINA,2020-12-15,World Health Organization COVID-19 Dashboard,103.0,CNFiltered.csv
COVID-19,Unspecified,CHINA,2020-12-16,World Health Organization COVID-19 Dashboard,112.0,CNFiltered.csv
COVID-19,Unspecified,CHINA,2020-12-17,World Health Organization COVID-19 Dashboard,96.0,CNFiltered.csv
COVID-19,Unspecified,CHINA,2020-12-18,World Health Organization COVID-19 Dashboard,116.0,CNFiltered.csv
COVID-19,Unspecified,CHINA,2020-12-19,World Health Organization COVID-19 Dashboard,89.0,CNFiltered.csv
COVID-19,Unspecified,CHINA,2020-12-20,World Health Organization COVID-19 Dashboard,136.0,CNFiltered.csv
COVID-19,Unspecified,CHINA,2020-12-21,World Health Organization COVID-19 Dashboard,100.0,CNFiltered.csv
COVID-19,Unspecified,CHINA,2020-12-22,World Health Organization COVID-19 Dashboard,100.0,CNFiltered.csv
COVID-19,Unspecified,CHINA,2020-12-23,World Health Organization COVID-19 Dashboard,82.0,CNFiltered.csv
COVID-19,Unspecified,CHINA,2020-12-24,World Health Organization COVID-19 Dashboard,76.0,CNFiltered.csv
COVID-19,Unspecified,CHINA,2020-12-25,World Health Organization COVID-19 Dashboard,85.0,CNFiltered.csv
COVID-19,Unspecified,CHINA,2020-12-26,World Health Organization COVID-19 Dashboard,81.0,CNFiltered.csv
COVID-19,Unspecified,CHINA,2020-12-27,World Health Organization COVID-19 Dashboard,84.0,CNFiltered.csv
COVID-19,Unspecified,CHINA,2020-12-28,World Health Organization COVID-19 Dashboard,93.0,CNFiltered.csv
COVID-19,Unspecified,CHINA,2020-12-29,World Health Organization COVID-19 Dashboard,96.0,CNFiltered.csv
COVID-19,Unspecified,CHINA,2020-12-30,World Health Organization COVID-19 Dashboard,79.0,CNFiltered.csv
COVID-19,Unspecified,CHINA,2020-12-31,World Health Organization COVID-19 Dashboard,81.0,CNFiltered.csv
COVID-19,Unspecified,CHINA,2021-01-01,World Health Organization COVID-19 Dashboard,89.0,CNFiltered.csv
COVID-19,Unspecified,CHINA,2021-01-02,World Health Organization COVID-19 Dashboard,67.0,CNFiltered.csv
COVID-19,Unspecified,CHINA,2021-01-03,World Health Organization COVID-19 Dashboard,65.0,CNFiltered.csv
COVID-19,Unspecified,CHINA,2021-01-04,World Health Organization COVID-19 Dashboard,78.0,CNFiltered.csv
COVID-19,Unspecified,CHINA,2021-01-05,World Health Organization COVID-19 Dashboard,89.0,CNFiltered.csv
COVID-19,Unspecified,CHINA,2021-01-06,World Health Organization COVID-19 Dashboard,66.0,CNFiltered.csv
COVID-19,Unspecified,CHINA,2021-01-07,World Health Organization COVID-19 Dashboard,90.0,CNFiltered.csv
COVID-19,Unspecified,CHINA,2021-01-08,World Health Organization COVID-19 Dashboard,89.0,CNFiltered.csv
COVID-19,Unspecified,CHINA,2021-01-09,World Health Organization COVID-19 Dashboard,81.0,CNFiltered.csv
COVID-19,Unspecified,CHINA,2021-01-10,World Health Organization COVID-19 Dashboard,131.0,CNFiltered.csv
COVID-19,Unspecified,CHINA,2021-01-11,World Health Organization COVID-19 Dashboard,134.0,CNFiltered.csv
COVID-19,Unspecified,CHINA,2021-01-12,World Health Organization COVID-19 Dashboard,102.0,CNFiltered.csv
COVID-19,Unspecified,CHINA,2021-01-13,World Health Organization COVID-19 Dashboard,179.0,CNFiltered.csv
COVID-19,Unspecified,CHINA,2021-01-14,World Health Organization COVID-19 Dashboard,184.0,CNFiltered.csv
COVID-19,Unspecified,CHINA,2021-01-15,World Health Organization COVID-19 Dashboard,173.0,CNFiltered.csv
COVID-19,Unspecified,CHINA,2021-01-16,World Health Organization COVID-19 Dashboard,169.0,CNFiltered.csv
COVID-19,Unspecified,CHINA,2021-01-17,World Health Organization COVID-19 Dashboard,166.0,CNFiltered.csv
COVID-19,Unspecified,CHINA,2021-01-18,World Health Organization COVID-19 Dashboard,169.0,CNFiltered.csv
COVID-19,Unspecified,CHINA,2021-01-19,World Health Organization COVID-19 Dashboard,232.0,CNFiltered.csv
COVID-19,Unspecified,CHINA,2021-01-20,World Health Organization COVID-19 Dashboard,165.0,CNFiltered.csv
COVID-19,Unspecified,CHINA,2021-01-21,World Health Organization COVID-19 Dashboard,223.0,CNFiltered.csv
COVID-19,Unspecified,CHINA,2021-01-22,World Health Organization COVID-19 Dashboard,175.0,CNFiltered.csv
COVID-19,Unspecified,CHINA,2021-01-23,World Health Organization COVID-19 Dashboard,178.0,CNFiltered.csv
COVID-19,Unspecified,CHINA,2021-01-24,World Health Organization COVID-19 Dashboard,164.0,CNFiltered.csv
COVID-19,Unspecified,CHINA,2021-01-25,World Health Organization COVID-19 Dashboard,205.0,CNFiltered.csv
COVID-19,Unspecified,CHINA,2021-01-26,World Health Organization COVID-19 Dashboard,155.0,CNFiltered.csv
COVID-19,Unspecified,CHINA,2021-01-27,World Health Organization COVID-19 Dashboard,140.0,CNFiltered.csv
COVID-19,Unspecified,CHINA,2021-01-28,World Health Organization COVID-19 Dashboard,117.0,CNFiltered.csv
COVID-19,Unspecified,CHINA,2021-01-29,World Health Organization COVID-19 Dashboard,93.0,CNFiltered.csv
COVID-19,Unspecified,CHINA,2021-01-30,World Health Organization COVID-19 Dashboard,106.0,CNFiltered.csv
COVID-19,Unspecified,CHINA,2021-01-31,World Health Organization COVID-19 Dashboard,130.0,CNFiltered.csv
COVID-19,Unspecified,CHINA,2021-02-01,World Health Organization COVID-19 Dashboard,97.0,CNFiltered.csv
COVID-19,Unspecified,CHINA,2021-02-02,World Health Organization COVID-19 Dashboard,65.0,CNFiltered.csv
COVID-19,Unspecified,CHINA,2021-02-03,World Health Organization COVID-19 Dashboard,53.0,CNFiltered.csv
COVID-19,Unspecified,CHINA,2021-02-04,World Health Organization COVID-19 Dashboard,51.0,CNFiltered.csv
COVID-19,Unspecified,CHINA,2021-02-05,World Health Organization COVID-19 Dashboard,44.0,CNFiltered.csv
COVID-19,Unspecified,CHINA,2021-02-06,World Health Organization COVID-19 Dashboard,54.0,CNFiltered.csv
COVID-19,Unspecified,CHINA,2021-02-07,World Health Organization COVID-19 Dashboard,31.0,CNFiltered.csv
COVID-19,Unspecified,CHINA,2021-02-08,World Health Organization COVID-19 Dashboard,44.0,CNFiltered.csv
COVID-19,Unspecified,CHINA,2021-02-09,World Health Organization COVID-19 Dashboard,47.0,CNFiltered.csv
COVID-19,Unspecified,CHINA,2021-02-10,World Health Organization COVID-19 Dashboard,45.0,CNFiltered.csv
COVID-19,Unspecified,CHINA,2021-02-11,World Health Organization COVID-19 Dashboard,21.0,CNFiltered.csv
COVID-19,Unspecified,CHINA,2021-02-12,World Health Organization COVID-19 Dashboard,34.0,CNFiltered.csv
COVID-19,Unspecified,CHINA,2021-02-13,World Health Organization COVID-19 Dashboard,33.0,CNFiltered.csv
COVID-19,Unspecified,CHINA,2021-02-14,World Health Organization COVID-19 Dashboard,19.0,CNFiltered.csv
COVID-19,Unspecified,CHINA,2021-02-15,World Health Organization COVID-19 Dashboard,21.0,CNFiltered.csv
COVID-19,Unspecified,CHINA,2021-02-16,World Health Organization COVID-19 Dashboard,25.0,CNFiltered.csv
COVID-19,Unspecified,CHINA,2021-02-17,World Health Organization COVID-19 Dashboard,15.0,CNFiltered.csv
COVID-19,Unspecified,CHINA,2021-02-18,World Health Organization COVID-19 Dashboard,28.0,CNFiltered.csv
COVID-19,Unspecified,CHINA,2021-02-19,World Health Organization COVID-19 Dashboard,20.0,CNFiltered.csv
COVID-19,Unspecified,CHINA,2021-02-20,World Health Organization COVID-19 Dashboard,22.0,CNFiltered.csv
COVID-19,Unspecified,CHINA,2021-02-21,World Health Organization COVID-19 Dashboard,23.0,CNFiltered.csv
COVID-19,Unspecified,CHINA,2021-02-22,World Health Organization COVID-19 Dashboard,31.0,CNFiltered.csv
COVID-19,Unspecified,CHINA,2021-02-23,World Health Organization COVID-19 Dashboard,26.0,CNFiltered.csv
COVID-19,Unspecified,CHINA,2021-02-24,World Health Organization COVID-19 Dashboard,24.0,CNFiltered.csv
COVID-19,Unspecified,CHINA,2021-02-25,World Health Organization COVID-19 Dashboard,28.0,CNFiltered.csv
COVID-19,Unspecified,CHINA,2021-02-26,World Health Organization COVID-19 Dashboard,24.0,CNFiltered.csv
COVID-19,Unspecified,CHINA,2021-02-27,World Health Organization COVID-19 Dashboard,34.0,CNFiltered.csv
COVID-19,Unspecified,CHINA,2021-02-28,World Health Organization COVID-19 Dashboard,42.0,CNFiltered.csv
COVID-19,Unspecified,CHINA,2021-03-01,World Health Organization COVID-19 Dashboard,42.0,CNFiltered.csv
COVID-19,Unspecified,CHINA,2021-03-02,World Health Organization COVID-19 Dashboard,25.0,CNFiltered.csv
COVID-19,Unspecified,CHINA,2021-03-03,World Health Organization COVID-19 Dashboard,23.0,CNFiltered.csv
COVID-19,Unspecified,CHINA,2021-03-04,World Health Organization COVID-19 Dashboard,27.0,CNFiltered.csv
COVID-19,Unspecified,CHINA,2021-03-05,World Health Organization COVID-19 Dashboard,20.0,CNFiltered.csv
COVID-19,Unspecified,CHINA,2021-03-06,World Health Organization COVID-19 Dashboard,21.0,CNFiltered.csv
COVID-19,Unspecified,CHINA,2021-03-07,World Health Organization COVID-19 Dashboard,28.0,CNFiltered.csv
COVID-19,Unspecified,CHINA,2021-03-08,World Health Organization COVID-19 Dashboard,37.0,CNFiltered.csv
COVID-19,Unspecified,CHINA,2021-03-09,World Health Organization COVID-19 Dashboard,24.0,CNFiltered.csv
COVID-19,Unspecified,CHINA,2021-03-10,World Health Organization COVID-19 Dashboard,27.0,CNFiltered.csv
COVID-19,Unspecified,CHINA,2021-03-11,World Health Organization COVID-19 Dashboard,20.0,CNFiltered.csv
COVID-19,Unspecified,CHINA,2021-03-12,World Health Organization COVID-19 Dashboard,31.0,CNFiltered.csv
COVID-19,Unspecified,CHINA,2021-03-13,World Health Organization COVID-19 Dashboard,73.0,CNFiltered.csv
COVID-19,Unspecified,CHINA,2021-03-14,World Health Organization COVID-19 Dashboard,57.0,CNFiltered.csv
COVID-19,Unspecified,CHINA,2021-03-15,World Health Organization COVID-19 Dashboard,30.0,CNFiltered.csv
COVID-19,Unspecified,CHINA,2021-03-16,World Health Organization COVID-19 Dashboard,48.0,CNFiltered.csv
COVID-19,Unspecified,CHINA,2021-03-17,World Health Organization COVID-19 Dashboard,22.0,CNFiltered.csv
COVID-19,Unspecified,CHINA,2021-03-18,World Health Organization COVID-19 Dashboard,17.0,CNFiltered.csv
COVID-19,Unspecified,CHINA,2021-03-19,World Health Organization COVID-19 Dashboard,29.0,CNFiltered.csv
COVID-19,Unspecified,CHINA,2021-03-20,World Health Organization COVID-19 Dashboard,23.0,CNFiltered.csv
COVID-19,Unspecified,CHINA,2021-03-21,World Health Organization COVID-19 Dashboard,21.0,CNFiltered.csv
COVID-19,Unspecified,CHINA,2021-03-22,World Health Organization COVID-19 Dashboard,16.0,CNFiltered.csv
COVID-19,Unspecified,CHINA,2021-03-23,World Health Organization COVID-19 Dashboard,27.0,CNFiltered.csv
COVID-19,Unspecified,CHINA,2021-03-24,World Health Organization COVID-19 Dashboard,23.0,CNFiltered.csv
COVID-19,Unspecified,CHINA,2021-03-25,World Health Organization COVID-19 Dashboard,23.0,CNFiltered.csv
COVID-19,Unspecified,CHINA,2021-03-26,World Health Organization COVID-19 Dashboard,23.0,CNFiltered.csv
COVID-19,Unspecified,CHINA,2021-03-27,World Health Organization COVID-19 Dashboard,24.0,CNFiltered.csv
COVID-19,Unspecified,CHINA,2021-03-28,World Health Organization COVID-19 Dashboard,21.0,CNFiltered.csv
COVID-19,Unspecified,CHINA,2021-03-29,World Health Organization COVID-19 Dashboard,18.0,CNFiltered.csv
COVID-19,Unspecified,CHINA,2021-03-30,World Health Organization COVID-19 Dashboard,17.0,CNFiltered.csv
COVID-19,Unspecified,CHINA,2021-03-31,World Health Organization COVID-19 Dashboard,19.0,CNFiltered.csv
COVID-19,Unspecified,CHINA,2021-04-01,World Health Organization COVID-19 Dashboard,28.0,CNFiltered.csv
COVID-19,Unspecified,CHINA,2021-04-02,World Health Organization COVID-19 Dashboard,28.0,CNFiltered.csv
COVID-19,Unspecified,CHINA,2021-04-03,World Health Organization COVID-19 Dashboard,48.0,CNFiltered.csv
COVID-19,Unspecified,CHINA,2021-04-04,World Health Organization COVID-19 Dashboard,29.0,CNFiltered.csv
COVID-19,Unspecified,CHINA,2021-04-05,World Health Organization COVID-19 Dashboard,41.0,CNFiltered.csv
COVID-19,Unspecified,CHINA,2021-04-06,World Health Organization COVID-19 Dashboard,41.0,CNFiltered.csv
COVID-19,Unspecified,CHINA,2021-04-07,World Health Organization COVID-19 Dashboard,21.0,CNFiltered.csv
COVID-19,Unspecified,CHINA,2021-04-08,World Health Organization COVID-19 Dashboard,33.0,CNFiltered.csv
COVID-19,Unspecified,CHINA,2021-04-09,World Health Organization COVID-19 Dashboard,31.0,CNFiltered.csv
COVID-19,Unspecified,CHINA,2021-04-10,World Health Organization COVID-19 Dashboard,32.0,CNFiltered.csv
COVID-19,Unspecified,CHINA,2021-04-11,World Health Organization COVID-19 Dashboard,17.0,CNFiltered.csv
COVID-19,Unspecified,CHINA,2021-04-12,World Health Organization COVID-19 Dashboard,30.0,CNFiltered.csv
COVID-19,Unspecified,CHINA,2021-04-13,World Health Organization COVID-19 Dashboard,23.0,CNFiltered.csv
COVID-19,Unspecified,CHINA,2021-04-14,World Health Organization COVID-19 Dashboard,29.0,CNFiltered.csv
COVID-19,Unspecified,CHINA,2021-04-15,World Health Organization COVID-19 Dashboard,20.0,CNFiltered.csv
COVID-19,Unspecified,CHINA,2021-04-16,World Health Organization COVID-19 Dashboard,18.0,CNFiltered.csv
COVID-19,Unspecified,CHINA,2021-04-17,World Health Organization COVID-19 Dashboard,34.0,CNFiltered.csv
COVID-19,Unspecified,CHINA,2021-04-18,World Health Organization COVID-19 Dashboard,36.0,CNFiltered.csv
COVID-19,Unspecified,CHINA,2021-04-19,World Health Organization COVID-19 Dashboard,42.0,CNFiltered.csv
COVID-19,Unspecified,CHINA,2021-04-20,World Health Organization COVID-19 Dashboard,25.0,CNFiltered.csv
COVID-19,Unspecified,CHINA,2021-04-21,World Health Organization COVID-19 Dashboard,31.0,CNFiltered.csv
COVID-19,Unspecified,CHINA,2021-04-22,World Health Organization COVID-19 Dashboard,11.0,CNFiltered.csv
COVID-19,Unspecified,CHINA,2021-04-23,World Health Organization COVID-19 Dashboard,37.0,CNFiltered.csv
COVID-19,Unspecified,CHINA,2021-04-24,World Health Organization COVID-19 Dashboard,22.0,CNFiltered.csv
COVID-19,Unspecified,CHINA,2021-04-25,World Health Organization COVID-19 Dashboard,23.0,CNFiltered.csv
COVID-19,Unspecified,CHINA,2021-04-26,World Health Organization COVID-19 Dashboard,20.0,CNFiltered.csv
COVID-19,Unspecified,CHINA,2021-04-27,World Health Organization COVID-19 Dashboard,19.0,CNFiltered.csv
COVID-19,Unspecified,CHINA,2021-04-28,World Health Organization COVID-19 Dashboard,26.0,CNFiltered.csv
COVID-19,Unspecified,CHINA,2021-04-29,World Health Organization COVID-19 Dashboard,33.0,CNFiltered.csv
COVID-19,Unspecified,CHINA,2021-04-30,World Health Organization COVID-19 Dashboard,33.0,CNFiltered.csv
COVID-19,Unspecified,CHINA,2021-05-01,World Health Organization COVID-19 Dashboard,27.0,CNFiltered.csv
COVID-19,Unspecified,CHINA,2021-05-02,World Health Organization COVID-19 Dashboard,27.0,CNFiltered.csv
COVID-19,Unspecified,CHINA,2021-05-03,World Health Organization COVID-19 Dashboard,18.0,CNFiltered.csv
COVID-19,Unspecified,CHINA,2021-05-04,World Health Organization COVID-19 Dashboard,27.0,CNFiltered.csv
COVID-19,Unspecified,CHINA,2021-05-05,World Health Organization COVID-19 Dashboard,19.0,CNFiltered.csv
COVID-19,Unspecified,CHINA,2021-05-06,World Health Organization COVID-19 Dashboard,18.0,CNFiltered.csv
COVID-19,Unspecified,CHINA,2021-05-07,World Health Organization COVID-19 Dashboard,28.0,CNFiltered.csv
COVID-19,Unspecified,CHINA,2021-05-08,World Health Organization COVID-19 Dashboard,14.0,CNFiltered.csv
COVID-19,Unspecified,CHINA,2021-05-09,World Health Organization COVID-19 Dashboard,22.0,CNFiltered.csv
COVID-19,Unspecified,CHINA,2021-05-10,World Health Organization COVID-19 Dashboard,13.0,CNFiltered.csv
COVID-19,Unspecified,CHINA,2021-05-11,World Health Organization COVID-19 Dashboard,33.0,CNFiltered.csv
COVID-19,Unspecified,CHINA,2021-05-12,World Health Organization COVID-19 Dashboard,28.0,CNFiltered.csv
COVID-19,Unspecified,CHINA,2021-05-13,World Health Organization COVID-19 Dashboard,32.0,CNFiltered.csv
COVID-19,Unspecified,CHINA,2021-05-14,World Health Organization COVID-19 Dashboard,35.0,CNFiltered.csv
COVID-19,Unspecified,CHINA,2021-05-15,World Health Organization COVID-19 Dashboard,49.0,CNFiltered.csv
COVID-19,Unspecified,CHINA,2021-05-16,World Health Organization COVID-19 Dashboard,206.0,CNFiltered.csv
COVID-19,Unspecified,CHINA,2021-05-17,World Health Organization COVID-19 Dashboard,234.0,CNFiltered.csv
COVID-19,Unspecified,CHINA,2021-05-18,World Health Organization COVID-19 Dashboard,357.0,CNFiltered.csv
COVID-19,Unspecified,CHINA,2021-05-19,World Health Organization COVID-19 Dashboard,258.0,CNFiltered.csv
COVID-19,Unspecified,CHINA,2021-05-20,World Health Organization COVID-19 Dashboard,286.0,CNFiltered.csv
COVID-19,Unspecified,CHINA,2021-05-21,World Health Organization COVID-19 Dashboard,319.0,CNFiltered.csv
COVID-19,Unspecified,CHINA,2021-05-22,World Health Organization COVID-19 Dashboard,326.0,CNFiltered.csv
COVID-19,Unspecified,CHINA,2021-05-23,World Health Organization COVID-19 Dashboard,742.0,CNFiltered.csv
COVID-19,Unspecified,CHINA,2021-05-24,World Health Organization COVID-19 Dashboard,474.0,CNFiltered.csv
COVID-19,Unspecified,CHINA,2021-05-25,World Health Organization COVID-19 Dashboard,611.0,CNFiltered.csv
COVID-19,Unspecified,CHINA,2021-05-26,World Health Organization COVID-19 Dashboard,558.0,CNFiltered.csv
COVID-19,Unspecified,CHINA,2021-05-27,World Health Organization COVID-19 Dashboard,654.0,CNFiltered.csv
COVID-19,Unspecified,CHINA,2021-05-28,World Health Organization COVID-19 Dashboard,678.0,CNFiltered.csv
COVID-19,Unspecified,CHINA,2021-05-29,World Health Organization COVID-19 Dashboard,572.0,CNFiltered.csv
COVID-19,Unspecified,CHINA,2021-05-30,World Health Organization COVID-19 Dashboard,504.0,CNFiltered.csv
COVID-19,Unspecified,CHINA,2021-05-31,World Health Organization COVID-19 Dashboard,382.0,CNFiltered.csv
COVID-19,Unspecified,CHINA,2021-06-01,World Health Organization COVID-19 Dashboard,377.0,CNFiltered.csv
COVID-19,Unspecified,CHINA,2021-06-02,World Health Organization COVID-19 Dashboard,361.0,CNFiltered.csv
COVID-19,Unspecified,CHINA,2021-06-03,World Health Organization COVID-19 Dashboard,573.0,CNFiltered.csv
COVID-19,Unspecified,CHINA,2021-06-04,World Health Organization COVID-19 Dashboard,609.0,CNFiltered.csv
COVID-19,Unspecified,CHINA,2021-06-05,World Health Organization COVID-19 Dashboard,498.0,CNFiltered.csv
COVID-19,Unspecified,CHINA,2021-06-06,World Health Organization COVID-19 Dashboard,541.0,CNFiltered.csv
COVID-19,Unspecified,CHINA,2021-06-07,World Health Organization COVID-19 Dashboard,562.0,CNFiltered.csv
COVID-19,Unspecified,CHINA,2021-06-08,World Health Organization COVID-19 Dashboard,24.0,CNFiltered.csv
COVID-19,Unspecified,CHINA,2021-06-09,World Health Organization COVID-19 Dashboard,237.0,CNFiltered.csv
COVID-19,Unspecified,CHINA,2021-06-10,World Health Organization COVID-19 Dashboard,289.0,CNFiltered.csv
COVID-19,Unspecified,CHINA,2021-06-11,World Health Organization COVID-19 Dashboard,281.0,CNFiltered.csv
COVID-19,Unspecified,CHINA,2021-06-12,World Health Organization COVID-19 Dashboard,317.0,CNFiltered.csv
COVID-19,Unspecified,CHINA,2021-06-13,World Health Organization COVID-19 Dashboard,288.0,CNFiltered.csv
COVID-19,Unspecified,CHINA,2021-06-14,World Health Organization COVID-19 Dashboard,198.0,CNFiltered.csv
COVID-19,Unspecified,CHINA,2021-06-15,World Health Organization COVID-19 Dashboard,206.0,CNFiltered.csv
COVID-19,Unspecified,CHINA,2021-06-16,World Health Organization COVID-19 Dashboard,156.0,CNFiltered.csv
COVID-19,Unspecified,CHINA,2021-06-17,World Health Organization COVID-19 Dashboard,190.0,CNFiltered.csv
COVID-19,Unspecified,CHINA,2021-06-18,World Health Organization COVID-19 Dashboard,197.0,CNFiltered.csv
COVID-19,Unspecified,CHINA,2021-06-19,World Health Organization COVID-19 Dashboard,219.0,CNFiltered.csv
COVID-19,Unspecified,CHINA,2021-06-20,World Health Organization COVID-19 Dashboard,152.0,CNFiltered.csv
COVID-19,Unspecified,CHINA,2021-06-21,World Health Organization COVID-19 Dashboard,127.0,CNFiltered.csv
COVID-19,Unspecified,CHINA,2021-06-22,World Health Organization COVID-19 Dashboard,101.0,CNFiltered.csv
COVID-19,Unspecified,CHINA,2021-06-23,World Health Organization COVID-19 Dashboard,109.0,CNFiltered.csv
COVID-19,Unspecified,CHINA,2021-06-24,World Health Organization COVID-19 Dashboard,121.0,CNFiltered.csv
COVID-19,Unspecified,CHINA,2021-06-25,World Health Organization COVID-19 Dashboard,161.0,CNFiltered.csv
COVID-19,Unspecified,CHINA,2021-06-26,World Health Organization COVID-19 Dashboard,105.0,CNFiltered.csv
COVID-19,Unspecified,CHINA,2021-06-27,World Health Organization COVID-19 Dashboard,96.0,CNFiltered.csv
COVID-19,Unspecified,CHINA,2021-06-28,World Health Organization COVID-19 Dashboard,117.0,CNFiltered.csv
COVID-19,Unspecified,CHINA,2021-06-29,World Health Organization COVID-19 Dashboard,81.0,CNFiltered.csv
COVID-19,Unspecified,CHINA,2021-06-30,World Health Organization COVID-19 Dashboard,64.0,CNFiltered.csv
COVID-19,Unspecified,CHINA,2021-07-01,World Health Organization COVID-19 Dashboard,69.0,CNFiltered.csv
COVID-19,Unspecified,CHINA,2021-07-02,World Health Organization COVID-19 Dashboard,72.0,CNFiltered.csv
COVID-19,Unspecified,CHINA,2021-07-03,World Health Organization COVID-19 Dashboard,92.0,CNFiltered.csv
COVID-19,Unspecified,CHINA,2021-07-04,World Health Organization COVID-19 Dashboard,96.0,CNFiltered.csv
COVID-19,Unspecified,CHINA,2021-07-05,World Health Organization COVID-19 Dashboard,64.0,CNFiltered.csv
COVID-19,Unspecified,CHINA,2021-07-06,World Health Organization COVID-19 Dashboard,53.0,CNFiltered.csv
COVID-19,Unspecified,CHINA,2021-07-07,World Health Organization COVID-19 Dashboard,87.0,CNFiltered.csv
COVID-19,Unspecified,CHINA,2021-07-08,World Health Organization COVID-19 Dashboard,58.0,CNFiltered.csv
COVID-19,Unspecified,CHINA,2021-07-09,World Health Organization COVID-19 Dashboard,47.0,CNFiltered.csv
COVID-19,Unspecified,CHINA,2021-07-10,World Health Organization COVID-19 Dashboard,63.0,CNFiltered.csv
COVID-19,Unspecified,CHINA,2021-07-11,World Health Organization COVID-19 Dashboard,58.0,CNFiltered.csv
COVID-19,Unspecified,CHINA,2021-07-12,World Health Organization COVID-19 Dashboard,59.0,CNFiltered.csv
COVID-19,Unspecified,CHINA,2021-07-13,World Health Organization COVID-19 Dashboard,53.0,CNFiltered.csv
COVID-19,Unspecified,CHINA,2021-07-14,World Health Organization COVID-19 Dashboard,53.0,CNFiltered.csv
COVID-19,Unspecified,CHINA,2021-07-15,World Health Organization COVID-19 Dashboard,58.0,CNFiltered.csv
COVID-19,Unspecified,CHINA,2021-07-16,World Health Organization COVID-19 Dashboard,54.0,CNFiltered.csv
COVID-19,Unspecified,CHINA,2021-07-17,World Health Organization COVID-19 Dashboard,63.0,CNFiltered.csv
COVID-19,Unspecified,CHINA,2021-07-18,World Health Organization COVID-19 Dashboard,45.0,CNFiltered.csv
COVID-19,Unspecified,CHINA,2021-07-19,World Health Organization COVID-19 Dashboard,51.0,CNFiltered.csv
COVID-19,Unspecified,CHINA,2021-07-20,World Health Organization COVID-19 Dashboard,86.0,CNFiltered.csv
COVID-19,Unspecified,CHINA,2021-07-21,World Health Organization COVID-19 Dashboard,53.0,CNFiltered.csv
COVID-19,Unspecified,CHINA,2021-07-22,World Health Organization COVID-19 Dashboard,81.0,CNFiltered.csv
COVID-19,Unspecified,CHINA,2021-07-23,World Health Organization COVID-19 Dashboard,82.0,CNFiltered.csv
COVID-19,Unspecified,CHINA,2021-07-24,World Health Organization COVID-19 Dashboard,61.0,CNFiltered.csv
COVID-19,Unspecified,CHINA,2021-07-25,World Health Organization COVID-19 Dashboard,59.0,CNFiltered.csv
COVID-19,Unspecified,CHINA,2021-07-26,World Health Organization COVID-19 Dashboard,93.0,CNFiltered.csv
COVID-19,Unspecified,CHINA,2021-07-27,World Health Organization COVID-19 Dashboard,82.0,CNFiltered.csv
COVID-19,Unspecified,CHINA,2021-07-28,World Health Organization COVID-19 Dashboard,104.0,CNFiltered.csv
COVID-19,Unspecified,CHINA,2021-07-29,World Health Organization COVID-19 Dashboard,70.0,CNFiltered.csv
COVID-19,Unspecified,CHINA,2021-07-30,World Health Organization COVID-19 Dashboard,84.0,CNFiltered.csv
COVID-19,Unspecified,CHINA,2021-07-31,World Health Organization COVID-19 Dashboard,82.0,CNFiltered.csv
COVID-19,Unspecified,CANADA,2020-01-04,World Health Organization COVID-19 Dashboard,0.0,CAFiltered.csv
COVID-19,Unspecified,CANADA,2020-01-05,World Health Organization COVID-19 Dashboard,0.0,CAFiltered.csv
COVID-19,Unspecified,CANADA,2020-01-06,World Health Organization COVID-19 Dashboard,0.0,CAFiltered.csv
COVID-19,Unspecified,CANADA,2020-01-07,World Health Organization COVID-19 Dashboard,0.0,CAFiltered.csv
COVID-19,Unspecified,CANADA,2020-01-08,World Health Organization COVID-19 Dashboard,0.0,CAFiltered.csv
COVID-19,Unspecified,CANADA,2020-01-09,World Health Organization COVID-19 Dashboard,0.0,CAFiltered.csv
COVID-19,Unspecified,CANADA,2020-01-10,World Health Organization COVID-19 Dashboard,0.0,CAFiltered.csv
COVID-19,Unspecified,CANADA,2020-01-11,World Health Organization COVID-19 Dashboard,0.0,CAFiltered.csv
COVID-19,Unspecified,CANADA,2020-01-12,World Health Organization COVID-19 Dashboard,0.0,CAFiltered.csv
COVID-19,Unspecified,CANADA,2020-01-13,World Health Organization COVID-19 Dashboard,0.0,CAFiltered.csv
COVID-19,Unspecified,CANADA,2020-01-14,World Health Organization COVID-19 Dashboard,0.0,CAFiltered.csv
COVID-19,Unspecified,CANADA,2020-01-15,World Health Organization COVID-19 Dashboard,0.0,CAFiltered.csv
COVID-19,Unspecified,CANADA,2020-01-16,World Health Organization COVID-19 Dashboard,0.0,CAFiltered.csv
COVID-19,Unspecified,CANADA,2020-01-17,World Health Organization COVID-19 Dashboard,0.0,CAFiltered.csv
COVID-19,Unspecified,CANADA,2020-01-18,World Health Organization COVID-19 Dashboard,0.0,CAFiltered.csv
COVID-19,Unspecified,CANADA,2020-01-19,World Health Organization COVID-19 Dashboard,0.0,CAFiltered.csv
COVID-19,Unspecified,CANADA,2020-01-20,World Health Organization COVID-19 Dashboard,0.0,CAFiltered.csv
COVID-19,Unspecified,CANADA,2020-01-21,World Health Organization COVID-19 Dashboard,0.0,CAFiltered.csv
COVID-19,Unspecified,CANADA,2020-01-22,World Health Organization COVID-19 Dashboard,0.0,CAFiltered.csv
COVID-19,Unspecified,CANADA,2020-01-23,World Health Organization COVID-19 Dashboard,0.0,CAFiltered.csv
COVID-19,Unspecified,CANADA,2020-01-24,World Health Organization COVID-19 Dashboard,0.0,CAFiltered.csv
COVID-19,Unspecified,CANADA,2020-01-25,World Health Organization COVID-19 Dashboard,0.0,CAFiltered.csv
COVID-19,Unspecified,CANADA,2020-01-26,World Health Organization COVID-19 Dashboard,5.0,CAFiltered.csv
COVID-19,Unspecified,CANADA,2020-01-27,World Health Organization COVID-19 Dashboard,0.0,CAFiltered.csv
COVID-19,Unspecified,CANADA,2020-01-28,World Health Organization COVID-19 Dashboard,1.0,CAFiltered.csv
COVID-19,Unspecified,CANADA,2020-01-29,World Health Organization COVID-19 Dashboard,0.0,CAFiltered.csv
COVID-19,Unspecified,CANADA,2020-01-30,World Health Organization COVID-19 Dashboard,1.0,CAFiltered.csv
COVID-19,Unspecified,CANADA,2020-01-31,World Health Organization COVID-19 Dashboard,0.0,CAFiltered.csv
COVID-19,Unspecified,CANADA,2020-02-01,World Health Organization COVID-19 Dashboard,1.0,CAFiltered.csv
COVID-19,Unspecified,CANADA,2020-02-02,World Health Organization COVID-19 Dashboard,0.0,CAFiltered.csv
COVID-19,Unspecified,CANADA,2020-02-03,World Health Organization COVID-19 Dashboard,0.0,CAFiltered.csv
COVID-19,Unspecified,CANADA,2020-02-04,World Health Organization COVID-19 Dashboard,4.0,CAFiltered.csv
COVID-19,Unspecified,CANADA,2020-02-05,World Health Organization COVID-19 Dashboard,1.0,CAFiltered.csv
COVID-19,Unspecified,CANADA,2020-02-06,World Health Organization COVID-19 Dashboard,0.0,CAFiltered.csv
COVID-19,Unspecified,CANADA,2020-02-07,World Health Organization COVID-19 Dashboard,0.0,CAFiltered.csv
COVID-19,Unspecified,CANADA,2020-02-08,World Health Organization COVID-19 Dashboard,2.0,CAFiltered.csv
COVID-19,Unspecified,CANADA,2020-02-09,World Health Organization COVID-19 Dashboard,0.0,CAFiltered.csv
COVID-19,Unspecified,CANADA,2020-02-10,World Health Organization COVID-19 Dashboard,0.0,CAFiltered.csv
COVID-19,Unspecified,CANADA,2020-02-11,World Health Organization COVID-19 Dashboard,0.0,CAFiltered.csv
COVID-19,Unspecified,CANADA,2020-02-12,World Health Organization COVID-19 Dashboard,0.0,CAFiltered.csv
COVID-19,Unspecified,CANADA,2020-02-13,World Health Organization COVID-19 Dashboard,0.0,CAFiltered.csv
COVID-19,Unspecified,CANADA,2020-02-14,World Health Organization COVID-19 Dashboard,0.0,CAFiltered.csv
COVID-19,Unspecified,CANADA,2020-02-15,World Health Organization COVID-19 Dashboard,0.0,CAFiltered.csv
COVID-19,Unspecified,CANADA,2020-02-16,World Health Organization COVID-19 Dashboard,0.0,CAFiltered.csv
COVID-19,Unspecified,CANADA,2020-02-17,World Health Organization COVID-19 Dashboard,1.0,CAFiltered.csv
COVID-19,Unspecified,CANADA,2020-02-18,World Health Organization COVID-19 Dashboard,0.0,CAFiltered.csv
COVID-19,Unspecified,CANADA,2020-02-19,World Health Organization COVID-19 Dashboard,0.0,CAFiltered.csv
COVID-19,Unspecified,CANADA,2020-02-20,World Health Organization COVID-19 Dashboard,0.0,CAFiltered.csv
COVID-19,Unspecified,CANADA,2020-02-21,World Health Organization COVID-19 Dashboard,0.0,CAFiltered.csv
COVID-19,Unspecified,CANADA,2020-02-22,World Health Organization COVID-19 Dashboard,1.0,CAFiltered.csv
COVID-19,Unspecified,CANADA,2020-02-23,World Health Organization COVID-19 Dashboard,0.0,CAFiltered.csv
COVID-19,Unspecified,CANADA,2020-02-24,World Health Organization COVID-19 Dashboard,0.0,CAFiltered.csv
COVID-19,Unspecified,CANADA,2020-02-25,World Health Organization COVID-19 Dashboard,1.0,CAFiltered.csv
COVID-19,Unspecified,CANADA,2020-02-26,World Health Organization COVID-19 Dashboard,0.0,CAFiltered.csv
COVID-19,Unspecified,CANADA,2020-02-27,World Health Organization COVID-19 Dashboard,1.0,CAFiltered.csv
COVID-19,Unspecified,CANADA,2020-02-28,World Health Organization COVID-19 Dashboard,1.0,CAFiltered.csv
COVID-19,Unspecified,CANADA,2020-02-29,World Health Organization COVID-19 Dashboard,1.0,CAFiltered.csv
COVID-19,Unspecified,CANADA,2020-03-01,World Health Organization COVID-19 Dashboard,2.0,CAFiltered.csv
COVID-19,Unspecified,CANADA,2020-03-02,World Health Organization COVID-19 Dashboard,0.0,CAFiltered.csv
COVID-19,Unspecified,CANADA,2020-03-03,World Health Organization COVID-19 Dashboard,9.0,CAFiltered.csv
COVID-19,Unspecified,CANADA,2020-03-04,World Health Organization COVID-19 Dashboard,9.0,CAFiltered.csv
COVID-19,Unspecified,CANADA,2020-03-05,World Health Organization COVID-19 Dashboard,0.0,CAFiltered.csv
COVID-19,Unspecified,CANADA,2020-03-06,World Health Organization COVID-19 Dashboard,12.0,CAFiltered.csv
COVID-19,Unspecified,CANADA,2020-03-07,World Health Organization COVID-19 Dashboard,0.0,CAFiltered.csv
COVID-19,Unspecified,CANADA,2020-03-08,World Health Organization COVID-19 Dashboard,6.0,CAFiltered.csv
COVID-19,Unspecified,CANADA,2020-03-09,World Health Organization COVID-19 Dashboard,6.0,CAFiltered.csv
COVID-19,Unspecified,CANADA,2020-03-10,World Health Organization COVID-19 Dashboard,5.0,CAFiltered.csv
COVID-19,Unspecified,CANADA,2020-03-11,World Health Organization COVID-19 Dashboard,15.0,CAFiltered.csv
COVID-19,Unspecified,CANADA,2020-03-12,World Health Organization COVID-19 Dashboard,26.0,CAFiltered.csv
COVID-19,Unspecified,CANADA,2020-03-13,World Health Organization COVID-19 Dashboard,0.0,CAFiltered.csv
COVID-19,Unspecified,CANADA,2020-03-14,World Health Organization COVID-19 Dashboard,35.0,CAFiltered.csv
COVID-19,Unspecified,CANADA,2020-03-15,World Health Organization COVID-19 Dashboard,38.0,CAFiltered.csv
COVID-19,Unspecified,CANADA,2020-03-16,World Health Organization COVID-19 Dashboard,17.0,CAFiltered.csv
COVID-19,Unspecified,CANADA,2020-03-17,World Health Organization COVID-19 Dashboard,56.0,CAFiltered.csv
COVID-19,Unspecified,CANADA,2020-03-18,World Health Organization COVID-19 Dashboard,75.0,CAFiltered.csv
COVID-19,Unspecified,CANADA,2020-03-19,World Health Organization COVID-19 Dashboard,100.0,CAFiltered.csv
COVID-19,Unspecified,CANADA,2020-03-20,World Health Organization COVID-19 Dashboard,145.0,CAFiltered.csv
COVID-19,Unspecified,CANADA,2020-03-21,World Health Organization COVID-19 Dashboard,277.0,CAFiltered.csv
COVID-19,Unspecified,CANADA,2020-03-22,World Health Organization COVID-19 Dashboard,125.0,CAFiltered.csv
COVID-19,Unspecified,CANADA,2020-03-23,World Health Organization COVID-19 Dashboard,331.0,CAFiltered.csv
COVID-19,Unspecified,CANADA,2020-03-24,World Health Organization COVID-19 Dashboard,128.0,CAFiltered.csv
COVID-19,Unspecified,CANADA,2020-03-25,World Health Organization COVID-19 Dashboard,216.0,CAFiltered.csv
COVID-19,Unspecified,CANADA,2020-03-26,World Health Organization COVID-19 Dashboard,313.0,CAFiltered.csv
COVID-19,Unspecified,CANADA,2020-03-27,World Health Organization COVID-19 Dashboard,1426.0,CAFiltered.csv
COVID-19,Unspecified,CANADA,2020-03-28,World Health Organization COVID-19 Dashboard,633.0,CAFiltered.csv
COVID-19,Unspecified,CANADA,2020-03-29,World Health Organization COVID-19 Dashboard,657.0,CAFiltered.csv
COVID-19,Unspecified,CANADA,2020-03-30,World Health Organization COVID-19 Dashboard,711.0,CAFiltered.csv
COVID-19,Unspecified,CANADA,2020-03-31,World Health Organization COVID-19 Dashboard,869.0,CAFiltered.csv
COVID-19,Unspecified,CANADA,2020-04-01,World Health Organization COVID-19 Dashboard,1169.0,CAFiltered.csv
COVID-19,Unspecified,CANADA,2020-04-02,World Health Organization COVID-19 Dashboard,1112.0,CAFiltered.csv
COVID-19,Unspecified,CANADA,2020-04-03,World Health Organization COVID-19 Dashboard,1059.0,CAFiltered.csv
COVID-19,Unspecified,CANADA,2020-04-04,World Health Organization COVID-19 Dashboard,1673.0,CAFiltered.csv
COVID-19,Unspecified,CANADA,2020-04-05,World Health Organization COVID-19 Dashboard,1251.0,CAFiltered.csv
COVID-19,Unspecified,CANADA,2020-04-06,World Health Organization COVID-19 Dashboard,1363.0,CAFiltered.csv
COVID-19,Unspecified,CANADA,2020-04-07,World Health Organization COVID-19 Dashboard,1614.0,CAFiltered.csv
COVID-19,Unspecified,CANADA,2020-04-08,World Health Organization COVID-19 Dashboard,1157.0,CAFiltered.csv
COVID-19,Unspecified,CANADA,2020-04-09,World Health Organization COVID-19 Dashboard,1230.0,CAFiltered.csv
COVID-19,Unspecified,CANADA,2020-04-10,World Health Organization COVID-19 Dashboard,1391.0,CAFiltered.csv
COVID-19,Unspecified,CANADA,2020-04-11,World Health Organization COVID-19 Dashboard,1474.0,CAFiltered.csv
COVID-19,Unspecified,CANADA,2020-04-12,World Health Organization COVID-19 Dashboard,1385.0,CAFiltered.csv
COVID-19,Unspecified,CANADA,2020-04-13,World Health Organization COVID-19 Dashboard,1168.0,CAFiltered.csv
COVID-19,Unspecified,CANADA,2020-04-14,World Health Organization COVID-19 Dashboard,1064.0,CAFiltered.csv
COVID-19,Unspecified,CANADA,2020-04-15,World Health Organization COVID-19 Dashboard,1298.0,CAFiltered.csv
COVID-19,Unspecified,CANADA,2020-04-16,World Health Organization COVID-19 Dashboard,1383.0,CAFiltered.csv
COVID-19,Unspecified,CANADA,2020-04-17,World Health Organization COVID-19 Dashboard,1318.0,CAFiltered.csv
COVID-19,Unspecified,CANADA,2020-04-18,World Health Organization COVID-19 Dashboard,1717.0,CAFiltered.csv
COVID-19,Unspecified,CANADA,2020-04-19,World Health Organization COVID-19 Dashboard,1791.0,CAFiltered.csv
COVID-19,Unspecified,CANADA,2020-04-20,World Health Organization COVID-19 Dashboard,1468.0,CAFiltered.csv
COVID-19,Unspecified,CANADA,2020-04-21,World Health Organization COVID-19 Dashboard,1436.0,CAFiltered.csv
COVID-19,Unspecified,CANADA,2020-04-22,World Health Organization COVID-19 Dashboard,2046.0,CAFiltered.csv
COVID-19,Unspecified,CANADA,2020-04-23,World Health Organization COVID-19 Dashboard,1590.0,CAFiltered.csv
COVID-19,Unspecified,CANADA,2020-04-24,World Health Organization COVID-19 Dashboard,1767.0,CAFiltered.csv
COVID-19,Unspecified,CANADA,2020-04-25,World Health Organization COVID-19 Dashboard,1920.0,CAFiltered.csv
COVID-19,Unspecified,CANADA,2020-04-26,World Health Organization COVID-19 Dashboard,1778.0,CAFiltered.csv
COVID-19,Unspecified,CANADA,2020-04-27,World Health Organization COVID-19 Dashboard,1464.0,CAFiltered.csv
COVID-19,Unspecified,CANADA,2020-04-28,World Health Organization COVID-19 Dashboard,1543.0,CAFiltered.csv
COVID-19,Unspecified,CANADA,2020-04-29,World Health Organization COVID-19 Dashboard,1605.0,CAFiltered.csv
COVID-19,Unspecified,CANADA,2020-04-30,World Health Organization COVID-19 Dashboard,1526.0,CAFiltered.csv
COVID-19,Unspecified,CANADA,2020-05-01,World Health Organization COVID-19 Dashboard,1572.0,CAFiltered.csv
COVID-19,Unspecified,CANADA,2020-05-02,World Health Organization COVID-19 Dashboard,1638.0,CAFiltered.csv
COVID-19,Unspecified,CANADA,2020-05-03,World Health Organization COVID-19 Dashboard,1825.0,CAFiltered.csv
COVID-19,Unspecified,CANADA,2020-05-04,World Health Organization COVID-19 Dashboard,1653.0,CAFiltered.csv
COVID-19,Unspecified,CANADA,2020-05-05,World Health Organization COVID-19 Dashboard,2760.0,CAFiltered.csv
COVID-19,Unspecified,CANADA,2020-05-06,World Health Organization COVID-19 Dashboard,1298.0,CAFiltered.csv
COVID-19,Unspecified,CANADA,2020-05-07,World Health Organization COVID-19 Dashboard,1274.0,CAFiltered.csv
COVID-19,Unspecified,CANADA,2020-05-08,World Health Organization COVID-19 Dashboard,1449.0,CAFiltered.csv
COVID-19,Unspecified,CANADA,2020-05-09,World Health Organization COVID-19 Dashboard,1426.0,CAFiltered.csv
COVID-19,Unspecified,CANADA,2020-05-10,World Health Organization COVID-19 Dashboard,1512.0,CAFiltered.csv
COVID-19,Unspecified,CANADA,2020-05-11,World Health Organization COVID-19 Dashboard,1268.0,CAFiltered.csv
COVID-19,Unspecified,CANADA,2020-05-12,World Health Organization COVID-19 Dashboard,1146.0,CAFiltered.csv
COVID-19,Unspecified,CANADA,2020-05-13,World Health Organization COVID-19 Dashboard,1133.0,CAFiltered.csv
COVID-19,Unspecified,CANADA,2020-05-14,World Health Organization COVID-19 Dashboard,1175.0,CAFiltered.csv
COVID-19,Unspecified,CANADA,2020-05-15,World Health Organization COVID-19 Dashboard,1121.0,CAFiltered.csv
COVID-19,Unspecified,CANADA,2020-05-16,World Health Organization COVID-19 Dashboard,1211.0,CAFiltered.csv
COVID-19,Unspecified,CANADA,2020-05-17,World Health Organization COVID-19 Dashboard,1126.0,CAFiltered.csv
COVID-19,Unspecified,CANADA,2020-05-18,World Health Organization COVID-19 Dashboard,1251.0,CAFiltered.csv
COVID-19,Unspecified,CANADA,2020-05-19,World Health Organization COVID-19 Dashboard,1138.0,CAFiltered.csv
COVID-19,Unspecified,CANADA,2020-05-20,World Health Organization COVID-19 Dashboard,1070.0,CAFiltered.csv
COVID-19,Unspecified,CANADA,2020-05-21,World Health Organization COVID-19 Dashboard,1040.0,CAFiltered.csv
COVID-19,Unspecified,CANADA,2020-05-22,World Health Organization COVID-19 Dashboard,1011.0,CAFiltered.csv
COVID-19,Unspecified,CANADA,2020-05-23,World Health Organization COVID-19 Dashboard,1201.0,CAFiltered.csv
COVID-19,Unspecified,CANADA,2020-05-24,World Health Organization COVID-19 Dashboard,1156.0,CAFiltered.csv
COVID-19,Unspecified,CANADA,2020-05-25,World Health Organization COVID-19 Dashboard,1141.0,CAFiltered.csv
COVID-19,Unspecified,CANADA,2020-05-26,World Health Organization COVID-19 Dashboard,1078.0,CAFiltered.csv
COVID-19,Unspecified,CANADA,2020-05-27,World Health Organization COVID-19 Dashboard,1012.0,CAFiltered.csv
COVID-19,Unspecified,CANADA,2020-05-28,World Health Organization COVID-19 Dashboard,936.0,CAFiltered.csv
COVID-19,Unspecified,CANADA,2020-05-29,World Health Organization COVID-19 Dashboard,872.0,CAFiltered.csv
COVID-19,Unspecified,CANADA,2020-05-30,World Health Organization COVID-19 Dashboard,993.0,CAFiltered.csv
COVID-19,Unspecified,CANADA,2020-05-31,World Health Organization COVID-19 Dashboard,906.0,CAFiltered.csv
COVID-19,Unspecified,CANADA,2020-06-01,World Health Organization COVID-19 Dashboard,772.0,CAFiltered.csv
COVID-19,Unspecified,CANADA,2020-06-02,World Health Organization COVID-19 Dashboard,757.0,CAFiltered.csv
COVID-19,Unspecified,CANADA,2020-06-03,World Health Organization COVID-19 Dashboard,758.0,CAFiltered.csv
COVID-19,Unspecified,CANADA,2020-06-04,World Health Organization COVID-19 Dashboard,705.0,CAFiltered.csv
COVID-19,Unspecified,CANADA,2020-06-05,World Health Organization COVID-19 Dashboard,675.0,CAFiltered.csv
COVID-19,Unspecified,CANADA,2020-06-06,World Health Organization COVID-19 Dashboard,641.0,CAFiltered.csv
COVID-19,Unspecified,CANADA,2020-06-07,World Health Organization COVID-19 Dashboard,609.0,CAFiltered.csv
COVID-19,Unspecified,CANADA,2020-06-08,World Health Organization COVID-19 Dashboard,722.0,CAFiltered.csv
COVID-19,Unspecified,CANADA,2020-06-09,World Health Organization COVID-19 Dashboard,642.0,CAFiltered.csv
COVID-19,Unspecified,CANADA,2020-06-10,World Health Organization COVID-19 Dashboard,545.0,CAFiltered.csv
COVID-19,Unspecified,CANADA,2020-06-11,World Health Organization COVID-19 Dashboard,409.0,CAFiltered.csv
COVID-19,Unspecified,CANADA,2020-06-12,World Health Organization COVID-19 Dashboard,472.0,CAFiltered.csv
COVID-19,Unspecified,CANADA,2020-06-13,World Health Organization COVID-19 Dashboard,405.0,CAFiltered.csv
COVID-19,Unspecified,CANADA,2020-06-14,World Health Organization COVID-19 Dashboard,413.0,CAFiltered.csv
COVID-19,Unspecified,CANADA,2020-06-15,World Health Organization COVID-19 Dashboard,467.0,CAFiltered.csv
COVID-19,Unspecified,CANADA,2020-06-16,World Health Organization COVID-19 Dashboard,377.0,CAFiltered.csv
COVID-19,Unspecified,CANADA,2020-06-17,World Health Organization COVID-19 Dashboard,360.0,CAFiltered.csv
COVID-19,Unspecified,CANADA,2020-06-18,World Health Organization COVID-19 Dashboard,320.0,CAFiltered.csv
COVID-19,Unspecified,CANADA,2020-06-19,World Health Organization COVID-19 Dashboard,386.0,CAFiltered.csv
COVID-19,Unspecified,CANADA,2020-06-20,World Health Organization COVID-19 Dashboard,367.0,CAFiltered.csv
COVID-19,Unspecified,CANADA,2020-06-21,World Health Organization COVID-19 Dashboard,409.0,CAFiltered.csv
COVID-19,Unspecified,CANADA,2020-06-22,World Health Organization COVID-19 Dashboard,390.0,CAFiltered.csv
COVID-19,Unspecified,CANADA,2020-06-23,World Health Organization COVID-19 Dashboard,318.0,CAFiltered.csv
COVID-19,Unspecified,CANADA,2020-06-24,World Health Organization COVID-19 Dashboard,300.0,CAFiltered.csv
COVID-19,Unspecified,CANADA,2020-06-25,World Health Organization COVID-19 Dashboard,326.0,CAFiltered.csv
COVID-19,Unspecified,CANADA,2020-06-26,World Health Organization COVID-19 Dashboard,279.0,CAFiltered.csv
COVID-19,Unspecified,CANADA,2020-06-27,World Health Organization COVID-19 Dashboard,380.0,CAFiltered.csv
COVID-19,Unspecified,CANADA,2020-06-28,World Health Organization COVID-19 Dashboard,172.0,CAFiltered.csv
COVID-19,Unspecified,CANADA,2020-06-29,World Health Organization COVID-19 Dashboard,238.0,CAFiltered.csv
COVID-19,Unspecified,CANADA,2020-06-30,World Health Organization COVID-19 Dashboard,218.0,CAFiltered.csv
COVID-19,Unspecified,CANADA,2020-07-01,World Health Organization COVID-19 Dashboard,668.0,CAFiltered.csv
COVID-19,Unspecified,CANADA,2020-07-02,World Health Organization COVID-19 Dashboard,286.0,CAFiltered.csv
COVID-19,Unspecified,CANADA,2020-07-03,World Health Organization COVID-19 Dashboard,0.0,CAFiltered.csv
COVID-19,Unspecified,CANADA,2020-07-04,World Health Organization COVID-19 Dashboard,567.0,CAFiltered.csv
COVID-19,Unspecified,CANADA,2020-07-05,World Health Organization COVID-19 Dashboard,319.0,CAFiltered.csv
COVID-19,Unspecified,CANADA,2020-07-06,World Health Organization COVID-19 Dashboard,226.0,CAFiltered.csv
COVID-19,Unspecified,CANADA,2020-07-07,World Health Organization COVID-19 Dashboard,219.0,CAFiltered.csv
COVID-19,Unspecified,CANADA,2020-07-08,World Health Organization COVID-19 Dashboard,399.0,CAFiltered.csv
COVID-19,Unspecified,CANADA,2020-07-09,World Health Organization COVID-19 Dashboard,232.0,CAFiltered.csv
COVID-19,Unspecified,CANADA,2020-07-10,World Health Organization COVID-19 Dashboard,267.0,CAFiltered.csv
COVID-19,Unspecified,CANADA,2020-07-11,World Health Organization COVID-19 Dashboard,371.0,CAFiltered.csv
COVID-19,Unspecified,CANADA,2020-07-12,World Health Organization COVID-19 Dashboard,321.0,CAFiltered.csv
COVID-19,Unspecified,CANADA,2020-07-13,World Health Organization COVID-19 Dashboard,221.0,CAFiltered.csv
COVID-19,Unspecified,CANADA,2020-07-14,World Health Organization COVID-19 Dashboard,244.0,CAFiltered.csv
COVID-19,Unspecified,CANADA,2020-07-15,World Health Organization COVID-19 Dashboard,565.0,CAFiltered.csv
COVID-19,Unspecified,CANADA,2020-07-16,World Health Organization COVID-19 Dashboard,331.0,CAFiltered.csv
COVID-19,Unspecified,CANADA,2020-07-17,World Health Organization COVID-19 Dashboard,341.0,CAFiltered.csv
COVID-19,Unspecified,CANADA,2020-07-18,World Health Organization COVID-19 Dashboard,437.0,CAFiltered.csv
COVID-19,Unspecified,CANADA,2020-07-19,World Health Organization COVID-19 Dashboard,405.0,CAFiltered.csv
COVID-19,Unspecified,CANADA,2020-07-20,World Health Organization COVID-19 Dashboard,330.0,CAFiltered.csv
COVID-19,Unspecified,CANADA,2020-07-21,World Health Organization COVID-19 Dashboard,339.0,CAFiltered.csv
COVID-19,Unspecified,CANADA,2020-07-22,World Health Organization COVID-19 Dashboard,786.0,CAFiltered.csv
COVID-19,Unspecified,CANADA,2020-07-23,World Health Organization COVID-19 Dashboard,571.0,CAFiltered.csv
COVID-19,Unspecified,CANADA,2020-07-24,World Health Organization COVID-19 Dashboard,543.0,CAFiltered.csv
COVID-19,Unspecified,CANADA,2020-07-25,World Health Organization COVID-19 Dashboard,432.0,CAFiltered.csv
COVID-19,Unspecified,CANADA,2020-07-26,World Health Organization COVID-19 Dashboard,534.0,CAFiltered.csv
COVID-19,Unspecified,CANADA,2020-07-27,World Health Organization COVID-19 Dashboard,350.0,CAFiltered.csv
COVID-19,Unspecified,CANADA,2020-07-28,World Health Organization COVID-19 Dashboard,355.0,CAFiltered.csv
COVID-19,Unspecified,CANADA,2020-07-29,World Health Organization COVID-19 Dashboard,686.0,CAFiltered.csv
COVID-19,Unspecified,CANADA,2020-07-30,World Health Organization COVID-19 Dashboard,396.0,CAFiltered.csv
COVID-19,Unspecified,CANADA,2020-07-31,World Health Organization COVID-19 Dashboard,412.0,CAFiltered.csv
COVID-19,Unspecified,CANADA,2020-08-01,World Health Organization COVID-19 Dashboard,393.0,CAFiltered.csv
COVID-19,Unspecified,CANADA,2020-08-02,World Health Organization COVID-19 Dashboard,513.0,CAFiltered.csv
COVID-19,Unspecified,CANADA,2020-08-03,World Health Organization COVID-19 Dashboard,287.0,CAFiltered.csv
COVID-19,Unspecified,CANADA,2020-08-04,World Health Organization COVID-19 Dashboard,285.0,CAFiltered.csv
COVID-19,Unspecified,CANADA,2020-08-05,World Health Organization COVID-19 Dashboard,147.0,CAFiltered.csv
COVID-19,Unspecified,CANADA,2020-08-06,World Health Organization COVID-19 Dashboard,760.0,CAFiltered.csv
COVID-19,Unspecified,CANADA,2020-08-07,World Health Organization COVID-19 Dashboard,395.0,CAFiltered.csv
COVID-19,Unspecified,CANADA,2020-08-08,World Health Organization COVID-19 Dashboard,374.0,CAFiltered.csv
COVID-19,Unspecified,CANADA,2020-08-09,World Health Organization COVID-19 Dashboard,424.0,CAFiltered.csv
COVID-19,Unspecified,CANADA,2020-08-10,World Health Organization COVID-19 Dashboard,236.0,CAFiltered.csv
COVID-19,Unspecified,CANADA,2020-08-11,World Health Organization COVID-19 Dashboard,230.0,CAFiltered.csv
COVID-19,Unspecified,CANADA,2020-08-12,World Health Organization COVID-19 Dashboard,681.0,CAFiltered.csv
COVID-19,Unspecified,CANADA,2020-08-13,World Health Organization COVID-19 Dashboard,289.0,CAFiltered.csv
COVID-19,Unspecified,CANADA,2020-08-14,World Health Organization COVID-19 Dashboard,423.0,CAFiltered.csv
COVID-19,Unspecified,CANADA,2020-08-15,World Health Organization COVID-19 Dashboard,405.0,CAFiltered.csv
COVID-19,Unspecified,CANADA,2020-08-16,World Health Organization COVID-19 Dashboard,418.0,CAFiltered.csv
COVID-19,Unspecified,CANADA,2020-08-17,World Health Organization COVID-19 Dashboard,237.0,CAFiltered.csv
COVID-19,Unspecified,CANADA,2020-08-18,World Health Organization COVID-19 Dashboard,198.0,CAFiltered.csv
COVID-19,Unspecified,CANADA,2020-08-19,World Health Organization COVID-19 Dashboard,785.0,CAFiltered.csv
COVID-19,Unspecified,CANADA,2020-08-20,World Health Organization COVID-19 Dashboard,282.0,CAFiltered.csv
COVID-19,Unspecified,CANADA,2020-08-21,World Health Organization COVID-19 Dashboard,336.0,CAFiltered.csv
COVID-19,Unspecified,CANADA,2020-08-22,World Health Organization COVID-19 Dashboard,383.0,CAFiltered.csv
COVID-19,Unspecified,CANADA,2020-08-23,World Health Organization COVID-19 Dashboard,499.0,CAFiltered.csv
COVID-19,Unspecified,CANADA,2020-08-24,World Health Organization COVID-19 Dashboard,257.0,CAFiltered.csv
COVID-19,Unspecified,CANADA,2020-08-25,World Health Organization COVID-19 Dashboard,267.0,CAFiltered.csv
COVID-19,Unspecified,CANADA,2020-08-26,World Health Organization COVID-19 Dashboard,750.0,CAFiltered.csv
COVID-19,Unspecified,CANADA,2020-08-27,World Health Organization COVID-19 Dashboard,323.0,CAFiltered.csv
COVID-19,Unspecified,CANADA,2020-08-28,World Health Organization COVID-19 Dashboard,448.0,CAFiltered.csv
COVID-19,Unspecified,CANADA,2020-08-29,World Health Organization COVID-19 Dashboard,431.0,CAFiltered.csv
COVID-19,Unspecified,CANADA,2020-08-30,World Health Organization COVID-19 Dashboard,462.0,CAFiltered.csv
COVID-19,Unspecified,CANADA,2020-08-31,World Health Organization COVID-19 Dashboard,363.0,CAFiltered.csv
COVID-19,Unspecified,CANADA,2020-09-01,World Health Organization COVID-19 Dashboard,267.0,CAFiltered.csv
COVID-19,Unspecified,CANADA,2020-09-02,World Health Organization COVID-19 Dashboard,1008.0,CAFiltered.csv
COVID-19,Unspecified,CANADA,2020-09-03,World Health Organization COVID-19 Dashboard,477.0,CAFiltered.csv
COVID-19,Unspecified,CANADA,2020-09-04,World Health Organization COVID-19 Dashboard,498.0,CAFiltered.csv
COVID-19,Unspecified,CANADA,2020-09-05,World Health Organization COVID-19 Dashboard,570.0,CAFiltered.csv
COVID-19,Unspecified,CANADA,2020-09-06,World Health Organization COVID-19 Dashboard,631.0,CAFiltered.csv
COVID-19,Unspecified,CANADA,2020-09-07,World Health Organization COVID-19 Dashboard,371.0,CAFiltered.csv
COVID-19,Unspecified,CANADA,2020-09-08,World Health Organization COVID-19 Dashboard,400.0,CAFiltered.csv
COVID-19,Unspecified,CANADA,2020-09-09,World Health Organization COVID-19 Dashboard,247.0,CAFiltered.csv
COVID-19,Unspecified,CANADA,2020-09-10,World Health Organization COVID-19 Dashboard,1606.0,CAFiltered.csv
COVID-19,Unspecified,CANADA,2020-09-11,World Health Organization COVID-19 Dashboard,546.0,CAFiltered.csv
COVID-19,Unspecified,CANADA,2020-09-12,World Health Organization COVID-19 Dashboard,630.0,CAFiltered.csv
COVID-19,Unspecified,CANADA,2020-09-13,World Health Organization COVID-19 Dashboard,702.0,CAFiltered.csv
COVID-19,Unspecified,CANADA,2020-09-14,World Health Organization COVID-19 Dashboard,515.0,CAFiltered.csv
COVID-19,Unspecified,CANADA,2020-09-15,World Health Organization COVID-19 Dashboard,518.0,CAFiltered.csv
COVID-19,Unspecified,CANADA,2020-09-16,World Health Organization COVID-19 Dashboard,1351.0,CAFiltered.csv
COVID-19,Unspecified,CANADA,2020-09-17,World Health Organization COVID-19 Dashboard,793.0,CAFiltered.csv
COVID-19,Unspecified,CANADA,2020-09-18,World Health Organization COVID-19 Dashboard,944.0,CAFiltered.csv
COVID-19,Unspecified,CANADA,2020-09-19,World Health Organization COVID-19 Dashboard,1120.0,CAFiltered.csv
COVID-19,Unspecified,CANADA,2020-09-20,World Health Organization COVID-19 Dashboard,1044.0,CAFiltered.csv
COVID-19,Unspecified,CANADA,2020-09-21,World Health Organization COVID-19 Dashboard,863.0,CAFiltered.csv
COVID-19,Unspecified,CANADA,2020-09-22,World Health Organization COVID-19 Dashboard,875.0,CAFiltered.csv
COVID-19,Unspecified,CANADA,2020-09-23,World Health Organization COVID-19 Dashboard,1766.0,CAFiltered.csv
COVID-19,Unspecified,CANADA,2020-09-24,World Health Organization COVID-19 Dashboard,1248.0,CAFiltered.csv
COVID-19,Unspecified,CANADA,2020-09-25,World Health Organization COVID-19 Dashboard,1090.0,CAFiltered.csv
COVID-19,Unspecified,CANADA,2020-09-26,World Health Organization COVID-19 Dashboard,1341.0,CAFiltered.csv
COVID-19,Unspecified,CANADA,2020-09-27,World Health Organization COVID-19 Dashboard,1362.0,CAFiltered.csv
COVID-19,Unspecified,CANADA,2020-09-28,World Health Organization COVID-19 Dashboard,1215.0,CAFiltered.csv
COVID-19,Unspecified,CANADA,2020-09-29,World Health Organization COVID-19 Dashboard,1454.0,CAFiltered.csv
COVID-19,Unspecified,CANADA,2020-09-30,World Health Organization COVID-19 Dashboard,2176.0,CAFiltered.csv
COVID-19,Unspecified,CANADA,2020-10-01,World Health Organization COVID-19 Dashboard,1660.0,CAFiltered.csv
COVID-19,Unspecified,CANADA,2020-10-02,World Health Organization COVID-19 Dashboard,1797.0,CAFiltered.csv
COVID-19,Unspecified,CANADA,2020-10-03,World Health Organization COVID-19 Dashboard,1777.0,CAFiltered.csv
COVID-19,Unspecified,CANADA,2020-10-04,World Health Organization COVID-19 Dashboard,2124.0,CAFiltered.csv
COVID-19,Unspecified,CANADA,2020-10-05,World Health Organization COVID-19 Dashboard,1812.0,CAFiltered.csv
COVID-19,Unspecified,CANADA,2020-10-06,World Health Organization COVID-19 Dashboard,1685.0,CAFiltered.csv
COVID-19,Unspecified,CANADA,2020-10-07,World Health Organization COVID-19 Dashboard,2804.0,CAFiltered.csv
COVID-19,Unspecified,CANADA,2020-10-08,World Health Organization COVID-19 Dashboard,2363.0,CAFiltered.csv
COVID-19,Unspecified,CANADA,2020-10-09,World Health Organization COVID-19 Dashboard,1800.0,CAFiltered.csv
COVID-19,Unspecified,CANADA,2020-10-10,World Health Organization COVID-19 Dashboard,2436.0,CAFiltered.csv
COVID-19,Unspecified,CANADA,2020-10-11,World Health Organization COVID-19 Dashboard,2558.0,CAFiltered.csv
COVID-19,Unspecified,CANADA,2020-10-12,World Health Organization COVID-19 Dashboard,2062.0,CAFiltered.csv
COVID-19,Unspecified,CANADA,2020-10-13,World Health Organization COVID-19 Dashboard,1685.0,CAFiltered.csv
COVID-19,Unspecified,CANADA,2020-10-14,World Health Organization COVID-19 Dashboard,975.0,CAFiltered.csv
COVID-19,Unspecified,CANADA,2020-10-15,World Health Organization COVID-19 Dashboard,4042.0,CAFiltered.csv
COVID-19,Unspecified,CANADA,2020-10-16,World Health Organization COVID-19 Dashboard,2504.0,CAFiltered.csv
COVID-19,Unspecified,CANADA,2020-10-17,World Health Organization COVID-19 Dashboard,2345.0,CAFiltered.csv
COVID-19,Unspecified,CANADA,2020-10-18,World Health Organization COVID-19 Dashboard,2376.0,CAFiltered.csv
COVID-19,Unspecified,CANADA,2020-10-19,World Health Organization COVID-19 Dashboard,2215.0,CAFiltered.csv
COVID-19,Unspecified,CANADA,2020-10-20,World Health Organization COVID-19 Dashboard,1827.0,CAFiltered.csv
COVID-19,Unspecified,CANADA,2020-10-21,World Health Organization COVID-19 Dashboard,3289.0,CAFiltered.csv
COVID-19,Unspecified,CANADA,2020-10-22,World Health Organization COVID-19 Dashboard,2251.0,CAFiltered.csv
COVID-19,Unspecified,CANADA,2020-10-23,World Health Organization COVID-19 Dashboard,2672.0,CAFiltered.csv
COVID-19,Unspecified,CANADA,2020-10-24,World Health Organization COVID-19 Dashboard,2788.0,CAFiltered.csv
COVID-19,Unspecified,CANADA,2020-10-25,World Health Organization COVID-19 Dashboard,2584.0,CAFiltered.csv
COVID-19,Unspecified,CANADA,2020-10-26,World Health Organization COVID-19 Dashboard,2227.0,CAFiltered.csv
COVID-19,Unspecified,CANADA,2020-10-27,World Health Organization COVID-19 Dashboard,2145.0,CAFiltered.csv
COVID-19,Unspecified,CANADA,2020-10-28,World Health Organization COVID-19 Dashboard,4109.0,CAFiltered.csv
COVID-19,Unspecified,CANADA,2020-10-29,World Health Organization COVID-19 Dashboard,2674.0,CAFiltered.csv
COVID-19,Unspecified,CANADA,2020-10-30,World Health Organization COVID-19 Dashboard,2699.0,CAFiltered.csv
COVID-19,Unspecified,CANADA,2020-10-31,World Health Organization COVID-19 Dashboard,2956.0,CAFiltered.csv
COVID-19,Unspecified,CANADA,2020-11-01,World Health Organization COVID-19 Dashboard,3457.0,CAFiltered.csv
COVID-19,Unspecified,CANADA,2020-11-02,World Health Organization COVID-19 Dashboard,3445.0,CAFiltered.csv
COVID-19,Unspecified,CANADA,2020-11-03,World Health Organization COVID-19 Dashboard,3244.0,CAFiltered.csv
COVID-19,Unspecified,CANADA,2020-11-04,World Health Organization COVID-19 Dashboard,3273.0,CAFiltered.csv
COVID-19,Unspecified,CANADA,2020-11-05,World Health Organization COVID-19 Dashboard,2974.0,CAFiltered.csv
COVID-19,Unspecified,CANADA,2020-11-06,World Health Organization COVID-19 Dashboard,3283.0,CAFiltered.csv
COVID-19,Unspecified,CANADA,2020-11-07,World Health Organization COVID-19 Dashboard,3922.0,CAFiltered.csv
COVID-19,Unspecified,CANADA,2020-11-08,World Health Organization COVID-19 Dashboard,3669.0,CAFiltered.csv
COVID-19,Unspecified,CANADA,2020-11-09,World Health Organization COVID-19 Dashboard,4246.0,CAFiltered.csv
COVID-19,Unspecified,CANADA,2020-11-10,World Health Organization COVID-19 Dashboard,4594.0,CAFiltered.csv
COVID-19,Unspecified,CANADA,2020-11-11,World Health Organization COVID-19 Dashboard,4086.0,CAFiltered.csv
COVID-19,Unspecified,CANADA,2020-11-12,World Health Organization COVID-19 Dashboard,4302.0,CAFiltered.csv
COVID-19,Unspecified,CANADA,2020-11-13,World Health Organization COVID-19 Dashboard,4559.0,CAFiltered.csv
COVID-19,Unspecified,CANADA,2020-11-14,World Health Organization COVID-19 Dashboard,4981.0,CAFiltered.csv
COVID-19,Unspecified,CANADA,2020-11-15,World Health Organization COVID-19 Dashboard,4741.0,CAFiltered.csv
COVID-19,Unspecified,CANADA,2020-11-16,World Health Organization COVID-19 Dashboard,5267.0,CAFiltered.csv
COVID-19,Unspecified,CANADA,2020-11-17,World Health Organization COVID-19 Dashboard,4805.0,CAFiltered.csv
COVID-19,Unspecified,CANADA,2020-11-18,World Health Organization COVID-19 Dashboard,4802.0,CAFiltered.csv
COVID-19,Unspecified,CANADA,2020-11-19,World Health Organization COVID-19 Dashboard,4276.0,CAFiltered.csv
COVID-19,Unspecified,CANADA,2020-11-20,World Health Organization COVID-19 Dashboard,4641.0,CAFiltered.csv
COVID-19,Unspecified,CANADA,2020-11-21,World Health Organization COVID-19 Dashboard,4642.0,CAFiltered.csv
COVID-19,Unspecified,CANADA,2020-11-22,World Health Organization COVID-19 Dashboard,4968.0,CAFiltered.csv
COVID-19,Unspecified,CANADA,2020-11-23,World Health Organization COVID-19 Dashboard,5705.0,CAFiltered.csv
COVID-19,Unspecified,CANADA,2020-11-24,World Health Organization COVID-19 Dashboard,5418.0,CAFiltered.csv
COVID-19,Unspecified,CANADA,2020-11-25,World Health Organization COVID-19 Dashboard,5713.0,CAFiltered.csv
COVID-19,Unspecified,CANADA,2020-11-26,World Health Organization COVID-19 Dashboard,4889.0,CAFiltered.csv
COVID-19,Unspecified,CANADA,2020-11-27,World Health Organization COVID-19 Dashboard,5022.0,CAFiltered.csv
COVID-19,Unspecified,CANADA,2020-11-28,World Health Organization COVID-19 Dashboard,5631.0,CAFiltered.csv
COVID-19,Unspecified,CANADA,2020-11-29,World Health Organization COVID-19 Dashboard,5967.0,CAFiltered.csv
COVID-19,Unspecified,CANADA,2020-11-30,World Health Organization COVID-19 Dashboard,6496.0,CAFiltered.csv
COVID-19,Unspecified,CANADA,2020-12-01,World Health Organization COVID-19 Dashboard,6476.0,CAFiltered.csv
COVID-19,Unspecified,CANADA,2020-12-02,World Health Organization COVID-19 Dashboard,6103.0,CAFiltered.csv
COVID-19,Unspecified,CANADA,2020-12-03,World Health Organization COVID-19 Dashboard,5329.0,CAFiltered.csv
COVID-19,Unspecified,CANADA,2020-12-04,World Health Organization COVID-19 Dashboard,6307.0,CAFiltered.csv
COVID-19,Unspecified,CANADA,2020-12-05,World Health Organization COVID-19 Dashboard,6493.0,CAFiltered.csv
COVID-19,Unspecified,CANADA,2020-12-06,World Health Organization COVID-19 Dashboard,6300.0,CAFiltered.csv
COVID-19,Unspecified,CANADA,2020-12-07,World Health Organization COVID-19 Dashboard,6999.0,CAFiltered.csv
COVID-19,Unspecified,CANADA,2020-12-08,World Health Organization COVID-19 Dashboard,6987.0,CAFiltered.csv
COVID-19,Unspecified,CANADA,2020-12-09,World Health Organization COVID-19 Dashboard,6499.0,CAFiltered.csv
COVID-19,Unspecified,CANADA,2020-12-10,World Health Organization COVID-19 Dashboard,5981.0,CAFiltered.csv
COVID-19,Unspecified,CANADA,2020-12-11,World Health Organization COVID-19 Dashboard,6295.0,CAFiltered.csv
COVID-19,Unspecified,CANADA,2020-12-12,World Health Organization COVID-19 Dashboard,6739.0,CAFiltered.csv
COVID-19,Unspecified,CANADA,2020-12-13,World Health Organization COVID-19 Dashboard,6771.0,CAFiltered.csv
COVID-19,Unspecified,CANADA,2020-12-14,World Health Organization COVID-19 Dashboard,6710.0,CAFiltered.csv
COVID-19,Unspecified,CANADA,2020-12-15,World Health Organization COVID-19 Dashboard,6580.0,CAFiltered.csv
COVID-19,Unspecified,CANADA,2020-12-16,World Health Organization COVID-19 Dashboard,6731.0,CAFiltered.csv
COVID-19,Unspecified,CANADA,2020-12-17,World Health Organization COVID-19 Dashboard,6352.0,CAFiltered.csv
COVID-19,Unspecified,CANADA,2020-12-18,World Health Organization COVID-19 Dashboard,6416.0,CAFiltered.csv
COVID-19,Unspecified,CANADA,2020-12-19,World Health Organization COVID-19 Dashboard,7008.0,CAFiltered.csv
COVID-19,Unspecified,CANADA,2020-12-20,World Health Organization COVID-19 Dashboard,6707.0,CAFiltered.csv
COVID-19,Unspecified,CANADA,2020-12-21,World Health Organization COVID-19 Dashboard,6895.0,CAFiltered.csv
COVID-19,Unspecified,CANADA,2020-12-22,World Health Organization COVID-19 Dashboard,6693.0,CAFiltered.csv
COVID-19,Unspecified,CANADA,2020-12-23,World Health Organization COVID-19 Dashboard,6381.0,CAFiltered.csv
COVID-19,Unspecified,CANADA,2020-12-24,World Health Organization COVID-19 Dashboard,6196.0,CAFiltered.csv
COVID-19,Unspecified,CANADA,2020-12-25,World Health Organization COVID-19 Dashboard,6845.0,CAFiltered.csv
COVID-19,Unspecified,CANADA,2020-12-26,World Health Organization COVID-19 Dashboard,6796.0,CAFiltered.csv
COVID-19,Unspecified,CANADA,2020-12-27,World Health Organization COVID-19 Dashboard,4092.0,CAFiltered.csv
COVID-19,Unspecified,CANADA,2020-12-28,World Health Organization COVID-19 Dashboard,8129.0,CAFiltered.csv
COVID-19,Unspecified,CANADA,2020-12-29,World Health Organization COVID-19 Dashboard,5903.0,CAFiltered.csv
COVID-19,Unspecified,CANADA,2020-12-30,World Health Organization COVID-19 Dashboard,5790.0,CAFiltered.csv
COVID-19,Unspecified,CANADA,2020-12-31,World Health Organization COVID-19 Dashboard,6441.0,CAFiltered.csv
COVID-19,Unspecified,CANADA,2021-01-01,World Health Organization COVID-19 Dashboard,7477.0,CAFiltered.csv
COVID-19,Unspecified,CANADA,2021-01-02,World Health Organization COVID-19 Dashboard,8446.0,CAFiltered.csv
COVID-19,Unspecified,CANADA,2021-01-03,World Health Organization COVID-19 Dashboard,7512.0,CAFiltered.csv
COVID-19,Unspecified,CANADA,2021-01-04,World Health Organization COVID-19 Dashboard,7437.0,CAFiltered.csv
COVID-19,Unspecified,CANADA,2021-01-05,World Health Organization COVID-19 Dashboard,7137.0,CAFiltered.csv
COVID-19,Unspecified,CANADA,2021-01-06,World Health Organization COVID-19 Dashboard,7911.0,CAFiltered.csv
COVID-19,Unspecified,CANADA,2021-01-07,World Health Organization COVID-19 Dashboard,7447.0,CAFiltered.csv
COVID-19,Unspecified,CANADA,2021-01-08,World Health Organization COVID-19 Dashboard,8372.0,CAFiltered.csv
COVID-19,Unspecified,CANADA,2021-01-09,World Health Organization COVID-19 Dashboard,8340.0,CAFiltered.csv
COVID-19,Unspecified,CANADA,2021-01-10,World Health Organization COVID-19 Dashboard,8766.0,CAFiltered.csv
COVID-19,Unspecified,CANADA,2021-01-11,World Health Organization COVID-19 Dashboard,8665.0,CAFiltered.csv
COVID-19,Unspecified,CANADA,2021-01-12,World Health Organization COVID-19 Dashboard,8320.0,CAFiltered.csv
COVID-19,Unspecified,CANADA,2021-01-13,World Health Organization COVID-19 Dashboard,6849.0,CAFiltered.csv
COVID-19,Unspecified,CANADA,2021-01-14,World Health Organization COVID-19 Dashboard,6287.0,CAFiltered.csv
COVID-19,Unspecified,CANADA,2021-01-15,World Health Organization COVID-19 Dashboard,6860.0,CAFiltered.csv
COVID-19,Unspecified,CANADA,2021-01-16,World Health Organization COVID-19 Dashboard,7565.0,CAFiltered.csv
COVID-19,Unspecified,CANADA,2021-01-17,World Health Organization COVID-19 Dashboard,6809.0,CAFiltered.csv
COVID-19,Unspecified,CANADA,2021-01-18,World Health Organization COVID-19 Dashboard,7063.0,CAFiltered.csv
COVID-19,Unspecified,CANADA,2021-01-19,World Health Organization COVID-19 Dashboard,7080.0,CAFiltered.csv
COVID-19,Unspecified,CANADA,2021-01-20,World Health Organization COVID-19 Dashboard,5225.0,CAFiltered.csv
COVID-19,Unspecified,CANADA,2021-01-21,World Health Organization COVID-19 Dashboard,4679.0,CAFiltered.csv
COVID-19,Unspecified,CANADA,2021-01-22,World Health Organization COVID-19 Dashboard,5744.0,CAFiltered.csv
COVID-19,Unspecified,CANADA,2021-01-23,World Health Organization COVID-19 Dashboard,5955.0,CAFiltered.csv
COVID-19,Unspecified,CANADA,2021-01-24,World Health Organization COVID-19 Dashboard,5957.0,CAFiltered.csv
COVID-19,Unspecified,CANADA,2021-01-25,World Health Organization COVID-19 Dashboard,5651.0,CAFiltered.csv
COVID-19,Unspecified,CANADA,2021-01-26,World Health Organization COVID-19 Dashboard,5323.0,CAFiltered.csv
COVID-19,Unspecified,CANADA,2021-01-27,World Health Organization COVID-19 Dashboard,4630.0,CAFiltered.csv
COVID-19,Unspecified,CANADA,2021-01-28,World Health Organization COVID-19 Dashboard,4011.0,CAFiltered.csv
COVID-19,Unspecified,CANADA,2021-01-29,World Health Organization COVID-19 Dashboard,4204.0,CAFiltered.csv
COVID-19,Unspecified,CANADA,2021-01-30,World Health Organization COVID-19 Dashboard,4877.0,CAFiltered.csv
COVID-19,Unspecified,CANADA,2021-01-31,World Health Organization COVID-19 Dashboard,4690.0,CAFiltered.csv
COVID-19,Unspecified,CANADA,2021-02-01,World Health Organization COVID-19 Dashboard,4663.0,CAFiltered.csv
COVID-19,Unspecified,CANADA,2021-02-02,World Health Organization COVID-19 Dashboard,4397.0,CAFiltered.csv
COVID-19,Unspecified,CANADA,2021-02-03,World Health Organization COVID-19 Dashboard,3736.0,CAFiltered.csv
COVID-19,Unspecified,CANADA,2021-02-04,World Health Organization COVID-19 Dashboard,2828.0,CAFiltered.csv
COVID-19,Unspecified,CANADA,2021-02-05,World Health Organization COVID-19 Dashboard,3234.0,CAFiltered.csv
COVID-19,Unspecified,CANADA,2021-02-06,World Health Organization COVID-19 Dashboard,4083.0,CAFiltered.csv
COVID-19,Unspecified,CANADA,2021-02-07,World Health Organization COVID-19 Dashboard,4022.0,CAFiltered.csv
COVID-19,Unspecified,CANADA,2021-02-08,World Health Organization COVID-19 Dashboard,3729.0,CAFiltered.csv
COVID-19,Unspecified,CANADA,2021-02-09,World Health Organization COVID-19 Dashboard,3668.0,CAFiltered.csv
COVID-19,Unspecified,CANADA,2021-02-10,World Health Organization COVID-19 Dashboard,2967.0,CAFiltered.csv
COVID-19,Unspecified,CANADA,2021-02-11,World Health Organization COVID-19 Dashboard,2677.0,CAFiltered.csv
COVID-19,Unspecified,CANADA,2021-02-12,World Health Organization COVID-19 Dashboard,3185.0,CAFiltered.csv
COVID-19,Unspecified,CANADA,2021-02-13,World Health Organization COVID-19 Dashboard,3181.0,CAFiltered.csv
COVID-19,Unspecified,CANADA,2021-02-14,World Health Organization COVID-19 Dashboard,3143.0,CAFiltered.csv
COVID-19,Unspecified,CANADA,2021-02-15,World Health Organization COVID-19 Dashboard,3499.0,CAFiltered.csv
COVID-19,Unspecified,CANADA,2021-02-16,World Health Organization COVID-19 Dashboard,2862.0,CAFiltered.csv
COVID-19,Unspecified,CANADA,2021-02-17,World Health Organization COVID-19 Dashboard,2522.0,CAFiltered.csv
COVID-19,Unspecified,CANADA,2021-02-18,World Health Organization COVID-19 Dashboard,2387.0,CAFiltered.csv
COVID-19,Unspecified,CANADA,2021-02-19,World Health Organization COVID-19 Dashboard,2605.0,CAFiltered.csv
COVID-19,Unspecified,CANADA,2021-02-20,World Health Organization COVID-19 Dashboard,3314.0,CAFiltered.csv
COVID-19,Unspecified,CANADA,2021-02-21,World Health Organization COVID-19 Dashboard,3091.0,CAFiltered.csv
COVID-19,Unspecified,CANADA,2021-02-22,World Health Organization COVID-19 Dashboard,3219.0,CAFiltered.csv
COVID-19,Unspecified,CANADA,2021-02-23,World Health Organization COVID-19 Dashboard,2825.0,CAFiltered.csv
COVID-19,Unspecified,CANADA,2021-02-24,World Health Organization COVID-19 Dashboard,2878.0,CAFiltered.csv
COVID-19,Unspecified,CANADA,2021-02-25,World Health Organization COVID-19 Dashboard,2790.0,CAFiltered.csv
COVID-19,Unspecified,CANADA,2021-02-26,World Health Organization COVID-19 Dashboard,2896.0,CAFiltered.csv
COVID-19,Unspecified,CANADA,2021-02-27,World Health Organization COVID-19 Dashboard,3134.0,CAFiltered.csv
COVID-19,Unspecified,CANADA,2021-02-28,World Health Organization COVID-19 Dashboard,3219.0,CAFiltered.csv
COVID-19,Unspecified,CANADA,2021-03-01,World Health Organization COVID-19 Dashboard,3295.0,CAFiltered.csv
COVID-19,Unspecified,CANADA,2021-03-02,World Health Organization COVID-19 Dashboard,2852.0,CAFiltered.csv
COVID-19,Unspecified,CANADA,2021-03-03,World Health Organization COVID-19 Dashboard,2596.0,CAFiltered.csv
COVID-19,Unspecified,CANADA,2021-03-04,World Health Organization COVID-19 Dashboard,2457.0,CAFiltered.csv
COVID-19,Unspecified,CANADA,2021-03-05,World Health Organization COVID-19 Dashboard,2812.0,CAFiltered.csv
COVID-19,Unspecified,CANADA,2021-03-06,World Health Organization COVID-19 Dashboard,2832.0,CAFiltered.csv
COVID-19,Unspecified,CANADA,2021-03-07,World Health Organization COVID-19 Dashboard,3363.0,CAFiltered.csv
COVID-19,Unspecified,CANADA,2021-03-08,World Health Organization COVID-19 Dashboard,2876.0,CAFiltered.csv
COVID-19,Unspecified,CANADA,2021-03-09,World Health Organization COVID-19 Dashboard,3025.0,CAFiltered.csv
COVID-19,Unspecified,CANADA,2021-03-10,World Health Organization COVID-19 Dashboard,3037.0,CAFiltered.csv
COVID-19,Unspecified,CANADA,2021-03-11,World Health Organization COVID-19 Dashboard,2820.0,CAFiltered.csv
COVID-19,Unspecified,CANADA,2021-03-12,World Health Organization COVID-19 Dashboard,3223.0,CAFiltered.csv
COVID-19,Unspecified,CANADA,2021-03-13,World Health Organization COVID-19 Dashboard,3022.0,CAFiltered.csv
COVID-19,Unspecified,CANADA,2021-03-14,World Health Organization COVID-19 Dashboard,3459.0,CAFiltered.csv
COVID-19,Unspecified,CANADA,2021-03-15,World Health Organization COVID-19 Dashboard,3539.0,CAFiltered.csv
COVID-19,Unspecified,CANADA,2021-03-16,World Health Organization COVID-19 Dashboard,3445.0,CAFiltered.csv
COVID-19,Unspecified,CANADA,2021-03-17,World Health Organization COVID-19 Dashboard,2846.0,CAFiltered.csv
COVID-19,Unspecified,CANADA,2021-03-18,World Health Organization COVID-19 Dashboard,2819.0,CAFiltered.csv
COVID-19,Unspecified,CANADA,2021-03-19,World Health Organization COVID-19 Dashboard,3384.0,CAFiltered.csv
COVID-19,Unspecified,CANADA,2021-03-20,World Health Organization COVID-19 Dashboard,3599.0,CAFiltered.csv
COVID-19,Unspecified,CANADA,2021-03-21,World Health Organization COVID-19 Dashboard,4214.0,CAFiltered.csv
COVID-19,Unspecified,CANADA,2021-03-22,World Health Organization COVID-19 Dashboard,4010.0,CAFiltered.csv
COVID-19,Unspecified,CANADA,2021-03-23,World Health Organization COVID-19 Dashboard,3866.0,CAFiltered.csv
COVID-19,Unspecified,CANADA,2021-03-24,World Health Organization COVID-19 Dashboard,3775.0,CAFiltered.csv
COVID-19,Unspecified,CANADA,2021-03-25,World Health Organization COVID-19 Dashboard,3606.0,CAFiltered.csv
COVID-19,Unspecified,CANADA,2021-03-26,World Health Organization COVID-19 Dashboard,4041.0,CAFiltered.csv
COVID-19,Unspecified,CANADA,2021-03-27,World Health Organization COVID-19 Dashboard,5200.0,CAFiltered.csv
COVID-19,Unspecified,CANADA,2021-03-28,World Health Organization COVID-19 Dashboard,5095.0,CAFiltered.csv
COVID-19,Unspecified,CANADA,2021-03-29,World Health Organization COVID-19 Dashboard,5364.0,CAFiltered.csv
COVID-19,Unspecified,CANADA,2021-03-30,World Health Organization COVID-19 Dashboard,5126.0,CAFiltered.csv
COVID-19,Unspecified,CANADA,2021-03-31,World Health Organization COVID-19 Dashboard,4574.0,CAFiltered.csv
COVID-19,Unspecified,CANADA,2021-04-01,World Health Organization COVID-19 Dashboard,4878.0,CAFiltered.csv
COVID-19,Unspecified,CANADA,2021-04-02,World Health Organization COVID-19 Dashboard,5513.0,CAFiltered.csv
COVID-19,Unspecified,CANADA,2021-04-03,World Health Organization COVID-19 Dashboard,5805.0,CAFiltered.csv
COVID-19,Unspecified,CANADA,2021-04-04,World Health Organization COVID-19 Dashboard,6921.0,CAFiltered.csv
COVID-19,Unspecified,CANADA,2021-04-05,World Health Organization COVID-19 Dashboard,6822.0,CAFiltered.csv
COVID-19,Unspecified,CANADA,2021-04-06,World Health Organization COVID-19 Dashboard,6448.0,CAFiltered.csv
COVID-19,Unspecified,CANADA,2021-04-07,World Health Organization COVID-19 Dashboard,6267.0,CAFiltered.csv
COVID-19,Unspecified,CANADA,2021-04-08,World Health Organization COVID-19 Dashboard,6520.0,CAFiltered.csv
COVID-19,Unspecified,CANADA,2021-04-09,World Health Organization COVID-19 Dashboard,7146.0,CAFiltered.csv
COVID-19,Unspecified,CANADA,2021-04-10,World Health Organization COVID-19 Dashboard,7995.0,CAFiltered.csv
COVID-19,Unspecified,CANADA,2021-04-11,World Health Organization COVID-19 Dashboard,9243.0,CAFiltered.csv
COVID-19,Unspecified,CANADA,2021-04-12,World Health Organization COVID-19 Dashboard,8542.0,CAFiltered.csv
COVID-19,Unspecified,CANADA,2021-04-13,World Health Organization COVID-19 Dashboard,8656.0,CAFiltered.csv
COVID-19,Unspecified,CANADA,2021-04-14,World Health Organization COVID-19 Dashboard,8539.0,CAFiltered.csv
COVID-19,Unspecified,CANADA,2021-04-15,World Health Organization COVID-19 Dashboard,7542.0,CAFiltered.csv
COVID-19,Unspecified,CANADA,2021-04-16,World Health Organization COVID-19 Dashboard,8598.0,CAFiltered.csv
COVID-19,Unspecified,CANADA,2021-04-17,World Health Organization COVID-19 Dashboard,9570.0,CAFiltered.csv
COVID-19,Unspecified,CANADA,2021-04-18,World Health Organization COVID-19 Dashboard,9341.0,CAFiltered.csv
COVID-19,Unspecified,CANADA,2021-04-19,World Health Organization COVID-19 Dashboard,8867.0,CAFiltered.csv
COVID-19,Unspecified,CANADA,2021-04-20,World Health Organization COVID-19 Dashboard,8524.0,CAFiltered.csv
COVID-19,Unspecified,CANADA,2021-04-21,World Health Organization COVID-19 Dashboard,8311.0,CAFiltered.csv
COVID-19,Unspecified,CANADA,2021-04-22,World Health Organization COVID-19 Dashboard,7275.0,CAFiltered.csv
COVID-19,Unspecified,CANADA,2021-04-23,World Health Organization COVID-19 Dashboard,8419.0,CAFiltered.csv
COVID-19,Unspecified,CANADA,2021-04-24,World Health Organization COVID-19 Dashboard,8381.0,CAFiltered.csv
COVID-19,Unspecified,CANADA,2021-04-25,World Health Organization COVID-19 Dashboard,8738.0,CAFiltered.csv
COVID-19,Unspecified,CANADA,2021-04-26,World Health Organization COVID-19 Dashboard,8305.0,CAFiltered.csv
COVID-19,Unspecified,CANADA,2021-04-27,World Health Organization COVID-19 Dashboard,7829.0,CAFiltered.csv
COVID-19,Unspecified,CANADA,2021-04-28,World Health Organization COVID-19 Dashboard,7203.0,CAFiltered.csv
COVID-19,Unspecified,CANADA,2021-04-29,World Health Organization COVID-19 Dashboard,7069.0,CAFiltered.csv
COVID-19,Unspecified,CANADA,2021-04-30,World Health Organization COVID-19 Dashboard,7749.0,CAFiltered.csv
COVID-19,Unspecified,CANADA,2021-05-01,World Health Organization COVID-19 Dashboard,8343.0,CAFiltered.csv
COVID-19,Unspecified,CANADA,2021-05-02,World Health Organization COVID-19 Dashboard,8340.0,CAFiltered.csv
COVID-19,Unspecified,CANADA,2021-05-03,World Health Organization COVID-19 Dashboard,8450.0,CAFiltered.csv
COVID-19,Unspecified,CANADA,2021-05-04,World Health Organization COVID-19 Dashboard,7828.0,CAFiltered.csv
COVID-19,Unspecified,CANADA,2021-05-05,World Health Organization COVID-19 Dashboard,7565.0,CAFiltered.csv
COVID-19,Unspecified,CANADA,2021-05-06,World Health Organization COVID-19 Dashboard,6688.0,CAFiltered.csv
COVID-19,Unspecified,CANADA,2021-05-07,World Health Organization COVID-19 Dashboard,7390.0,CAFiltered.csv
COVID-19,Unspecified,CANADA,2021-05-08,World Health Organization COVID-19 Dashboard,8001.0,CAFiltered.csv
COVID-19,Unspecified,CANADA,2021-05-09,World Health Organization COVID-19 Dashboard,7826.0,CAFiltered.csv
COVID-19,Unspecified,CANADA,2021-05-10,World Health Organization COVID-19 Dashboard,7398.0,CAFiltered.csv
COVID-19,Unspecified,CANADA,2021-05-11,World Health Organization COVID-19 Dashboard,7297.0,CAFiltered.csv
COVID-19,Unspecified,CANADA,2021-05-12,World Health Organization COVID-19 Dashboard,6338.0,CAFiltered.csv
COVID-19,Unspecified,CANADA,2021-05-13,World Health Organization COVID-19 Dashboard,5382.0,CAFiltered.csv
COVID-19,Unspecified,CANADA,2021-05-14,World Health Organization COVID-19 Dashboard,6212.0,CAFiltered.csv
COVID-19,Unspecified,CANADA,2021-05-15,World Health Organization COVID-19 Dashboard,6619.0,CAFiltered.csv
COVID-19,Unspecified,CANADA,2021-05-16,World Health Organization COVID-19 Dashboard,6000.0,CAFiltered.csv
COVID-19,Unspecified,CANADA,2021-05-17,World Health Organization COVID-19 Dashboard,5710.0,CAFiltered.csv
COVID-19,Unspecified,CANADA,2021-05-18,World Health Organization COVID-19 Dashboard,5396.0,CAFiltered.csv
COVID-19,Unspecified,CANADA,2021-05-19,World Health Organization COVID-19 Dashboard,4588.0,CAFiltered.csv
COVID-19,Unspecified,CANADA,2021-05-20,World Health Organization COVID-19 Dashboard,4034.0,CAFiltered.csv
COVID-19,Unspecified,CANADA,2021-05-21,World Health Organization COVID-19 Dashboard,4247.0,CAFiltered.csv
COVID-19,Unspecified,CANADA,2021-05-22,World Health Organization COVID-19 Dashboard,5052.0,CAFiltered.csv
COVID-19,Unspecified,CANADA,2021-05-23,World Health Organization COVID-19 Dashboard,4682.0,CAFiltered.csv
COVID-19,Unspecified,CANADA,2021-05-24,World Health Organization COVID-19 Dashboard,4000.0,CAFiltered.csv
COVID-19,Unspecified,CANADA,2021-05-25,World Health Organization COVID-19 Dashboard,3738.0,CAFiltered.csv
COVID-19,Unspecified,CANADA,2021-05-26,World Health Organization COVID-19 Dashboard,3151.0,CAFiltered.csv
COVID-19,Unspecified,CANADA,2021-05-27,World Health Organization COVID-19 Dashboard,2502.0,CAFiltered.csv
COVID-19,Unspecified,CANADA,2021-05-28,World Health Organization COVID-19 Dashboard,2592.0,CAFiltered.csv
COVID-19,Unspecified,CANADA,2021-05-29,World Health Organization COVID-19 Dashboard,2965.0,CAFiltered.csv
COVID-19,Unspecified,CANADA,2021-05-30,World Health Organization COVID-19 Dashboard,3204.0,CAFiltered.csv
COVID-19,Unspecified,CANADA,2021-05-31,World Health Organization COVID-19 Dashboard,2718.0,CAFiltered.csv
COVID-19,Unspecified,CANADA,2021-06-01,World Health Organization COVID-19 Dashboard,2473.0,CAFiltered.csv
COVID-19,Unspecified,CANADA,2021-06-02,World Health Organization COVID-19 Dashboard,2109.0,CAFiltered.csv
COVID-19,Unspecified,CANADA,2021-06-03,World Health Organization COVID-19 Dashboard,1638.0,CAFiltered.csv
COVID-19,Unspecified,CANADA,2021-06-04,World Health Organization COVID-19 Dashboard,2062.0,CAFiltered.csv
COVID-19,Unspecified,CANADA,2021-06-05,World Health Organization COVID-19 Dashboard,2169.0,CAFiltered.csv
COVID-19,Unspecified,CANADA,2021-06-06,World Health Organization COVID-19 Dashboard,2060.0,CAFiltered.csv
COVID-19,Unspecified,CANADA,2021-06-07,World Health Organization COVID-19 Dashboard,1887.0,CAFiltered.csv
COVID-19,Unspecified,CANADA,2021-06-08,World Health Organization COVID-19 Dashboard,1521.0,CAFiltered.csv
COVID-19,Unspecified,CANADA,2021-06-09,World Health Organization COVID-19 Dashboard,1232.0,CAFiltered.csv
COVID-19,Unspecified,CANADA,2021-06-10,World Health Organization COVID-19 Dashboard,1268.0,CAFiltered.csv
COVID-19,Unspecified,CANADA,2021-06-11,World Health Organization COVID-19 Dashboard,1403.0,CAFiltered.csv
COVID-19,Unspecified,CANADA,2021-06-12,World Health Organization COVID-19 Dashboard,1479.0,CAFiltered.csv
COVID-19,Unspecified,CANADA,2021-06-13,World Health Organization COVID-19 Dashboard,1425.0,CAFiltered.csv
COVID-19,Unspecified,CANADA,2021-06-14,World Health Organization COVID-19 Dashboard,1385.0,CAFiltered.csv
COVID-19,Unspecified,CANADA,2021-06-15,World Health Organization COVID-19 Dashboard,1233.0,CAFiltered.csv
COVID-19,Unspecified,CANADA,2021-06-16,World Health Organization COVID-19 Dashboard,949.0,CAFiltered.csv
COVID-19,Unspecified,CANADA,2021-06-17,World Health Organization COVID-19 Dashboard,807.0,CAFiltered.csv
COVID-19,Unspecified,CANADA,2021-06-18,World Health Organization COVID-19 Dashboard,1048.0,CAFiltered.csv
COVID-19,Unspecified,CANADA,2021-06-19,World Health Organization COVID-19 Dashboard,1107.0,CAFiltered.csv
COVID-19,Unspecified,CANADA,2021-06-20,World Health Organization COVID-19 Dashboard,1012.0,CAFiltered.csv
COVID-19,Unspecified,CANADA,2021-06-21,World Health Organization COVID-19 Dashboard,959.0,CAFiltered.csv
COVID-19,Unspecified,CANADA,2021-06-22,World Health Organization COVID-19 Dashboard,802.0,CAFiltered.csv
COVID-19,Unspecified,CANADA,2021-06-23,World Health Organization COVID-19 Dashboard,560.0,CAFiltered.csv
COVID-19,Unspecified,CANADA,2021-06-24,World Health Organization COVID-19 Dashboard,621.0,CAFiltered.csv
COVID-19,Unspecified,CANADA,2021-06-25,World Health Organization COVID-19 Dashboard,725.0,CAFiltered.csv
COVID-19,Unspecified,CANADA,2021-06-26,World Health Organization COVID-19 Dashboard,708.0,CAFiltered.csv
COVID-19,Unspecified,CANADA,2021-06-27,World Health Organization COVID-19 Dashboard,668.0,CAFiltered.csv
COVID-19,Unspecified,CANADA,2021-06-28,World Health Organization COVID-19 Dashboard,668.0,CAFiltered.csv
COVID-19,Unspecified,CANADA,2021-06-29,World Health Organization COVID-19 Dashboard,505.0,CAFiltered.csv
COVID-19,Unspecified,CANADA,2021-06-30,World Health Organization COVID-19 Dashboard,660.0,CAFiltered.csv
COVID-19,Unspecified,CANADA,2021-07-01,World Health Organization COVID-19 Dashboard,602.0,CAFiltered.csv
COVID-19,Unspecified,CANADA,2021-07-02,World Health Organization COVID-19 Dashboard,548.0,CAFiltered.csv
COVID-19,Unspecified,CANADA,2021-07-03,World Health Organization COVID-19 Dashboard,604.0,CAFiltered.csv
COVID-19,Unspecified,CANADA,2021-07-04,World Health Organization COVID-19 Dashboard,428.0,CAFiltered.csv
COVID-19,Unspecified,CANADA,2021-07-05,World Health Organization COVID-19 Dashboard,416.0,CAFiltered.csv
COVID-19,Unspecified,CANADA,2021-07-06,World Health Organization COVID-19 Dashboard,524.0,CAFiltered.csv
COVID-19,Unspecified,CANADA,2021-07-07,World Health Organization COVID-19 Dashboard,379.0,CAFiltered.csv
COVID-19,Unspecified,CANADA,2021-07-08,World Health Organization COVID-19 Dashboard,438.0,CAFiltered.csv
COVID-19,Unspecified,CANADA,2021-07-09,World Health Organization COVID-19 Dashboard,554.0,CAFiltered.csv
COVID-19,Unspecified,CANADA,2021-07-10,World Health Organization COVID-19 Dashboard,567.0,CAFiltered.csv
COVID-19,Unspecified,CANADA,2021-07-11,World Health Organization COVID-19 Dashboard,770.0,CAFiltered.csv
COVID-19,Unspecified,CANADA,2021-07-12,World Health Organization COVID-19 Dashboard,391.0,CAFiltered.csv
COVID-19,Unspecified,CANADA,2021-07-13,World Health Organization COVID-19 Dashboard,475.0,CAFiltered.csv
COVID-19,Unspecified,CANADA,2021-07-14,World Health Organization COVID-19 Dashboard,272.0,CAFiltered.csv
COVID-19,Unspecified,CANADA,2021-07-15,World Health Organization COVID-19 Dashboard,336.0,CAFiltered.csv
COVID-19,Unspecified,CANADA,2021-07-16,World Health Organization COVID-19 Dashboard,381.0,CAFiltered.csv
COVID-19,Unspecified,CANADA,2021-07-17,World Health Organization COVID-19 Dashboard,425.0,CAFiltered.csv
COVID-19,Unspecified,CANADA,2021-07-18,World Health Organization COVID-19 Dashboard,397.0,CAFiltered.csv
COVID-19,Unspecified,CANADA,2021-07-19,World Health Organization COVID-19 Dashboard,380.0,CAFiltered.csv
COVID-19,Unspecified,CANADA,2021-07-20,World Health Organization COVID-19 Dashboard,498.0,CAFiltered.csv
COVID-19,Unspecified,CANADA,2021-07-21,World Health Organization COVID-19 Dashboard,265.0,CAFiltered.csv
COVID-19,Unspecified,CANADA,2021-07-22,World Health Organization COVID-19 Dashboard,339.0,CAFiltered.csv
COVID-19,Unspecified,CANADA,2021-07-23,World Health Organization COVID-19 Dashboard,400.0,CAFiltered.csv
COVID-19,Unspecified,CANADA,2021-07-24,World Health Organization COVID-19 Dashboard,570.0,CAFiltered.csv
COVID-19,Unspecified,CANADA,2021-07-25,World Health Organization COVID-19 Dashboard,618.0,CAFiltered.csv
COVID-19,Unspecified,CANADA,2021-07-26,World Health Organization COVID-19 Dashboard,517.0,CAFiltered.csv
COVID-19,Unspecified,CANADA,2021-07-27,World Health Organization COVID-19 Dashboard,675.0,CAFiltered.csv
COVID-19,Unspecified,CANADA,2021-07-28,World Health Organization COVID-19 Dashboard,436.0,CAFiltered.csv
COVID-19,Unspecified,CANADA,2021-07-29,World Health Organization COVID-19 Dashboard,578.0,CAFiltered.csv
COVID-19,Unspecified,CANADA,2021-07-30,World Health Organization COVID-19 Dashboard,765.0,CAFiltered.csv
COVID-19,Unspecified,CANADA,2021-07-31,World Health Organization COVID-19 Dashboard,894.0,CAFiltered.csv
COVID-19,Unspecified,BRAZIL,2020-01-04,World Health Organization COVID-19 Dashboard,0.0,BRFiltered.csv
COVID-19,Unspecified,BRAZIL,2020-01-05,World Health Organization COVID-19 Dashboard,0.0,BRFiltered.csv
COVID-19,Unspecified,BRAZIL,2020-01-06,World Health Organization COVID-19 Dashboard,0.0,BRFiltered.csv
COVID-19,Unspecified,BRAZIL,2020-01-07,World Health Organization COVID-19 Dashboard,0.0,BRFiltered.csv
COVID-19,Unspecified,BRAZIL,2020-01-08,World Health Organization COVID-19 Dashboard,0.0,BRFiltered.csv
COVID-19,Unspecified,BRAZIL,2020-01-09,World Health Organization COVID-19 Dashboard,0.0,BRFiltered.csv
COVID-19,Unspecified,BRAZIL,2020-01-10,World Health Organization COVID-19 Dashboard,0.0,BRFiltered.csv
COVID-19,Unspecified,BRAZIL,2020-01-11,World Health Organization COVID-19 Dashboard,0.0,BRFiltered.csv
COVID-19,Unspecified,BRAZIL,2020-01-12,World Health Organization COVID-19 Dashboard,0.0,BRFiltered.csv
COVID-19,Unspecified,BRAZIL,2020-01-13,World Health Organization COVID-19 Dashboard,0.0,BRFiltered.csv
COVID-19,Unspecified,BRAZIL,2020-01-14,World Health Organization COVID-19 Dashboard,0.0,BRFiltered.csv
COVID-19,Unspecified,BRAZIL,2020-01-15,World Health Organization COVID-19 Dashboard,0.0,BRFiltered.csv
COVID-19,Unspecified,BRAZIL,2020-01-16,World Health Organization COVID-19 Dashboard,0.0,BRFiltered.csv
COVID-19,Unspecified,BRAZIL,2020-01-17,World Health Organization COVID-19 Dashboard,0.0,BRFiltered.csv
COVID-19,Unspecified,BRAZIL,2020-01-18,World Health Organization COVID-19 Dashboard,0.0,BRFiltered.csv
COVID-19,Unspecified,BRAZIL,2020-01-19,World Health Organization COVID-19 Dashboard,0.0,BRFiltered.csv
COVID-19,Unspecified,BRAZIL,2020-01-20,World Health Organization COVID-19 Dashboard,0.0,BRFiltered.csv
COVID-19,Unspecified,BRAZIL,2020-01-21,World Health Organization COVID-19 Dashboard,0.0,BRFiltered.csv
COVID-19,Unspecified,BRAZIL,2020-01-22,World Health Organization COVID-19 Dashboard,0.0,BRFiltered.csv
COVID-19,Unspecified,BRAZIL,2020-01-23,World Health Organization COVID-19 Dashboard,0.0,BRFiltered.csv
COVID-19,Unspecified,BRAZIL,2020-01-24,World Health Organization COVID-19 Dashboard,0.0,BRFiltered.csv
COVID-19,Unspecified,BRAZIL,2020-01-25,World Health Organization COVID-19 Dashboard,0.0,BRFiltered.csv
COVID-19,Unspecified,BRAZIL,2020-01-26,World Health Organization COVID-19 Dashboard,0.0,BRFiltered.csv
COVID-19,Unspecified,BRAZIL,2020-01-27,World Health Organization COVID-19 Dashboard,0.0,BRFiltered.csv
COVID-19,Unspecified,BRAZIL,2020-01-28,World Health Organization COVID-19 Dashboard,0.0,BRFiltered.csv
COVID-19,Unspecified,BRAZIL,2020-01-29,World Health Organization COVID-19 Dashboard,0.0,BRFiltered.csv
COVID-19,Unspecified,BRAZIL,2020-01-30,World Health Organization COVID-19 Dashboard,0.0,BRFiltered.csv
COVID-19,Unspecified,BRAZIL,2020-01-31,World Health Organization COVID-19 Dashboard,0.0,BRFiltered.csv
COVID-19,Unspecified,BRAZIL,2020-02-01,World Health Organization COVID-19 Dashboard,0.0,BRFiltered.csv
COVID-19,Unspecified,BRAZIL,2020-02-02,World Health Organization COVID-19 Dashboard,0.0,BRFiltered.csv
COVID-19,Unspecified,BRAZIL,2020-02-03,World Health Organization COVID-19 Dashboard,0.0,BRFiltered.csv
COVID-19,Unspecified,BRAZIL,2020-02-04,World Health Organization COVID-19 Dashboard,0.0,BRFiltered.csv
COVID-19,Unspecified,BRAZIL,2020-02-05,World Health Organization COVID-19 Dashboard,0.0,BRFiltered.csv
COVID-19,Unspecified,BRAZIL,2020-02-06,World Health Organization COVID-19 Dashboard,0.0,BRFiltered.csv
COVID-19,Unspecified,BRAZIL,2020-02-07,World Health Organization COVID-19 Dashboard,0.0,BRFiltered.csv
COVID-19,Unspecified,BRAZIL,2020-02-08,World Health Organization COVID-19 Dashboard,0.0,BRFiltered.csv
COVID-19,Unspecified,BRAZIL,2020-02-09,World Health Organization COVID-19 Dashboard,0.0,BRFiltered.csv
COVID-19,Unspecified,BRAZIL,2020-02-10,World Health Organization COVID-19 Dashboard,0.0,BRFiltered.csv
COVID-19,Unspecified,BRAZIL,2020-02-11,World Health Organization COVID-19 Dashboard,0.0,BRFiltered.csv
COVID-19,Unspecified,BRAZIL,2020-02-12,World Health Organization COVID-19 Dashboard,0.0,BRFiltered.csv
COVID-19,Unspecified,BRAZIL,2020-02-13,World Health Organization COVID-19 Dashboard,0.0,BRFiltered.csv
COVID-19,Unspecified,BRAZIL,2020-02-14,World Health Organization COVID-19 Dashboard,0.0,BRFiltered.csv
COVID-19,Unspecified,BRAZIL,2020-02-15,World Health Organization COVID-19 Dashboard,0.0,BRFiltered.csv
COVID-19,Unspecified,BRAZIL,2020-02-16,World Health Organization COVID-19 Dashboard,0.0,BRFiltered.csv
COVID-19,Unspecified,BRAZIL,2020-02-17,World Health Organization COVID-19 Dashboard,0.0,BRFiltered.csv
COVID-19,Unspecified,BRAZIL,2020-02-18,World Health Organization COVID-19 Dashboard,0.0,BRFiltered.csv
COVID-19,Unspecified,BRAZIL,2020-02-19,World Health Organization COVID-19 Dashboard,0.0,BRFiltered.csv
COVID-19,Unspecified,BRAZIL,2020-02-20,World Health Organization COVID-19 Dashboard,0.0,BRFiltered.csv
COVID-19,Unspecified,BRAZIL,2020-02-21,World Health Organization COVID-19 Dashboard,0.0,BRFiltered.csv
COVID-19,Unspecified,BRAZIL,2020-02-22,World Health Organization COVID-19 Dashboard,0.0,BRFiltered.csv
COVID-19,Unspecified,BRAZIL,2020-02-23,World Health Organization COVID-19 Dashboard,0.0,BRFiltered.csv
COVID-19,Unspecified,BRAZIL,2020-02-24,World Health Organization COVID-19 Dashboard,0.0,BRFiltered.csv
COVID-19,Unspecified,BRAZIL,2020-02-25,World Health Organization COVID-19 Dashboard,0.0,BRFiltered.csv
COVID-19,Unspecified,BRAZIL,2020-02-26,World Health Organization COVID-19 Dashboard,0.0,BRFiltered.csv
COVID-19,Unspecified,BRAZIL,2020-02-27,World Health Organization COVID-19 Dashboard,1.0,BRFiltered.csv
COVID-19,Unspecified,BRAZIL,2020-02-28,World Health Organization COVID-19 Dashboard,0.0,BRFiltered.csv
COVID-19,Unspecified,BRAZIL,2020-02-29,World Health Organization COVID-19 Dashboard,0.0,BRFiltered.csv
COVID-19,Unspecified,BRAZIL,2020-03-01,World Health Organization COVID-19 Dashboard,0.0,BRFiltered.csv
COVID-19,Unspecified,BRAZIL,2020-03-02,World Health Organization COVID-19 Dashboard,1.0,BRFiltered.csv
COVID-19,Unspecified,BRAZIL,2020-03-03,World Health Organization COVID-19 Dashboard,0.0,BRFiltered.csv
COVID-19,Unspecified,BRAZIL,2020-03-04,World Health Organization COVID-19 Dashboard,0.0,BRFiltered.csv
COVID-19,Unspecified,BRAZIL,2020-03-05,World Health Organization COVID-19 Dashboard,0.0,BRFiltered.csv
COVID-19,Unspecified,BRAZIL,2020-03-06,World Health Organization COVID-19 Dashboard,1.0,BRFiltered.csv
COVID-19,Unspecified,BRAZIL,2020-03-07,World Health Organization COVID-19 Dashboard,5.0,BRFiltered.csv
COVID-19,Unspecified,BRAZIL,2020-03-08,World Health Organization COVID-19 Dashboard,5.0,BRFiltered.csv
COVID-19,Unspecified,BRAZIL,2020-03-09,World Health Organization COVID-19 Dashboard,6.0,BRFiltered.csv
COVID-19,Unspecified,BRAZIL,2020-03-10,World Health Organization COVID-19 Dashboard,6.0,BRFiltered.csv
COVID-19,Unspecified,BRAZIL,2020-03-11,World Health Organization COVID-19 Dashboard,0.0,BRFiltered.csv
COVID-19,Unspecified,BRAZIL,2020-03-12,World Health Organization COVID-19 Dashboard,9.0,BRFiltered.csv
COVID-19,Unspecified,BRAZIL,2020-03-13,World Health Organization COVID-19 Dashboard,26.0,BRFiltered.csv
COVID-19,Unspecified,BRAZIL,2020-03-14,World Health Organization COVID-19 Dashboard,17.0,BRFiltered.csv
COVID-19,Unspecified,BRAZIL,2020-03-15,World Health Organization COVID-19 Dashboard,7.0,BRFiltered.csv
COVID-19,Unspecified,BRAZIL,2020-03-16,World Health Organization COVID-19 Dashboard,37.0,BRFiltered.csv
COVID-19,Unspecified,BRAZIL,2020-03-17,World Health Organization COVID-19 Dashboard,79.0,BRFiltered.csv
COVID-19,Unspecified,BRAZIL,2020-03-18,World Health Organization COVID-19 Dashboard,34.0,BRFiltered.csv
COVID-19,Unspecified,BRAZIL,2020-03-19,World Health Organization COVID-19 Dashboard,57.0,BRFiltered.csv
COVID-19,Unspecified,BRAZIL,2020-03-20,World Health Organization COVID-19 Dashboard,137.0,BRFiltered.csv
COVID-19,Unspecified,BRAZIL,2020-03-21,World Health Organization COVID-19 Dashboard,0.0,BRFiltered.csv
COVID-19,Unspecified,BRAZIL,2020-03-22,World Health Organization COVID-19 Dashboard,476.0,BRFiltered.csv
COVID-19,Unspecified,BRAZIL,2020-03-23,World Health Organization COVID-19 Dashboard,0.0,BRFiltered.csv
COVID-19,Unspecified,BRAZIL,2020-03-24,World Health Organization COVID-19 Dashboard,642.0,BRFiltered.csv
COVID-19,Unspecified,BRAZIL,2020-03-25,World Health Organization COVID-19 Dashboard,345.0,BRFiltered.csv
COVID-19,Unspecified,BRAZIL,2020-03-26,World Health Organization COVID-19 Dashboard,310.0,BRFiltered.csv
COVID-19,Unspecified,BRAZIL,2020-03-27,World Health Organization COVID-19 Dashboard,232.0,BRFiltered.csv
COVID-19,Unspecified,BRAZIL,2020-03-28,World Health Organization COVID-19 Dashboard,482.0,BRFiltered.csv
COVID-19,Unspecified,BRAZIL,2020-03-29,World Health Organization COVID-19 Dashboard,502.0,BRFiltered.csv
COVID-19,Unspecified,BRAZIL,2020-03-30,World Health Organization COVID-19 Dashboard,486.0,BRFiltered.csv
COVID-19,Unspecified,BRAZIL,2020-03-31,World Health Organization COVID-19 Dashboard,353.0,BRFiltered.csv
COVID-19,Unspecified,BRAZIL,2020-04-01,World Health Organization COVID-19 Dashboard,323.0,BRFiltered.csv
COVID-19,Unspecified,BRAZIL,2020-04-02,World Health Organization COVID-19 Dashboard,1138.0,BRFiltered.csv
COVID-19,Unspecified,BRAZIL,2020-04-03,World Health Organization COVID-19 Dashboard,1119.0,BRFiltered.csv
COVID-19,Unspecified,BRAZIL,2020-04-04,World Health Organization COVID-19 Dashboard,1074.0,BRFiltered.csv
COVID-19,Unspecified,BRAZIL,2020-04-05,World Health Organization COVID-19 Dashboard,1146.0,BRFiltered.csv
COVID-19,Unspecified,BRAZIL,2020-04-06,World Health Organization COVID-19 Dashboard,1222.0,BRFiltered.csv
COVID-19,Unspecified,BRAZIL,2020-04-07,World Health Organization COVID-19 Dashboard,852.0,BRFiltered.csv
COVID-19,Unspecified,BRAZIL,2020-04-08,World Health Organization COVID-19 Dashboard,926.0,BRFiltered.csv
COVID-19,Unspecified,BRAZIL,2020-04-09,World Health Organization COVID-19 Dashboard,1661.0,BRFiltered.csv
COVID-19,Unspecified,BRAZIL,2020-04-10,World Health Organization COVID-19 Dashboard,2210.0,BRFiltered.csv
COVID-19,Unspecified,BRAZIL,2020-04-11,World Health Organization COVID-19 Dashboard,1930.0,BRFiltered.csv
COVID-19,Unspecified,BRAZIL,2020-04-12,World Health Organization COVID-19 Dashboard,1781.0,BRFiltered.csv
COVID-19,Unspecified,BRAZIL,2020-04-13,World Health Organization COVID-19 Dashboard,1089.0,BRFiltered.csv
COVID-19,Unspecified,BRAZIL,2020-04-14,World Health Organization COVID-19 Dashboard,1442.0,BRFiltered.csv
COVID-19,Unspecified,BRAZIL,2020-04-15,World Health Organization COVID-19 Dashboard,1261.0,BRFiltered.csv
COVID-19,Unspecified,BRAZIL,2020-04-16,World Health Organization COVID-19 Dashboard,1832.0,BRFiltered.csv
COVID-19,Unspecified,BRAZIL,2020-04-17,World Health Organization COVID-19 Dashboard,3058.0,BRFiltered.csv
COVID-19,Unspecified,BRAZIL,2020-04-18,World Health Organization COVID-19 Dashboard,2105.0,BRFiltered.csv
COVID-19,Unspecified,BRAZIL,2020-04-19,World Health Organization COVID-19 Dashboard,3257.0,BRFiltered.csv
COVID-19,Unspecified,BRAZIL,2020-04-20,World Health Organization COVID-19 Dashboard,2917.0,BRFiltered.csv
COVID-19,Unspecified,BRAZIL,2020-04-21,World Health Organization COVID-19 Dashboard,2055.0,BRFiltered.csv
COVID-19,Unspecified,BRAZIL,2020-04-22,World Health Organization COVID-19 Dashboard,1927.0,BRFiltered.csv
COVID-19,Unspecified,BRAZIL,2020-04-23,World Health Organization COVID-19 Dashboard,2498.0,BRFiltered.csv
COVID-19,Unspecified,BRAZIL,2020-04-24,World Health Organization COVID-19 Dashboard,2678.0,BRFiltered.csv
COVID-19,Unspecified,BRAZIL,2020-04-25,World Health Organization COVID-19 Dashboard,3735.0,BRFiltered.csv
COVID-19,Unspecified,BRAZIL,2020-04-26,World Health Organization COVID-19 Dashboard,3503.0,BRFiltered.csv
COVID-19,Unspecified,BRAZIL,2020-04-27,World Health Organization COVID-19 Dashboard,5514.0,BRFiltered.csv
COVID-19,Unspecified,BRAZIL,2020-04-28,World Health Organization COVID-19 Dashboard,3379.0,BRFiltered.csv
COVID-19,Unspecified,BRAZIL,2020-04-29,World Health Organization COVID-19 Dashboard,4613.0,BRFiltered.csv
COVID-19,Unspecified,BRAZIL,2020-04-30,World Health Organization COVID-19 Dashboard,5385.0,BRFiltered.csv
COVID-19,Unspecified,BRAZIL,2020-05-01,World Health Organization COVID-19 Dashboard,6276.0,BRFiltered.csv
COVID-19,Unspecified,BRAZIL,2020-05-02,World Health Organization COVID-19 Dashboard,7218.0,BRFiltered.csv
COVID-19,Unspecified,BRAZIL,2020-05-03,World Health Organization COVID-19 Dashboard,6209.0,BRFiltered.csv
COVID-19,Unspecified,BRAZIL,2020-05-04,World Health Organization COVID-19 Dashboard,4970.0,BRFiltered.csv
COVID-19,Unspecified,BRAZIL,2020-05-05,World Health Organization COVID-19 Dashboard,4588.0,BRFiltered.csv
COVID-19,Unspecified,BRAZIL,2020-05-06,World Health Organization COVID-19 Dashboard,6633.0,BRFiltered.csv
COVID-19,Unspecified,BRAZIL,2020-05-07,World Health Organization COVID-19 Dashboard,6935.0,BRFiltered.csv
COVID-19,Unspecified,BRAZIL,2020-05-08,World Health Organization COVID-19 Dashboard,10503.0,BRFiltered.csv
COVID-19,Unspecified,BRAZIL,2020-05-09,World Health Organization COVID-19 Dashboard,9888.0,BRFiltered.csv
COVID-19,Unspecified,BRAZIL,2020-05-10,World Health Organization COVID-19 Dashboard,10222.0,BRFiltered.csv
COVID-19,Unspecified,BRAZIL,2020-05-11,World Health Organization COVID-19 Dashboard,10611.0,BRFiltered.csv
COVID-19,Unspecified,BRAZIL,2020-05-12,World Health Organization COVID-19 Dashboard,6760.0,BRFiltered.csv
COVID-19,Unspecified,BRAZIL,2020-05-13,World Health Organization COVID-19 Dashboard,5632.0,BRFiltered.csv
COVID-19,Unspecified,BRAZIL,2020-05-14,World Health Organization COVID-19 Dashboard,9258.0,BRFiltered.csv
COVID-19,Unspecified,BRAZIL,2020-05-15,World Health Organization COVID-19 Dashboard,11385.0,BRFiltered.csv
COVID-19,Unspecified,BRAZIL,2020-05-16,World Health Organization COVID-19 Dashboard,13944.0,BRFiltered.csv
COVID-19,Unspecified,BRAZIL,2020-05-17,World Health Organization COVID-19 Dashboard,15305.0,BRFiltered.csv
COVID-19,Unspecified,BRAZIL,2020-05-18,World Health Organization COVID-19 Dashboard,14919.0,BRFiltered.csv
COVID-19,Unspecified,BRAZIL,2020-05-19,World Health Organization COVID-19 Dashboard,7938.0,BRFiltered.csv
COVID-19,Unspecified,BRAZIL,2020-05-20,World Health Organization COVID-19 Dashboard,13140.0,BRFiltered.csv
COVID-19,Unspecified,BRAZIL,2020-05-21,World Health Organization COVID-19 Dashboard,17408.0,BRFiltered.csv
COVID-19,Unspecified,BRAZIL,2020-05-22,World Health Organization COVID-19 Dashboard,19951.0,BRFiltered.csv
COVID-19,Unspecified,BRAZIL,2020-05-23,World Health Organization COVID-19 Dashboard,18508.0,BRFiltered.csv
COVID-19,Unspecified,BRAZIL,2020-05-24,World Health Organization COVID-19 Dashboard,20803.0,BRFiltered.csv
COVID-19,Unspecified,BRAZIL,2020-05-25,World Health Organization COVID-19 Dashboard,16508.0,BRFiltered.csv
COVID-19,Unspecified,BRAZIL,2020-05-26,World Health Organization COVID-19 Dashboard,15813.0,BRFiltered.csv
COVID-19,Unspecified,BRAZIL,2020-05-27,World Health Organization COVID-19 Dashboard,11687.0,BRFiltered.csv
COVID-19,Unspecified,BRAZIL,2020-05-28,World Health Organization COVID-19 Dashboard,16324.0,BRFiltered.csv
COVID-19,Unspecified,BRAZIL,2020-05-29,World Health Organization COVID-19 Dashboard,20599.0,BRFiltered.csv
COVID-19,Unspecified,BRAZIL,2020-05-30,World Health Organization COVID-19 Dashboard,26417.0,BRFiltered.csv
COVID-19,Unspecified,BRAZIL,2020-05-31,World Health Organization COVID-19 Dashboard,26928.0,BRFiltered.csv
COVID-19,Unspecified,BRAZIL,2020-06-01,World Health Organization COVID-19 Dashboard,33274.0,BRFiltered.csv
COVID-19,Unspecified,BRAZIL,2020-06-02,World Health Organization COVID-19 Dashboard,16409.0,BRFiltered.csv
COVID-19,Unspecified,BRAZIL,2020-06-03,World Health Organization COVID-19 Dashboard,11598.0,BRFiltered.csv
COVID-19,Unspecified,BRAZIL,2020-06-04,World Health Organization COVID-19 Dashboard,28936.0,BRFiltered.csv
COVID-19,Unspecified,BRAZIL,2020-06-05,World Health Organization COVID-19 Dashboard,28633.0,BRFiltered.csv
COVID-19,Unspecified,BRAZIL,2020-06-06,World Health Organization COVID-19 Dashboard,30925.0,BRFiltered.csv
COVID-19,Unspecified,BRAZIL,2020-06-07,World Health Organization COVID-19 Dashboard,30830.0,BRFiltered.csv
COVID-19,Unspecified,BRAZIL,2020-06-08,World Health Organization COVID-19 Dashboard,27075.0,BRFiltered.csv
COVID-19,Unspecified,BRAZIL,2020-06-09,World Health Organization COVID-19 Dashboard,18912.0,BRFiltered.csv
COVID-19,Unspecified,BRAZIL,2020-06-10,World Health Organization COVID-19 Dashboard,15654.0,BRFiltered.csv
COVID-19,Unspecified,BRAZIL,2020-06-11,World Health Organization COVID-19 Dashboard,32091.0,BRFiltered.csv
COVID-19,Unspecified,BRAZIL,2020-06-12,World Health Organization COVID-19 Dashboard,32913.0,BRFiltered.csv
COVID-19,Unspecified,BRAZIL,2020-06-13,World Health Organization COVID-19 Dashboard,30412.0,BRFiltered.csv
COVID-19,Unspecified,BRAZIL,2020-06-14,World Health Organization COVID-19 Dashboard,25982.0,BRFiltered.csv
COVID-19,Unspecified,BRAZIL,2020-06-15,World Health Organization COVID-19 Dashboard,21704.0,BRFiltered.csv
COVID-19,Unspecified,BRAZIL,2020-06-16,World Health Organization COVID-19 Dashboard,17110.0,BRFiltered.csv
COVID-19,Unspecified,BRAZIL,2020-06-17,World Health Organization COVID-19 Dashboard,20647.0,BRFiltered.csv
COVID-19,Unspecified,BRAZIL,2020-06-18,World Health Organization COVID-19 Dashboard,34918.0,BRFiltered.csv
COVID-19,Unspecified,BRAZIL,2020-06-19,World Health Organization COVID-19 Dashboard,32188.0,BRFiltered.csv
COVID-19,Unspecified,BRAZIL,2020-06-20,World Health Organization COVID-19 Dashboard,22765.0,BRFiltered.csv
COVID-19,Unspecified,BRAZIL,2020-06-21,World Health Organization COVID-19 Dashboard,54771.0,BRFiltered.csv
COVID-19,Unspecified,BRAZIL,2020-06-22,World Health Organization COVID-19 Dashboard,34666.0,BRFiltered.csv
COVID-19,Unspecified,BRAZIL,2020-06-23,World Health Organization COVID-19 Dashboard,17459.0,BRFiltered.csv
COVID-19,Unspecified,BRAZIL,2020-06-24,World Health Organization COVID-19 Dashboard,21432.0,BRFiltered.csv
COVID-19,Unspecified,BRAZIL,2020-06-25,World Health Organization COVID-19 Dashboard,39436.0,BRFiltered.csv
COVID-19,Unspecified,BRAZIL,2020-06-26,World Health Organization COVID-19 Dashboard,42725.0,BRFiltered.csv
COVID-19,Unspecified,BRAZIL,2020-06-27,World Health Organization COVID-19 Dashboard,39483.0,BRFiltered.csv
COVID-19,Unspecified,BRAZIL,2020-06-28,World Health Organization COVID-19 Dashboard,46860.0,BRFiltered.csv
COVID-19,Unspecified,BRAZIL,2020-06-29,World Health Organization COVID-19 Dashboard,38693.0,BRFiltered.csv
COVID-19,Unspecified,BRAZIL,2020-06-30,World Health Organization COVID-19 Dashboard,30476.0,BRFiltered.csv
COVID-19,Unspecified,BRAZIL,2020-07-01,World Health Organization COVID-19 Dashboard,24052.0,BRFiltered.csv
COVID-19,Unspecified,BRAZIL,2020-07-02,World Health Organization COVID-19 Dashboard,33846.0,BRFiltered.csv
COVID-19,Unspecified,BRAZIL,2020-07-03,World Health Organization COVID-19 Dashboard,46712.0,BRFiltered.csv
COVID-19,Unspecified,BRAZIL,2020-07-04,World Health Organization COVID-19 Dashboard,48105.0,BRFiltered.csv
COVID-19,Unspecified,BRAZIL,2020-07-05,World Health Organization COVID-19 Dashboard,42223.0,BRFiltered.csv
COVID-19,Unspecified,BRAZIL,2020-07-06,World Health Organization COVID-19 Dashboard,37923.0,BRFiltered.csv
COVID-19,Unspecified,BRAZIL,2020-07-07,World Health Organization COVID-19 Dashboard,26051.0,BRFiltered.csv
COVID-19,Unspecified,BRAZIL,2020-07-08,World Health Organization COVID-19 Dashboard,20229.0,BRFiltered.csv
COVID-19,Unspecified,BRAZIL,2020-07-09,World Health Organization COVID-19 Dashboard,45305.0,BRFiltered.csv
COVID-19,Unspecified,BRAZIL,2020-07-10,World Health Organization COVID-19 Dashboard,44571.0,BRFiltered.csv
COVID-19,Unspecified,BRAZIL,2020-07-11,World Health Organization COVID-19 Dashboard,42619.0,BRFiltered.csv
COVID-19,Unspecified,BRAZIL,2020-07-12,World Health Organization COVID-19 Dashboard,45048.0,BRFiltered.csv
COVID-19,Unspecified,BRAZIL,2020-07-13,World Health Organization COVID-19 Dashboard,39023.0,BRFiltered.csv
COVID-19,Unspecified,BRAZIL,2020-07-14,World Health Organization COVID-19 Dashboard,24831.0,BRFiltered.csv
COVID-19,Unspecified,BRAZIL,2020-07-15,World Health Organization COVID-19 Dashboard,20286.0,BRFiltered.csv
COVID-19,Unspecified,BRAZIL,2020-07-16,World Health Organization COVID-19 Dashboard,41857.0,BRFiltered.csv
COVID-19,Unspecified,BRAZIL,2020-07-17,World Health Organization COVID-19 Dashboard,39924.0,BRFiltered.csv
COVID-19,Unspecified,BRAZIL,2020-07-18,World Health Organization COVID-19 Dashboard,45403.0,BRFiltered.csv
COVID-19,Unspecified,BRAZIL,2020-07-19,World Health Organization COVID-19 Dashboard,34177.0,BRFiltered.csv
COVID-19,Unspecified,BRAZIL,2020-07-20,World Health Organization COVID-19 Dashboard,28532.0,BRFiltered.csv
COVID-19,Unspecified,BRAZIL,2020-07-21,World Health Organization COVID-19 Dashboard,23529.0,BRFiltered.csv
COVID-19,Unspecified,BRAZIL,2020-07-22,World Health Organization COVID-19 Dashboard,20257.0,BRFiltered.csv
COVID-19,Unspecified,BRAZIL,2020-07-23,World Health Organization COVID-19 Dashboard,41008.0,BRFiltered.csv
COVID-19,Unspecified,BRAZIL,2020-07-24,World Health Organization COVID-19 Dashboard,67860.0,BRFiltered.csv
COVID-19,Unspecified,BRAZIL,2020-07-25,World Health Organization COVID-19 Dashboard,59961.0,BRFiltered.csv
COVID-19,Unspecified,BRAZIL,2020-07-26,World Health Organization COVID-19 Dashboard,55891.0,BRFiltered.csv
COVID-19,Unspecified,BRAZIL,2020-07-27,World Health Organization COVID-19 Dashboard,51147.0,BRFiltered.csv
COVID-19,Unspecified,BRAZIL,2020-07-28,World Health Organization COVID-19 Dashboard,24578.0,BRFiltered.csv
COVID-19,Unspecified,BRAZIL,2020-07-29,World Health Organization COVID-19 Dashboard,23284.0,BRFiltered.csv
COVID-19,Unspecified,BRAZIL,2020-07-30,World Health Organization COVID-19 Dashboard,40816.0,BRFiltered.csv
COVID-19,Unspecified,BRAZIL,2020-07-31,World Health Organization COVID-19 Dashboard,69074.0,BRFiltered.csv
COVID-19,Unspecified,BRAZIL,2020-08-01,World Health Organization COVID-19 Dashboard,57837.0,BRFiltered.csv
COVID-19,Unspecified,BRAZIL,2020-08-02,World Health Organization COVID-19 Dashboard,52383.0,BRFiltered.csv
COVID-19,Unspecified,BRAZIL,2020-08-03,World Health Organization COVID-19 Dashboard,45392.0,BRFiltered.csv
COVID-19,Unspecified,BRAZIL,2020-08-04,World Health Organization COVID-19 Dashboard,25800.0,BRFiltered.csv
COVID-19,Unspecified,BRAZIL,2020-08-05,World Health Organization COVID-19 Dashboard,16641.0,BRFiltered.csv
COVID-19,Unspecified,BRAZIL,2020-08-06,World Health Organization COVID-19 Dashboard,51603.0,BRFiltered.csv
COVID-19,Unspecified,BRAZIL,2020-08-07,World Health Organization COVID-19 Dashboard,57152.0,BRFiltered.csv
COVID-19,Unspecified,BRAZIL,2020-08-08,World Health Organization COVID-19 Dashboard,53139.0,BRFiltered.csv
COVID-19,Unspecified,BRAZIL,2020-08-09,World Health Organization COVID-19 Dashboard,50230.0,BRFiltered.csv
COVID-19,Unspecified,BRAZIL,2020-08-10,World Health Organization COVID-19 Dashboard,49970.0,BRFiltered.csv
COVID-19,Unspecified,BRAZIL,2020-08-11,World Health Organization COVID-19 Dashboard,23010.0,BRFiltered.csv
COVID-19,Unspecified,BRAZIL,2020-08-12,World Health Organization COVID-19 Dashboard,22048.0,BRFiltered.csv
COVID-19,Unspecified,BRAZIL,2020-08-13,World Health Organization COVID-19 Dashboard,52160.0,BRFiltered.csv
COVID-19,Unspecified,BRAZIL,2020-08-14,World Health Organization COVID-19 Dashboard,55155.0,BRFiltered.csv
COVID-19,Unspecified,BRAZIL,2020-08-15,World Health Organization COVID-19 Dashboard,60091.0,BRFiltered.csv
COVID-19,Unspecified,BRAZIL,2020-08-16,World Health Organization COVID-19 Dashboard,50644.0,BRFiltered.csv
COVID-19,Unspecified,BRAZIL,2020-08-17,World Health Organization COVID-19 Dashboard,41576.0,BRFiltered.csv
COVID-19,Unspecified,BRAZIL,2020-08-18,World Health Organization COVID-19 Dashboard,23101.0,BRFiltered.csv
COVID-19,Unspecified,BRAZIL,2020-08-19,World Health Organization COVID-19 Dashboard,19373.0,BRFiltered.csv
COVID-19,Unspecified,BRAZIL,2020-08-20,World Health Organization COVID-19 Dashboard,47784.0,BRFiltered.csv
COVID-19,Unspecified,BRAZIL,2020-08-21,World Health Organization COVID-19 Dashboard,49298.0,BRFiltered.csv
COVID-19,Unspecified,BRAZIL,2020-08-22,World Health Organization COVID-19 Dashboard,45323.0,BRFiltered.csv
COVID-19,Unspecified,BRAZIL,2020-08-23,World Health Organization COVID-19 Dashboard,30355.0,BRFiltered.csv
COVID-19,Unspecified,BRAZIL,2020-08-24,World Health Organization COVID-19 Dashboard,50032.0,BRFiltered.csv
COVID-19,Unspecified,BRAZIL,2020-08-25,World Health Organization COVID-19 Dashboard,23421.0,BRFiltered.csv
COVID-19,Unspecified,BRAZIL,2020-08-26,World Health Organization COVID-19 Dashboard,17078.0,BRFiltered.csv
COVID-19,Unspecified,BRAZIL,2020-08-27,World Health Organization COVID-19 Dashboard,47134.0,BRFiltered.csv
COVID-19,Unspecified,BRAZIL,2020-08-28,World Health Organization COVID-19 Dashboard,47161.0,BRFiltered.csv
COVID-19,Unspecified,BRAZIL,2020-08-29,World Health Organization COVID-19 Dashboard,44235.0,BRFiltered.csv
COVID-19,Unspecified,BRAZIL,2020-08-30,World Health Organization COVID-19 Dashboard,43412.0,BRFiltered.csv
COVID-19,Unspecified,BRAZIL,2020-08-31,World Health Organization COVID-19 Dashboard,41350.0,BRFiltered.csv
COVID-19,Unspecified,BRAZIL,2020-09-01,World Health Organization COVID-19 Dashboard,16158.0,BRFiltered.csv
COVID-19,Unspecified,BRAZIL,2020-09-02,World Health Organization COVID-19 Dashboard,45961.0,BRFiltered.csv
COVID-19,Unspecified,BRAZIL,2020-09-03,World Health Organization COVID-19 Dashboard,42659.0,BRFiltered.csv
COVID-19,Unspecified,BRAZIL,2020-09-04,World Health Organization COVID-19 Dashboard,46934.0,BRFiltered.csv
COVID-19,Unspecified,BRAZIL,2020-09-05,World Health Organization COVID-19 Dashboard,43773.0,BRFiltered.csv
COVID-19,Unspecified,BRAZIL,2020-09-06,World Health Organization COVID-19 Dashboard,51194.0,BRFiltered.csv
COVID-19,Unspecified,BRAZIL,2020-09-07,World Health Organization COVID-19 Dashboard,30168.0,BRFiltered.csv
COVID-19,Unspecified,BRAZIL,2020-09-08,World Health Organization COVID-19 Dashboard,14521.0,BRFiltered.csv
COVID-19,Unspecified,BRAZIL,2020-09-09,World Health Organization COVID-19 Dashboard,10273.0,BRFiltered.csv
COVID-19,Unspecified,BRAZIL,2020-09-10,World Health Organization COVID-19 Dashboard,14279.0,BRFiltered.csv
COVID-19,Unspecified,BRAZIL,2020-09-11,World Health Organization COVID-19 Dashboard,35816.0,BRFiltered.csv
COVID-19,Unspecified,BRAZIL,2020-09-12,World Health Organization COVID-19 Dashboard,40557.0,BRFiltered.csv
COVID-19,Unspecified,BRAZIL,2020-09-13,World Health Organization COVID-19 Dashboard,43718.0,BRFiltered.csv
COVID-19,Unspecified,BRAZIL,2020-09-14,World Health Organization COVID-19 Dashboard,33523.0,BRFiltered.csv
COVID-19,Unspecified,BRAZIL,2020-09-15,World Health Organization COVID-19 Dashboard,14768.0,BRFiltered.csv
COVID-19,Unspecified,BRAZIL,2020-09-16,World Health Organization COVID-19 Dashboard,15155.0,BRFiltered.csv
COVID-19,Unspecified,BRAZIL,2020-09-17,World Health Organization COVID-19 Dashboard,36653.0,BRFiltered.csv
COVID-19,Unspecified,BRAZIL,2020-09-18,World Health Organization COVID-19 Dashboard,36820.0,BRFiltered.csv
COVID-19,Unspecified,BRAZIL,2020-09-19,World Health Organization COVID-19 Dashboard,36303.0,BRFiltered.csv
COVID-19,Unspecified,BRAZIL,2020-09-20,World Health Organization COVID-19 Dashboard,39797.0,BRFiltered.csv
COVID-19,Unspecified,BRAZIL,2020-09-21,World Health Organization COVID-19 Dashboard,33057.0,BRFiltered.csv
COVID-19,Unspecified,BRAZIL,2020-09-22,World Health Organization COVID-19 Dashboard,16389.0,BRFiltered.csv
COVID-19,Unspecified,BRAZIL,2020-09-23,World Health Organization COVID-19 Dashboard,13439.0,BRFiltered.csv
COVID-19,Unspecified,BRAZIL,2020-09-24,World Health Organization COVID-19 Dashboard,33536.0,BRFiltered.csv
COVID-19,Unspecified,BRAZIL,2020-09-25,World Health Organization COVID-19 Dashboard,33281.0,BRFiltered.csv
COVID-19,Unspecified,BRAZIL,2020-09-26,World Health Organization COVID-19 Dashboard,32817.0,BRFiltered.csv
COVID-19,Unspecified,BRAZIL,2020-09-27,World Health Organization COVID-19 Dashboard,31911.0,BRFiltered.csv
COVID-19,Unspecified,BRAZIL,2020-09-28,World Health Organization COVID-19 Dashboard,28378.0,BRFiltered.csv
COVID-19,Unspecified,BRAZIL,2020-09-29,World Health Organization COVID-19 Dashboard,14318.0,BRFiltered.csv
COVID-19,Unspecified,BRAZIL,2020-09-30,World Health Organization COVID-19 Dashboard,13155.0,BRFiltered.csv
COVID-19,Unspecified,BRAZIL,2020-10-01,World Health Organization COVID-19 Dashboard,32058.0,BRFiltered.csv
COVID-19,Unspecified,BRAZIL,2020-10-02,World Health Organization COVID-19 Dashboard,33413.0,BRFiltered.csv
COVID-19,Unspecified,BRAZIL,2020-10-03,World Health Organization COVID-19 Dashboard,36157.0,BRFiltered.csv
COVID-19,Unspecified,BRAZIL,2020-10-04,World Health Organization COVID-19 Dashboard,33431.0,BRFiltered.csv
COVID-19,Unspecified,BRAZIL,2020-10-05,World Health Organization COVID-19 Dashboard,26310.0,BRFiltered.csv
COVID-19,Unspecified,BRAZIL,2020-10-06,World Health Organization COVID-19 Dashboard,8456.0,BRFiltered.csv
COVID-19,Unspecified,BRAZIL,2020-10-07,World Health Organization COVID-19 Dashboard,11946.0,BRFiltered.csv
COVID-19,Unspecified,BRAZIL,2020-10-08,World Health Organization COVID-19 Dashboard,41906.0,BRFiltered.csv
COVID-19,Unspecified,BRAZIL,2020-10-09,World Health Organization COVID-19 Dashboard,31553.0,BRFiltered.csv
COVID-19,Unspecified,BRAZIL,2020-10-10,World Health Organization COVID-19 Dashboard,27750.0,BRFiltered.csv
COVID-19,Unspecified,BRAZIL,2020-10-11,World Health Organization COVID-19 Dashboard,27444.0,BRFiltered.csv
COVID-19,Unspecified,BRAZIL,2020-10-12,World Health Organization COVID-19 Dashboard,26749.0,BRFiltered.csv
COVID-19,Unspecified,BRAZIL,2020-10-13,World Health Organization COVID-19 Dashboard,12342.0,BRFiltered.csv
COVID-19,Unspecified,BRAZIL,2020-10-14,World Health Organization COVID-19 Dashboard,8429.0,BRFiltered.csv
COVID-19,Unspecified,BRAZIL,2020-10-15,World Health Organization COVID-19 Dashboard,10220.0,BRFiltered.csv
COVID-19,Unspecified,BRAZIL,2020-10-16,World Health Organization COVID-19 Dashboard,27235.0,BRFiltered.csv
COVID-19,Unspecified,BRAZIL,2020-10-17,World Health Organization COVID-19 Dashboard,28523.0,BRFiltered.csv
COVID-19,Unspecified,BRAZIL,2020-10-18,World Health Organization COVID-19 Dashboard,30914.0,BRFiltered.csv
COVID-19,Unspecified,BRAZIL,2020-10-19,World Health Organization COVID-19 Dashboard,24062.0,BRFiltered.csv
COVID-19,Unspecified,BRAZIL,2020-10-20,World Health Organization COVID-19 Dashboard,10982.0,BRFiltered.csv
COVID-19,Unspecified,BRAZIL,2020-10-21,World Health Organization COVID-19 Dashboard,15383.0,BRFiltered.csv
COVID-19,Unspecified,BRAZIL,2020-10-22,World Health Organization COVID-19 Dashboard,23227.0,BRFiltered.csv
COVID-19,Unspecified,BRAZIL,2020-10-23,World Health Organization COVID-19 Dashboard,24818.0,BRFiltered.csv
COVID-19,Unspecified,BRAZIL,2020-10-24,World Health Organization COVID-19 Dashboard,24858.0,BRFiltered.csv
COVID-19,Unspecified,BRAZIL,2020-10-25,World Health Organization COVID-19 Dashboard,30026.0,BRFiltered.csv
COVID-19,Unspecified,BRAZIL,2020-10-26,World Health Organization COVID-19 Dashboard,26979.0,BRFiltered.csv
COVID-19,Unspecified,BRAZIL,2020-10-27,World Health Organization COVID-19 Dashboard,13493.0,BRFiltered.csv
COVID-19,Unspecified,BRAZIL,2020-10-28,World Health Organization COVID-19 Dashboard,15726.0,BRFiltered.csv
COVID-19,Unspecified,BRAZIL,2020-10-29,World Health Organization COVID-19 Dashboard,29787.0,BRFiltered.csv
COVID-19,Unspecified,BRAZIL,2020-10-30,World Health Organization COVID-19 Dashboard,28629.0,BRFiltered.csv
COVID-19,Unspecified,BRAZIL,2020-10-31,World Health Organization COVID-19 Dashboard,26106.0,BRFiltered.csv
COVID-19,Unspecified,BRAZIL,2020-11-01,World Health Organization COVID-19 Dashboard,22282.0,BRFiltered.csv
COVID-19,Unspecified,BRAZIL,2020-11-02,World Health Organization COVID-19 Dashboard,18947.0,BRFiltered.csv
COVID-19,Unspecified,BRAZIL,2020-11-03,World Health Organization COVID-19 Dashboard,10100.0,BRFiltered.csv
COVID-19,Unspecified,BRAZIL,2020-11-04,World Health Organization COVID-19 Dashboard,8501.0,BRFiltered.csv
COVID-19,Unspecified,BRAZIL,2020-11-05,World Health Organization COVID-19 Dashboard,11843.0,BRFiltered.csv
COVID-19,Unspecified,BRAZIL,2020-11-06,World Health Organization COVID-19 Dashboard,23976.0,BRFiltered.csv
COVID-19,Unspecified,BRAZIL,2020-11-07,World Health Organization COVID-19 Dashboard,22294.0,BRFiltered.csv
COVID-19,Unspecified,BRAZIL,2020-11-08,World Health Organization COVID-19 Dashboard,18862.0,BRFiltered.csv
COVID-19,Unspecified,BRAZIL,2020-11-09,World Health Organization COVID-19 Dashboard,22380.0,BRFiltered.csv
COVID-19,Unspecified,BRAZIL,2020-11-10,World Health Organization COVID-19 Dashboard,10554.0,BRFiltered.csv
COVID-19,Unspecified,BRAZIL,2020-11-11,World Health Organization COVID-19 Dashboard,10917.0,BRFiltered.csv
COVID-19,Unspecified,BRAZIL,2020-11-12,World Health Organization COVID-19 Dashboard,25012.0,BRFiltered.csv
COVID-19,Unspecified,BRAZIL,2020-11-13,World Health Organization COVID-19 Dashboard,48331.0,BRFiltered.csv
COVID-19,Unspecified,BRAZIL,2020-11-14,World Health Organization COVID-19 Dashboard,33207.0,BRFiltered.csv
COVID-19,Unspecified,BRAZIL,2020-11-15,World Health Organization COVID-19 Dashboard,29070.0,BRFiltered.csv
COVID-19,Unspecified,BRAZIL,2020-11-16,World Health Organization COVID-19 Dashboard,38307.0,BRFiltered.csv
COVID-19,Unspecified,BRAZIL,2020-11-17,World Health Organization COVID-19 Dashboard,14134.0,BRFiltered.csv
COVID-19,Unspecified,BRAZIL,2020-11-18,World Health Organization COVID-19 Dashboard,13371.0,BRFiltered.csv
COVID-19,Unspecified,BRAZIL,2020-11-19,World Health Organization COVID-19 Dashboard,35294.0,BRFiltered.csv
COVID-19,Unspecified,BRAZIL,2020-11-20,World Health Organization COVID-19 Dashboard,34091.0,BRFiltered.csv
COVID-19,Unspecified,BRAZIL,2020-11-21,World Health Organization COVID-19 Dashboard,35918.0,BRFiltered.csv
COVID-19,Unspecified,BRAZIL,2020-11-22,World Health Organization COVID-19 Dashboard,38397.0,BRFiltered.csv
COVID-19,Unspecified,BRAZIL,2020-11-23,World Health Organization COVID-19 Dashboard,32622.0,BRFiltered.csv
COVID-19,Unspecified,BRAZIL,2020-11-24,World Health Organization COVID-19 Dashboard,18615.0,BRFiltered.csv
COVID-19,Unspecified,BRAZIL,2020-11-25,World Health Organization COVID-19 Dashboard,16207.0,BRFiltered.csv
COVID-19,Unspecified,BRAZIL,2020-11-26,World Health Organization COVID-19 Dashboard,31100.0,BRFiltered.csv
COVID-19,Unspecified,BRAZIL,2020-11-27,World Health Organization COVID-19 Dashboard,47898.0,BRFiltered.csv
COVID-19,Unspecified,BRAZIL,2020-11-28,World Health Organization COVID-19 Dashboard,37614.0,BRFiltered.csv
COVID-19,Unspecified,BRAZIL,2020-11-29,World Health Organization COVID-19 Dashboard,34130.0,BRFiltered.csv
COVID-19,Unspecified,BRAZIL,2020-11-30,World Health Organization COVID-19 Dashboard,51922.0,BRFiltered.csv
COVID-19,Unspecified,BRAZIL,2020-12-01,World Health Organization COVID-19 Dashboard,24468.0,BRFiltered.csv
COVID-19,Unspecified,BRAZIL,2020-12-02,World Health Organization COVID-19 Dashboard,21138.0,BRFiltered.csv
COVID-19,Unspecified,BRAZIL,2020-12-03,World Health Organization COVID-19 Dashboard,50909.0,BRFiltered.csv
COVID-19,Unspecified,BRAZIL,2020-12-04,World Health Organization COVID-19 Dashboard,49863.0,BRFiltered.csv
COVID-19,Unspecified,BRAZIL,2020-12-05,World Health Organization COVID-19 Dashboard,50434.0,BRFiltered.csv
COVID-19,Unspecified,BRAZIL,2020-12-06,World Health Organization COVID-19 Dashboard,46884.0,BRFiltered.csv
COVID-19,Unspecified,BRAZIL,2020-12-07,World Health Organization COVID-19 Dashboard,43209.0,BRFiltered.csv
COVID-19,Unspecified,BRAZIL,2020-12-08,World Health Organization COVID-19 Dashboard,26363.0,BRFiltered.csv
COVID-19,Unspecified,BRAZIL,2020-12-09,World Health Organization COVID-19 Dashboard,20371.0,BRFiltered.csv
COVID-19,Unspecified,BRAZIL,2020-12-10,World Health Organization COVID-19 Dashboard,51088.0,BRFiltered.csv
COVID-19,Unspecified,BRAZIL,2020-12-11,World Health Organization COVID-19 Dashboard,53453.0,BRFiltered.csv
COVID-19,Unspecified,BRAZIL,2020-12-12,World Health Organization COVID-19 Dashboard,53347.0,BRFiltered.csv
COVID-19,Unspecified,BRAZIL,2020-12-13,World Health Organization COVID-19 Dashboard,54428.0,BRFiltered.csv
COVID-19,Unspecified,BRAZIL,2020-12-14,World Health Organization COVID-19 Dashboard,43900.0,BRFiltered.csv
COVID-19,Unspecified,BRAZIL,2020-12-15,World Health Organization COVID-19 Dashboard,21825.0,BRFiltered.csv
COVID-19,Unspecified,BRAZIL,2020-12-16,World Health Organization COVID-19 Dashboard,25193.0,BRFiltered.csv
COVID-19,Unspecified,BRAZIL,2020-12-17,World Health Organization COVID-19 Dashboard,42889.0,BRFiltered.csv
COVID-19,Unspecified,BRAZIL,2020-12-18,World Health Organization COVID-19 Dashboard,70574.0,BRFiltered.csv
COVID-19,Unspecified,BRAZIL,2020-12-19,World Health Organization COVID-19 Dashboard,69826.0,BRFiltered.csv
COVID-19,Unspecified,BRAZIL,2020-12-20,World Health Organization COVID-19 Dashboard,52544.0,BRFiltered.csv
COVID-19,Unspecified,BRAZIL,2020-12-21,World Health Organization COVID-19 Dashboard,50177.0,BRFiltered.csv
COVID-19,Unspecified,BRAZIL,2020-12-22,World Health Organization COVID-19 Dashboard,25445.0,BRFiltered.csv
COVID-19,Unspecified,BRAZIL,2020-12-23,World Health Organization COVID-19 Dashboard,25019.0,BRFiltered.csv
COVID-19,Unspecified,BRAZIL,2020-12-24,World Health Organization COVID-19 Dashboard,55202.0,BRFiltered.csv
COVID-19,Unspecified,BRAZIL,2020-12-25,World Health Organization COVID-19 Dashboard,46696.0,BRFiltered.csv
COVID-19,Unspecified,BRAZIL,2020-12-26,World Health Organization COVID-19 Dashboard,60076.0,BRFiltered.csv
COVID-19,Unspecified,BRAZIL,2020-12-27,World Health Organization COVID-19 Dashboard,22967.0,BRFiltered.csv
COVID-19,Unspecified,BRAZIL,2020-12-28,World Health Organization COVID-19 Dashboard,17246.0,BRFiltered.csv
COVID-19,Unspecified,BRAZIL,2020-12-29,World Health Organization COVID-19 Dashboard,18479.0,BRFiltered.csv
COVID-19,Unspecified,BRAZIL,2020-12-30,World Health Organization COVID-19 Dashboard,20548.0,BRFiltered.csv
COVID-19,Unspecified,BRAZIL,2020-12-31,World Health Organization COVID-19 Dashboard,58718.0,BRFiltered.csv
COVID-19,Unspecified,BRAZIL,2021-01-01,World Health Organization COVID-19 Dashboard,55649.0,BRFiltered.csv
COVID-19,Unspecified,BRAZIL,2021-01-02,World Health Organization COVID-19 Dashboard,56773.0,BRFiltered.csv
COVID-19,Unspecified,BRAZIL,2021-01-03,World Health Organization COVID-19 Dashboard,24605.0,BRFiltered.csv
COVID-19,Unspecified,BRAZIL,2021-01-04,World Health Organization COVID-19 Dashboard,15827.0,BRFiltered.csv
COVID-19,Unspecified,BRAZIL,2021-01-05,World Health Organization COVID-19 Dashboard,17341.0,BRFiltered.csv
COVID-19,Unspecified,BRAZIL,2021-01-06,World Health Organization COVID-19 Dashboard,20006.0,BRFiltered.csv
COVID-19,Unspecified,BRAZIL,2021-01-07,World Health Organization COVID-19 Dashboard,56648.0,BRFiltered.csv
COVID-19,Unspecified,BRAZIL,2021-01-08,World Health Organization COVID-19 Dashboard,63430.0,BRFiltered.csv
COVID-19,Unspecified,BRAZIL,2021-01-09,World Health Organization COVID-19 Dashboard,87843.0,BRFiltered.csv
COVID-19,Unspecified,BRAZIL,2021-01-10,World Health Organization COVID-19 Dashboard,52035.0,BRFiltered.csv
COVID-19,Unspecified,BRAZIL,2021-01-11,World Health Organization COVID-19 Dashboard,62290.0,BRFiltered.csv
COVID-19,Unspecified,BRAZIL,2021-01-12,World Health Organization COVID-19 Dashboard,29792.0,BRFiltered.csv
COVID-19,Unspecified,BRAZIL,2021-01-13,World Health Organization COVID-19 Dashboard,25822.0,BRFiltered.csv
COVID-19,Unspecified,BRAZIL,2021-01-14,World Health Organization COVID-19 Dashboard,64025.0,BRFiltered.csv
COVID-19,Unspecified,BRAZIL,2021-01-15,World Health Organization COVID-19 Dashboard,60899.0,BRFiltered.csv
COVID-19,Unspecified,BRAZIL,2021-01-16,World Health Organization COVID-19 Dashboard,67758.0,BRFiltered.csv
COVID-19,Unspecified,BRAZIL,2021-01-17,World Health Organization COVID-19 Dashboard,69198.0,BRFiltered.csv
COVID-19,Unspecified,BRAZIL,2021-01-18,World Health Organization COVID-19 Dashboard,61567.0,BRFiltered.csv
COVID-19,Unspecified,BRAZIL,2021-01-19,World Health Organization COVID-19 Dashboard,33040.0,BRFiltered.csv
COVID-19,Unspecified,BRAZIL,2021-01-20,World Health Organization COVID-19 Dashboard,23671.0,BRFiltered.csv
COVID-19,Unspecified,BRAZIL,2021-01-21,World Health Organization COVID-19 Dashboard,62094.0,BRFiltered.csv
COVID-19,Unspecified,BRAZIL,2021-01-22,World Health Organization COVID-19 Dashboard,64385.0,BRFiltered.csv
COVID-19,Unspecified,BRAZIL,2021-01-23,World Health Organization COVID-19 Dashboard,59119.0,BRFiltered.csv
COVID-19,Unspecified,BRAZIL,2021-01-24,World Health Organization COVID-19 Dashboard,56552.0,BRFiltered.csv
COVID-19,Unspecified,BRAZIL,2021-01-25,World Health Organization COVID-19 Dashboard,62334.0,BRFiltered.csv
COVID-19,Unspecified,BRAZIL,2021-01-26,World Health Organization COVID-19 Dashboard,28323.0,BRFiltered.csv
COVID-19,Unspecified,BRAZIL,2021-01-27,World Health Organization COVID-19 Dashboard,26816.0,BRFiltered.csv
COVID-19,Unspecified,BRAZIL,2021-01-28,World Health Organization COVID-19 Dashboard,61963.0,BRFiltered.csv
COVID-19,Unspecified,BRAZIL,2021-01-29,World Health Organization COVID-19 Dashboard,63520.0,BRFiltered.csv
COVID-19,Unspecified,BRAZIL,2021-01-30,World Health Organization COVID-19 Dashboard,61811.0,BRFiltered.csv
COVID-19,Unspecified,BRAZIL,2021-01-31,World Health Organization COVID-19 Dashboard,59826.0,BRFiltered.csv
COVID-19,Unspecified,BRAZIL,2021-02-01,World Health Organization COVID-19 Dashboard,58462.0,BRFiltered.csv
COVID-19,Unspecified,BRAZIL,2021-02-02,World Health Organization COVID-19 Dashboard,27756.0,BRFiltered.csv
COVID-19,Unspecified,BRAZIL,2021-02-03,World Health Organization COVID-19 Dashboard,24591.0,BRFiltered.csv
COVID-19,Unspecified,BRAZIL,2021-02-04,World Health Organization COVID-19 Dashboard,54096.0,BRFiltered.csv
COVID-19,Unspecified,BRAZIL,2021-02-05,World Health Organization COVID-19 Dashboard,56002.0,BRFiltered.csv
COVID-19,Unspecified,BRAZIL,2021-02-06,World Health Organization COVID-19 Dashboard,56873.0,BRFiltered.csv
COVID-19,Unspecified,BRAZIL,2021-02-07,World Health Organization COVID-19 Dashboard,50872.0,BRFiltered.csv
COVID-19,Unspecified,BRAZIL,2021-02-08,World Health Organization COVID-19 Dashboard,50630.0,BRFiltered.csv
COVID-19,Unspecified,BRAZIL,2021-02-09,World Health Organization COVID-19 Dashboard,26845.0,BRFiltered.csv
COVID-19,Unspecified,BRAZIL,2021-02-10,World Health Organization COVID-19 Dashboard,23439.0,BRFiltered.csv
COVID-19,Unspecified,BRAZIL,2021-02-11,World Health Organization COVID-19 Dashboard,51486.0,BRFiltered.csv
COVID-19,Unspecified,BRAZIL,2021-02-12,World Health Organization COVID-19 Dashboard,59602.0,BRFiltered.csv
COVID-19,Unspecified,BRAZIL,2021-02-13,World Health Organization COVID-19 Dashboard,54742.0,BRFiltered.csv
COVID-19,Unspecified,BRAZIL,2021-02-14,World Health Organization COVID-19 Dashboard,51546.0,BRFiltered.csv
COVID-19,Unspecified,BRAZIL,2021-02-15,World Health Organization COVID-19 Dashboard,44299.0,BRFiltered.csv
COVID-19,Unspecified,BRAZIL,2021-02-16,World Health Organization COVID-19 Dashboard,24759.0,BRFiltered.csv
COVID-19,Unspecified,BRAZIL,2021-02-17,World Health Organization COVID-19 Dashboard,32197.0,BRFiltered.csv
COVID-19,Unspecified,BRAZIL,2021-02-18,World Health Organization COVID-19 Dashboard,55271.0,BRFiltered.csv
COVID-19,Unspecified,BRAZIL,2021-02-19,World Health Organization COVID-19 Dashboard,56766.0,BRFiltered.csv
COVID-19,Unspecified,BRAZIL,2021-02-20,World Health Organization COVID-19 Dashboard,51879.0,BRFiltered.csv
COVID-19,Unspecified,BRAZIL,2021-02-21,World Health Organization COVID-19 Dashboard,51050.0,BRFiltered.csv
COVID-19,Unspecified,BRAZIL,2021-02-22,World Health Organization COVID-19 Dashboard,57472.0,BRFiltered.csv
COVID-19,Unspecified,BRAZIL,2021-02-23,World Health Organization COVID-19 Dashboard,29026.0,BRFiltered.csv
COVID-19,Unspecified,BRAZIL,2021-02-24,World Health Organization COVID-19 Dashboard,26986.0,BRFiltered.csv
COVID-19,Unspecified,BRAZIL,2021-02-25,World Health Organization COVID-19 Dashboard,62715.0,BRFiltered.csv
COVID-19,Unspecified,BRAZIL,2021-02-26,World Health Organization COVID-19 Dashboard,66588.0,BRFiltered.csv
COVID-19,Unspecified,BRAZIL,2021-02-27,World Health Organization COVID-19 Dashboard,65998.0,BRFiltered.csv
COVID-19,Unspecified,BRAZIL,2021-02-28,World Health Organization COVID-19 Dashboard,65169.0,BRFiltered.csv
COVID-19,Unspecified,BRAZIL,2021-03-01,World Health Organization COVID-19 Dashboard,61602.0,BRFiltered.csv
COVID-19,Unspecified,BRAZIL,2021-03-02,World Health Organization COVID-19 Dashboard,34027.0,BRFiltered.csv
COVID-19,Unspecified,BRAZIL,2021-03-03,World Health Organization COVID-19 Dashboard,35742.0,BRFiltered.csv
COVID-19,Unspecified,BRAZIL,2021-03-04,World Health Organization COVID-19 Dashboard,59925.0,BRFiltered.csv
COVID-19,Unspecified,BRAZIL,2021-03-05,World Health Organization COVID-19 Dashboard,71704.0,BRFiltered.csv
COVID-19,Unspecified,BRAZIL,2021-03-06,World Health Organization COVID-19 Dashboard,75102.0,BRFiltered.csv
COVID-19,Unspecified,BRAZIL,2021-03-07,World Health Organization COVID-19 Dashboard,75495.0,BRFiltered.csv
COVID-19,Unspecified,BRAZIL,2021-03-08,World Health Organization COVID-19 Dashboard,69609.0,BRFiltered.csv
COVID-19,Unspecified,BRAZIL,2021-03-09,World Health Organization COVID-19 Dashboard,80508.0,BRFiltered.csv
COVID-19,Unspecified,BRAZIL,2021-03-10,World Health Organization COVID-19 Dashboard,32321.0,BRFiltered.csv
COVID-19,Unspecified,BRAZIL,2021-03-11,World Health Organization COVID-19 Dashboard,70764.0,BRFiltered.csv
COVID-19,Unspecified,BRAZIL,2021-03-12,World Health Organization COVID-19 Dashboard,79876.0,BRFiltered.csv
COVID-19,Unspecified,BRAZIL,2021-03-13,World Health Organization COVID-19 Dashboard,75412.0,BRFiltered.csv
COVID-19,Unspecified,BRAZIL,2021-03-14,World Health Organization COVID-19 Dashboard,85663.0,BRFiltered.csv
COVID-19,Unspecified,BRAZIL,2021-03-15,World Health Organization COVID-19 Dashboard,76178.0,BRFiltered.csv
COVID-19,Unspecified,BRAZIL,2021-03-16,World Health Organization COVID-19 Dashboard,43812.0,BRFiltered.csv
COVID-19,Unspecified,BRAZIL,2021-03-17,World Health Organization COVID-19 Dashboard,36239.0,BRFiltered.csv
COVID-19,Unspecified,BRAZIL,2021-03-18,World Health Organization COVID-19 Dashboard,83926.0,BRFiltered.csv
COVID-19,Unspecified,BRAZIL,2021-03-19,World Health Organization COVID-19 Dashboard,90303.0,BRFiltered.csv
COVID-19,Unspecified,BRAZIL,2021-03-20,World Health Organization COVID-19 Dashboard,86982.0,BRFiltered.csv
COVID-19,Unspecified,BRAZIL,2021-03-21,World Health Organization COVID-19 Dashboard,90570.0,BRFiltered.csv
COVID-19,Unspecified,BRAZIL,2021-03-22,World Health Organization COVID-19 Dashboard,79069.0,BRFiltered.csv
COVID-19,Unspecified,BRAZIL,2021-03-23,World Health Organization COVID-19 Dashboard,47774.0,BRFiltered.csv
COVID-19,Unspecified,BRAZIL,2021-03-24,World Health Organization COVID-19 Dashboard,49293.0,BRFiltered.csv
COVID-19,Unspecified,BRAZIL,2021-03-25,World Health Organization COVID-19 Dashboard,82493.0,BRFiltered.csv
COVID-19,Unspecified,BRAZIL,2021-03-26,World Health Organization COVID-19 Dashboard,89992.0,BRFiltered.csv
COVID-19,Unspecified,BRAZIL,2021-03-27,World Health Organization COVID-19 Dashboard,100158.0,BRFiltered.csv
COVID-19,Unspecified,BRAZIL,2021-03-28,World Health Organization COVID-19 Dashboard,84245.0,BRFiltered.csv
COVID-19,Unspecified,BRAZIL,2021-03-29,World Health Organization COVID-19 Dashboard,85948.0,BRFiltered.csv
COVID-19,Unspecified,BRAZIL,2021-03-30,World Health Organization COVID-19 Dashboard,44326.0,BRFiltered.csv
COVID-19,Unspecified,BRAZIL,2021-03-31,World Health Organization COVID-19 Dashboard,38927.0,BRFiltered.csv
COVID-19,Unspecified,BRAZIL,2021-04-01,World Health Organization COVID-19 Dashboard,84494.0,BRFiltered.csv
COVID-19,Unspecified,BRAZIL,2021-04-02,World Health Organization COVID-19 Dashboard,90638.0,BRFiltered.csv
COVID-19,Unspecified,BRAZIL,2021-04-03,World Health Organization COVID-19 Dashboard,91097.0,BRFiltered.csv
COVID-19,Unspecified,BRAZIL,2021-04-04,World Health Organization COVID-19 Dashboard,70238.0,BRFiltered.csv
COVID-19,Unspecified,BRAZIL,2021-04-05,World Health Organization COVID-19 Dashboard,43515.0,BRFiltered.csv
COVID-19,Unspecified,BRAZIL,2021-04-06,World Health Organization COVID-19 Dashboard,31359.0,BRFiltered.csv
COVID-19,Unspecified,BRAZIL,2021-04-07,World Health Organization COVID-19 Dashboard,28645.0,BRFiltered.csv
COVID-19,Unspecified,BRAZIL,2021-04-08,World Health Organization COVID-19 Dashboard,86979.0,BRFiltered.csv
COVID-19,Unspecified,BRAZIL,2021-04-09,World Health Organization COVID-19 Dashboard,92625.0,BRFiltered.csv
COVID-19,Unspecified,BRAZIL,2021-04-10,World Health Organization COVID-19 Dashboard,86652.0,BRFiltered.csv
COVID-19,Unspecified,BRAZIL,2021-04-11,World Health Organization COVID-19 Dashboard,93317.0,BRFiltered.csv
COVID-19,Unspecified,BRAZIL,2021-04-12,World Health Organization COVID-19 Dashboard,71832.0,BRFiltered.csv
COVID-19,Unspecified,BRAZIL,2021-04-13,World Health Organization COVID-19 Dashboard,37017.0,BRFiltered.csv
COVID-19,Unspecified,BRAZIL,2021-04-14,World Health Organization COVID-19 Dashboard,35785.0,BRFiltered.csv
COVID-19,Unspecified,BRAZIL,2021-04-15,World Health Organization COVID-19 Dashboard,82186.0,BRFiltered.csv
COVID-19,Unspecified,BRAZIL,2021-04-16,World Health Organization COVID-19 Dashboard,73513.0,BRFiltered.csv
COVID-19,Unspecified,BRAZIL,2021-04-17,World Health Organization COVID-19 Dashboard,73174.0,BRFiltered.csv
COVID-19,Unspecified,BRAZIL,2021-04-18,World Health Organization COVID-19 Dashboard,85774.0,BRFiltered.csv
COVID-19,Unspecified,BRAZIL,2021-04-19,World Health Organization COVID-19 Dashboard,67636.0,BRFiltered.csv
COVID-19,Unspecified,BRAZIL,2021-04-20,World Health Organization COVID-19 Dashboard,42980.0,BRFiltered.csv
COVID-19,Unspecified,BRAZIL,2021-04-21,World Health Organization COVID-19 Dashboard,30624.0,BRFiltered.csv
COVID-19,Unspecified,BRAZIL,2021-04-22,World Health Organization COVID-19 Dashboard,69381.0,BRFiltered.csv
COVID-19,Unspecified,BRAZIL,2021-04-23,World Health Organization COVID-19 Dashboard,79719.0,BRFiltered.csv
COVID-19,Unspecified,BRAZIL,2021-04-24,World Health Organization COVID-19 Dashboard,45178.0,BRFiltered.csv
COVID-19,Unspecified,BRAZIL,2021-04-25,World Health Organization COVID-19 Dashboard,69105.0,BRFiltered.csv
COVID-19,Unspecified,BRAZIL,2021-04-26,World Health Organization COVID-19 Dashboard,71137.0,BRFiltered.csv
COVID-19,Unspecified,BRAZIL,2021-04-27,World Health Organization COVID-19 Dashboard,32572.0,BRFiltered.csv
COVID-19,Unspecified,BRAZIL,2021-04-28,World Health Organization COVID-19 Dashboard,28636.0,BRFiltered.csv
COVID-19,Unspecified,BRAZIL,2021-04-29,World Health Organization COVID-19 Dashboard,72140.0,BRFiltered.csv
COVID-19,Unspecified,BRAZIL,2021-04-30,World Health Organization COVID-19 Dashboard,79726.0,BRFiltered.csv
COVID-19,Unspecified,BRAZIL,2021-05-01,World Health Organization COVID-19 Dashboard,69389.0,BRFiltered.csv
COVID-19,Unspecified,BRAZIL,2021-05-02,World Health Organization COVID-19 Dashboard,68333.0,BRFiltered.csv
COVID-19,Unspecified,BRAZIL,2021-05-03,World Health Organization COVID-19 Dashboard,66964.0,BRFiltered.csv
COVID-19,Unspecified,BRAZIL,2021-05-04,World Health Organization COVID-19 Dashboard,28935.0,BRFiltered.csv
COVID-19,Unspecified,BRAZIL,2021-05-05,World Health Organization COVID-19 Dashboard,24619.0,BRFiltered.csv
COVID-19,Unspecified,BRAZIL,2021-05-06,World Health Organization COVID-19 Dashboard,77359.0,BRFiltered.csv
COVID-19,Unspecified,BRAZIL,2021-05-07,World Health Organization COVID-19 Dashboard,73295.0,BRFiltered.csv
COVID-19,Unspecified,BRAZIL,2021-05-08,World Health Organization COVID-19 Dashboard,73380.0,BRFiltered.csv
COVID-19,Unspecified,BRAZIL,2021-05-09,World Health Organization COVID-19 Dashboard,78886.0,BRFiltered.csv
COVID-19,Unspecified,BRAZIL,2021-05-10,World Health Organization COVID-19 Dashboard,63430.0,BRFiltered.csv
COVID-19,Unspecified,BRAZIL,2021-05-11,World Health Organization COVID-19 Dashboard,38911.0,BRFiltered.csv
COVID-19,Unspecified,BRAZIL,2021-05-12,World Health Organization COVID-19 Dashboard,25200.0,BRFiltered.csv
COVID-19,Unspecified,BRAZIL,2021-05-13,World Health Organization COVID-19 Dashboard,72715.0,BRFiltered.csv
COVID-19,Unspecified,BRAZIL,2021-05-14,World Health Organization COVID-19 Dashboard,76692.0,BRFiltered.csv
COVID-19,Unspecified,BRAZIL,2021-05-15,World Health Organization COVID-19 Dashboard,74592.0,BRFiltered.csv
COVID-19,Unspecified,BRAZIL,2021-05-16,World Health Organization COVID-19 Dashboard,85536.0,BRFiltered.csv
COVID-19,Unspecified,BRAZIL,2021-05-17,World Health Organization COVID-19 Dashboard,67009.0,BRFiltered.csv
COVID-19,Unspecified,BRAZIL,2021-05-18,World Health Organization COVID-19 Dashboard,40941.0,BRFiltered.csv
COVID-19,Unspecified,BRAZIL,2021-05-19,World Health Organization COVID-19 Dashboard,29916.0,BRFiltered.csv
COVID-19,Unspecified,BRAZIL,2021-05-20,World Health Organization COVID-19 Dashboard,75445.0,BRFiltered.csv
COVID-19,Unspecified,BRAZIL,2021-05-21,World Health Organization COVID-19 Dashboard,79219.0,BRFiltered.csv
COVID-19,Unspecified,BRAZIL,2021-05-22,World Health Organization COVID-19 Dashboard,82039.0,BRFiltered.csv
COVID-19,Unspecified,BRAZIL,2021-05-23,World Health Organization COVID-19 Dashboard,76855.0,BRFiltered.csv
COVID-19,Unspecified,BRAZIL,2021-05-24,World Health Organization COVID-19 Dashboard,76490.0,BRFiltered.csv
COVID-19,Unspecified,BRAZIL,2021-05-25,World Health Organization COVID-19 Dashboard,35819.0,BRFiltered.csv
COVID-19,Unspecified,BRAZIL,2021-05-26,World Health Organization COVID-19 Dashboard,37498.0,BRFiltered.csv
COVID-19,Unspecified,BRAZIL,2021-05-27,World Health Organization COVID-19 Dashboard,73453.0,BRFiltered.csv
COVID-19,Unspecified,BRAZIL,2021-05-28,World Health Organization COVID-19 Dashboard,80486.0,BRFiltered.csv
COVID-19,Unspecified,BRAZIL,2021-05-29,World Health Organization COVID-19 Dashboard,67467.0,BRFiltered.csv
COVID-19,Unspecified,BRAZIL,2021-05-30,World Health Organization COVID-19 Dashboard,49768.0,BRFiltered.csv
COVID-19,Unspecified,BRAZIL,2021-05-31,World Health Organization COVID-19 Dashboard,79670.0,BRFiltered.csv
COVID-19,Unspecified,BRAZIL,2021-06-01,World Health Organization COVID-19 Dashboard,43520.0,BRFiltered.csv
COVID-19,Unspecified,BRAZIL,2021-06-02,World Health Organization COVID-19 Dashboard,30434.0,BRFiltered.csv
COVID-19,Unspecified,BRAZIL,2021-06-03,World Health Organization COVID-19 Dashboard,78926.0,BRFiltered.csv
COVID-19,Unspecified,BRAZIL,2021-06-04,World Health Organization COVID-19 Dashboard,95601.0,BRFiltered.csv
COVID-19,Unspecified,BRAZIL,2021-06-05,World Health Organization COVID-19 Dashboard,83391.0,BRFiltered.csv
COVID-19,Unspecified,BRAZIL,2021-06-06,World Health Organization COVID-19 Dashboard,37936.0,BRFiltered.csv
COVID-19,Unspecified,BRAZIL,2021-06-07,World Health Organization COVID-19 Dashboard,66017.0,BRFiltered.csv
COVID-19,Unspecified,BRAZIL,2021-06-08,World Health Organization COVID-19 Dashboard,39637.0,BRFiltered.csv
COVID-19,Unspecified,BRAZIL,2021-06-09,World Health Organization COVID-19 Dashboard,37156.0,BRFiltered.csv
COVID-19,Unspecified,BRAZIL,2021-06-10,World Health Organization COVID-19 Dashboard,52911.0,BRFiltered.csv
COVID-19,Unspecified,BRAZIL,2021-06-11,World Health Organization COVID-19 Dashboard,85748.0,BRFiltered.csv
COVID-19,Unspecified,BRAZIL,2021-06-12,World Health Organization COVID-19 Dashboard,88092.0,BRFiltered.csv
COVID-19,Unspecified,BRAZIL,2021-06-13,World Health Organization COVID-19 Dashboard,85149.0,BRFiltered.csv
COVID-19,Unspecified,BRAZIL,2021-06-14,World Health Organization COVID-19 Dashboard,78700.0,BRFiltered.csv
COVID-19,Unspecified,BRAZIL,2021-06-15,World Health Organization COVID-19 Dashboard,37948.0,BRFiltered.csv
COVID-19,Unspecified,BRAZIL,2021-06-16,World Health Organization COVID-19 Dashboard,39846.0,BRFiltered.csv
COVID-19,Unspecified,BRAZIL,2021-06-17,World Health Organization COVID-19 Dashboard,80609.0,BRFiltered.csv
COVID-19,Unspecified,BRAZIL,2021-06-18,World Health Organization COVID-19 Dashboard,95367.0,BRFiltered.csv
COVID-19,Unspecified,BRAZIL,2021-06-19,World Health Organization COVID-19 Dashboard,74042.0,BRFiltered.csv
COVID-19,Unspecified,BRAZIL,2021-06-20,World Health Organization COVID-19 Dashboard,98832.0,BRFiltered.csv
COVID-19,Unspecified,BRAZIL,2021-06-21,World Health Organization COVID-19 Dashboard,82288.0,BRFiltered.csv
COVID-19,Unspecified,BRAZIL,2021-06-22,World Health Organization COVID-19 Dashboard,44178.0,BRFiltered.csv
COVID-19,Unspecified,BRAZIL,2021-06-23,World Health Organization COVID-19 Dashboard,38903.0,BRFiltered.csv
COVID-19,Unspecified,BRAZIL,2021-06-24,World Health Organization COVID-19 Dashboard,87822.0,BRFiltered.csv
COVID-19,Unspecified,BRAZIL,2021-06-25,World Health Organization COVID-19 Dashboard,115228.0,BRFiltered.csv
COVID-19,Unspecified,BRAZIL,2021-06-26,World Health Organization COVID-19 Dashboard,73602.0,BRFiltered.csv
COVID-19,Unspecified,BRAZIL,2021-06-27,World Health Organization COVID-19 Dashboard,79277.0,BRFiltered.csv
COVID-19,Unspecified,BRAZIL,2021-06-28,World Health Organization COVID-19 Dashboard,64134.0,BRFiltered.csv
COVID-19,Unspecified,BRAZIL,2021-06-29,World Health Organization COVID-19 Dashboard,33704.0,BRFiltered.csv
COVID-19,Unspecified,BRAZIL,2021-06-30,World Health Organization COVID-19 Dashboard,27804.0,BRFiltered.csv
COVID-19,Unspecified,BRAZIL,2021-07-01,World Health Organization COVID-19 Dashboard,64903.0,BRFiltered.csv
COVID-19,Unspecified,BRAZIL,2021-07-02,World Health Organization COVID-19 Dashboard,43836.0,BRFiltered.csv
COVID-19,Unspecified,BRAZIL,2021-07-03,World Health Organization COVID-19 Dashboard,65163.0,BRFiltered.csv
COVID-19,Unspecified,BRAZIL,2021-07-04,World Health Organization COVID-19 Dashboard,65165.0,BRFiltered.csv
COVID-19,Unspecified,BRAZIL,2021-07-05,World Health Organization COVID-19 Dashboard,54556.0,BRFiltered.csv
COVID-19,Unspecified,BRAZIL,2021-07-06,World Health Organization COVID-19 Dashboard,27783.0,BRFiltered.csv
COVID-19,Unspecified,BRAZIL,2021-07-07,World Health Organization COVID-19 Dashboard,22703.0,BRFiltered.csv
COVID-19,Unspecified,BRAZIL,2021-07-08,World Health Organization COVID-19 Dashboard,62504.0,BRFiltered.csv
COVID-19,Unspecified,BRAZIL,2021-07-09,World Health Organization COVID-19 Dashboard,54022.0,BRFiltered.csv
COVID-19,Unspecified,BRAZIL,2021-07-10,World Health Organization COVID-19 Dashboard,53725.0,BRFiltered.csv
COVID-19,Unspecified,BRAZIL,2021-07-11,World Health Organization COVID-19 Dashboard,57737.0,BRFiltered.csv
COVID-19,Unspecified,BRAZIL,2021-07-12,World Health Organization COVID-19 Dashboard,48504.0,BRFiltered.csv
COVID-19,Unspecified,BRAZIL,2021-07-13,World Health Organization COVID-19 Dashboard,20937.0,BRFiltered.csv
COVID-19,Unspecified,BRAZIL,2021-07-14,World Health Organization COVID-19 Dashboard,17031.0,BRFiltered.csv
COVID-19,Unspecified,BRAZIL,2021-07-15,World Health Organization COVID-19 Dashboard,45022.0,BRFiltered.csv
COVID-19,Unspecified,BRAZIL,2021-07-16,World Health Organization COVID-19 Dashboard,57736.0,BRFiltered.csv
COVID-19,Unspecified,BRAZIL,2021-07-17,World Health Organization COVID-19 Dashboard,52789.0,BRFiltered.csv
COVID-19,Unspecified,BRAZIL,2021-07-18,World Health Organization COVID-19 Dashboard,45591.0,BRFiltered.csv
COVID-19,Unspecified,BRAZIL,2021-07-19,World Health Organization COVID-19 Dashboard,34339.0,BRFiltered.csv
COVID-19,Unspecified,BRAZIL,2021-07-20,World Health Organization COVID-19 Dashboard,34126.0,BRFiltered.csv
COVID-19,Unspecified,BRAZIL,2021-07-21,World Health Organization COVID-19 Dashboard,15271.0,BRFiltered.csv
COVID-19,Unspecified,BRAZIL,2021-07-22,World Health Organization COVID-19 Dashboard,27592.0,BRFiltered.csv
COVID-19,Unspecified,BRAZIL,2021-07-23,World Health Organization COVID-19 Dashboard,54517.0,BRFiltered.csv
COVID-19,Unspecified,BRAZIL,2021-07-24,World Health Organization COVID-19 Dashboard,49757.0,BRFiltered.csv
COVID-19,Unspecified,BRAZIL,2021-07-25,World Health Organization COVID-19 Dashboard,108732.0,BRFiltered.csv
COVID-19,Unspecified,BRAZIL,2021-07-26,World Health Organization COVID-19 Dashboard,38091.0,BRFiltered.csv
COVID-19,Unspecified,BRAZIL,2021-07-27,World Health Organization COVID-19 Dashboard,18129.0,BRFiltered.csv
COVID-19,Unspecified,BRAZIL,2021-07-28,World Health Organization COVID-19 Dashboard,18999.0,BRFiltered.csv
COVID-19,Unspecified,BRAZIL,2021-07-29,World Health Organization COVID-19 Dashboard,41411.0,BRFiltered.csv
COVID-19,Unspecified,BRAZIL,2021-07-30,World Health Organization COVID-19 Dashboard,48013.0,BRFiltered.csv
COVID-19,Unspecified,BRAZIL,2021-07-31,World Health Organization COVID-19 Dashboard,42283.0,BRFiltered.csv
COVID-19,Unspecified,AUSTRALIA,2020-01-04,World Health Organization COVID-19 Dashboard,0.0,AUFiltered.csv
COVID-19,Unspecified,AUSTRALIA,2020-01-05,World Health Organization COVID-19 Dashboard,0.0,AUFiltered.csv
COVID-19,Unspecified,AUSTRALIA,2020-01-06,World Health Organization COVID-19 Dashboard,0.0,AUFiltered.csv
COVID-19,Unspecified,AUSTRALIA,2020-01-07,World Health Organization COVID-19 Dashboard,0.0,AUFiltered.csv
COVID-19,Unspecified,AUSTRALIA,2020-01-08,World Health Organization COVID-19 Dashboard,0.0,AUFiltered.csv
COVID-19,Unspecified,AUSTRALIA,2020-01-09,World Health Organization COVID-19 Dashboard,0.0,AUFiltered.csv
COVID-19,Unspecified,AUSTRALIA,2020-01-10,World Health Organization COVID-19 Dashboard,0.0,AUFiltered.csv
COVID-19,Unspecified,AUSTRALIA,2020-01-11,World Health Organization COVID-19 Dashboard,0.0,AUFiltered.csv
COVID-19,Unspecified,AUSTRALIA,2020-01-12,World Health Organization COVID-19 Dashboard,0.0,AUFiltered.csv
COVID-19,Unspecified,AUSTRALIA,2020-01-13,World Health Organization COVID-19 Dashboard,0.0,AUFiltered.csv
COVID-19,Unspecified,AUSTRALIA,2020-01-14,World Health Organization COVID-19 Dashboard,0.0,AUFiltered.csv
COVID-19,Unspecified,AUSTRALIA,2020-01-15,World Health Organization COVID-19 Dashboard,0.0,AUFiltered.csv
COVID-19,Unspecified,AUSTRALIA,2020-01-16,World Health Organization COVID-19 Dashboard,0.0,AUFiltered.csv
COVID-19,Unspecified,AUSTRALIA,2020-01-17,World Health Organization COVID-19 Dashboard,0.0,AUFiltered.csv
COVID-19,Unspecified,AUSTRALIA,2020-01-18,World Health Organization COVID-19 Dashboard,0.0,AUFiltered.csv
COVID-19,Unspecified,AUSTRALIA,2020-01-19,World Health Organization COVID-19 Dashboard,0.0,AUFiltered.csv
COVID-19,Unspecified,AUSTRALIA,2020-01-20,World Health Organization COVID-19 Dashboard,0.0,AUFiltered.csv
COVID-19,Unspecified,AUSTRALIA,2020-01-21,World Health Organization COVID-19 Dashboard,0.0,AUFiltered.csv
COVID-19,Unspecified,AUSTRALIA,2020-01-22,World Health Organization COVID-19 Dashboard,0.0,AUFiltered.csv
COVID-19,Unspecified,AUSTRALIA,2020-01-23,World Health Organization COVID-19 Dashboard,0.0,AUFiltered.csv
COVID-19,Unspecified,AUSTRALIA,2020-01-24,World Health Organization COVID-19 Dashboard,0.0,AUFiltered.csv
COVID-19,Unspecified,AUSTRALIA,2020-01-25,World Health Organization COVID-19 Dashboard,1.0,AUFiltered.csv
COVID-19,Unspecified,AUSTRALIA,2020-01-26,World Health Organization COVID-19 Dashboard,3.0,AUFiltered.csv
COVID-19,Unspecified,AUSTRALIA,2020-01-27,World Health Organization COVID-19 Dashboard,0.0,AUFiltered.csv
COVID-19,Unspecified,AUSTRALIA,2020-01-28,World Health Organization COVID-19 Dashboard,1.0,AUFiltered.csv
COVID-19,Unspecified,AUSTRALIA,2020-01-29,World Health Organization COVID-19 Dashboard,0.0,AUFiltered.csv
COVID-19,Unspecified,AUSTRALIA,2020-01-30,World Health Organization COVID-19 Dashboard,2.0,AUFiltered.csv
COVID-19,Unspecified,AUSTRALIA,2020-01-31,World Health Organization COVID-19 Dashboard,2.0,AUFiltered.csv
COVID-19,Unspecified,AUSTRALIA,2020-02-01,World Health Organization COVID-19 Dashboard,0.0,AUFiltered.csv
COVID-19,Unspecified,AUSTRALIA,2020-02-02,World Health Organization COVID-19 Dashboard,3.0,AUFiltered.csv
COVID-19,Unspecified,AUSTRALIA,2020-02-03,World Health Organization COVID-19 Dashboard,0.0,AUFiltered.csv
COVID-19,Unspecified,AUSTRALIA,2020-02-04,World Health Organization COVID-19 Dashboard,0.0,AUFiltered.csv
COVID-19,Unspecified,AUSTRALIA,2020-02-05,World Health Organization COVID-19 Dashboard,1.0,AUFiltered.csv
COVID-19,Unspecified,AUSTRALIA,2020-02-06,World Health Organization COVID-19 Dashboard,1.0,AUFiltered.csv
COVID-19,Unspecified,AUSTRALIA,2020-02-07,World Health Organization COVID-19 Dashboard,1.0,AUFiltered.csv
COVID-19,Unspecified,AUSTRALIA,2020-02-08,World Health Organization COVID-19 Dashboard,0.0,AUFiltered.csv
COVID-19,Unspecified,AUSTRALIA,2020-02-09,World Health Organization COVID-19 Dashboard,0.0,AUFiltered.csv
COVID-19,Unspecified,AUSTRALIA,2020-02-10,World Health Organization COVID-19 Dashboard,0.0,AUFiltered.csv
COVID-19,Unspecified,AUSTRALIA,2020-02-11,World Health Organization COVID-19 Dashboard,0.0,AUFiltered.csv
COVID-19,Unspecified,AUSTRALIA,2020-02-12,World Health Organization COVID-19 Dashboard,0.0,AUFiltered.csv
COVID-19,Unspecified,AUSTRALIA,2020-02-13,World Health Organization COVID-19 Dashboard,0.0,AUFiltered.csv
COVID-19,Unspecified,AUSTRALIA,2020-02-14,World Health Organization COVID-19 Dashboard,0.0,AUFiltered.csv
COVID-19,Unspecified,AUSTRALIA,2020-02-15,World Health Organization COVID-19 Dashboard,0.0,AUFiltered.csv
COVID-19,Unspecified,AUSTRALIA,2020-02-16,World Health Organization COVID-19 Dashboard,0.0,AUFiltered.csv
COVID-19,Unspecified,AUSTRALIA,2020-02-17,World Health Organization COVID-19 Dashboard,0.0,AUFiltered.csv
COVID-19,Unspecified,AUSTRALIA,2020-02-18,World Health Organization COVID-19 Dashboard,0.0,AUFiltered.csv
COVID-19,Unspecified,AUSTRALIA,2020-02-19,World Health Organization COVID-19 Dashboard,0.0,AUFiltered.csv
COVID-19,Unspecified,AUSTRALIA,2020-02-20,World Health Organization COVID-19 Dashboard,0.0,AUFiltered.csv
COVID-19,Unspecified,AUSTRALIA,2020-02-21,World Health Organization COVID-19 Dashboard,0.0,AUFiltered.csv
COVID-19,Unspecified,AUSTRALIA,2020-02-22,World Health Organization COVID-19 Dashboard,6.0,AUFiltered.csv
COVID-19,Unspecified,AUSTRALIA,2020-02-23,World Health Organization COVID-19 Dashboard,1.0,AUFiltered.csv
COVID-19,Unspecified,AUSTRALIA,2020-02-24,World Health Organization COVID-19 Dashboard,0.0,AUFiltered.csv
COVID-19,Unspecified,AUSTRALIA,2020-02-25,World Health Organization COVID-19 Dashboard,0.0,AUFiltered.csv
COVID-19,Unspecified,AUSTRALIA,2020-02-26,World Health Organization COVID-19 Dashboard,1.0,AUFiltered.csv
COVID-19,Unspecified,AUSTRALIA,2020-02-27,World Health Organization COVID-19 Dashboard,0.0,AUFiltered.csv
COVID-19,Unspecified,AUSTRALIA,2020-02-28,World Health Organization COVID-19 Dashboard,0.0,AUFiltered.csv
COVID-19,Unspecified,AUSTRALIA,2020-02-29,World Health Organization COVID-19 Dashboard,2.0,AUFiltered.csv
COVID-19,Unspecified,AUSTRALIA,2020-03-01,World Health Organization COVID-19 Dashboard,0.0,AUFiltered.csv
COVID-19,Unspecified,AUSTRALIA,2020-03-02,World Health Organization COVID-19 Dashboard,4.0,AUFiltered.csv
COVID-19,Unspecified,AUSTRALIA,2020-03-03,World Health Organization COVID-19 Dashboard,0.0,AUFiltered.csv
COVID-19,Unspecified,AUSTRALIA,2020-03-04,World Health Organization COVID-19 Dashboard,4.0,AUFiltered.csv
COVID-19,Unspecified,AUSTRALIA,2020-03-05,World Health Organization COVID-19 Dashboard,10.0,AUFiltered.csv
COVID-19,Unspecified,AUSTRALIA,2020-03-06,World Health Organization COVID-19 Dashboard,14.0,AUFiltered.csv
COVID-19,Unspecified,AUSTRALIA,2020-03-07,World Health Organization COVID-19 Dashboard,6.0,AUFiltered.csv
COVID-19,Unspecified,AUSTRALIA,2020-03-08,World Health Organization COVID-19 Dashboard,7.0,AUFiltered.csv
COVID-19,Unspecified,AUSTRALIA,2020-03-09,World Health Organization COVID-19 Dashboard,7.0,AUFiltered.csv
COVID-19,Unspecified,AUSTRALIA,2020-03-10,World Health Organization COVID-19 Dashboard,15.0,AUFiltered.csv
COVID-19,Unspecified,AUSTRALIA,2020-03-11,World Health Organization COVID-19 Dashboard,8.0,AUFiltered.csv
COVID-19,Unspecified,AUSTRALIA,2020-03-12,World Health Organization COVID-19 Dashboard,22.0,AUFiltered.csv
COVID-19,Unspecified,AUSTRALIA,2020-03-13,World Health Organization COVID-19 Dashboard,18.0,AUFiltered.csv
COVID-19,Unspecified,AUSTRALIA,2020-03-14,World Health Organization COVID-19 Dashboard,57.0,AUFiltered.csv
COVID-19,Unspecified,AUSTRALIA,2020-03-15,World Health Organization COVID-19 Dashboard,52.0,AUFiltered.csv
COVID-19,Unspecified,AUSTRALIA,2020-03-16,World Health Organization COVID-19 Dashboard,49.0,AUFiltered.csv
COVID-19,Unspecified,AUSTRALIA,2020-03-17,World Health Organization COVID-19 Dashboard,38.0,AUFiltered.csv
COVID-19,Unspecified,AUSTRALIA,2020-03-18,World Health Organization COVID-19 Dashboard,78.0,AUFiltered.csv
COVID-19,Unspecified,AUSTRALIA,2020-03-19,World Health Organization COVID-19 Dashboard,151.0,AUFiltered.csv
COVID-19,Unspecified,AUSTRALIA,2020-03-20,World Health Organization COVID-19 Dashboard,126.0,AUFiltered.csv
COVID-19,Unspecified,AUSTRALIA,2020-03-21,World Health Organization COVID-19 Dashboard,182.0,AUFiltered.csv
COVID-19,Unspecified,AUSTRALIA,2020-03-22,World Health Organization COVID-19 Dashboard,208.0,AUFiltered.csv
COVID-19,Unspecified,AUSTRALIA,2020-03-23,World Health Organization COVID-19 Dashboard,315.0,AUFiltered.csv
COVID-19,Unspecified,AUSTRALIA,2020-03-24,World Health Organization COVID-19 Dashboard,313.0,AUFiltered.csv
COVID-19,Unspecified,AUSTRALIA,2020-03-25,World Health Organization COVID-19 Dashboard,543.0,AUFiltered.csv
COVID-19,Unspecified,AUSTRALIA,2020-03-26,World Health Organization COVID-19 Dashboard,171.0,AUFiltered.csv
COVID-19,Unspecified,AUSTRALIA,2020-03-27,World Health Organization COVID-19 Dashboard,562.0,AUFiltered.csv
COVID-19,Unspecified,AUSTRALIA,2020-03-28,World Health Organization COVID-19 Dashboard,393.0,AUFiltered.csv
COVID-19,Unspecified,AUSTRALIA,2020-03-29,World Health Organization COVID-19 Dashboard,431.0,AUFiltered.csv
COVID-19,Unspecified,AUSTRALIA,2020-03-30,World Health Organization COVID-19 Dashboard,284.0,AUFiltered.csv
COVID-19,Unspecified,AUSTRALIA,2020-03-31,World Health Organization COVID-19 Dashboard,266.0,AUFiltered.csv
COVID-19,Unspecified,AUSTRALIA,2020-04-01,World Health Organization COVID-19 Dashboard,348.0,AUFiltered.csv
COVID-19,Unspecified,AUSTRALIA,2020-04-02,World Health Organization COVID-19 Dashboard,269.0,AUFiltered.csv
COVID-19,Unspecified,AUSTRALIA,2020-04-03,World Health Organization COVID-19 Dashboard,248.0,AUFiltered.csv
COVID-19,Unspecified,AUSTRALIA,2020-04-04,World Health Organization COVID-19 Dashboard,230.0,AUFiltered.csv
COVID-19,Unspecified,AUSTRALIA,2020-04-05,World Health Organization COVID-19 Dashboard,181.0,AUFiltered.csv
COVID-19,Unspecified,AUSTRALIA,2020-04-06,World Health Organization COVID-19 Dashboard,109.0,AUFiltered.csv
COVID-19,Unspecified,AUSTRALIA,2020-04-07,World Health Organization COVID-19 Dashboard,100.0,AUFiltered.csv
COVID-19,Unspecified,AUSTRALIA,2020-04-08,World Health Organization COVID-19 Dashboard,112.0,AUFiltered.csv
COVID-19,Unspecified,AUSTRALIA,2020-04-09,World Health Organization COVID-19 Dashboard,96.0,AUFiltered.csv
COVID-19,Unspecified,AUSTRALIA,2020-04-10,World Health Organization COVID-19 Dashboard,100.0,AUFiltered.csv
COVID-19,Unspecified,AUSTRALIA,2020-04-11,World Health Organization COVID-19 Dashboard,86.0,AUFiltered.csv
COVID-19,Unspecified,AUSTRALIA,2020-04-12,World Health Organization COVID-19 Dashboard,51.0,AUFiltered.csv
COVID-19,Unspecified,AUSTRALIA,2020-04-13,World Health Organization COVID-19 Dashboard,33.0,AUFiltered.csv
COVID-19,Unspecified,AUSTRALIA,2020-04-14,World Health Organization COVID-19 Dashboard,44.0,AUFiltered.csv
COVID-19,Unspecified,AUSTRALIA,2020-04-15,World Health Organization COVID-19 Dashboard,50.0,AUFiltered.csv
COVID-19,Unspecified,AUSTRALIA,2020-04-16,World Health Organization COVID-19 Dashboard,42.0,AUFiltered.csv
COVID-19,Unspecified,AUSTRALIA,2020-04-17,World Health Organization COVID-19 Dashboard,10.0,AUFiltered.csv
COVID-19,Unspecified,AUSTRALIA,2020-04-18,World Health Organization COVID-19 Dashboard,65.0,AUFiltered.csv
COVID-19,Unspecified,AUSTRALIA,2020-04-19,World Health Organization COVID-19 Dashboard,53.0,AUFiltered.csv
COVID-19,Unspecified,AUSTRALIA,2020-04-20,World Health Organization COVID-19 Dashboard,26.0,AUFiltered.csv
COVID-19,Unspecified,AUSTRALIA,2020-04-21,World Health Organization COVID-19 Dashboard,13.0,AUFiltered.csv
COVID-19,Unspecified,AUSTRALIA,2020-04-22,World Health Organization COVID-19 Dashboard,22.0,AUFiltered.csv
COVID-19,Unspecified,AUSTRALIA,2020-04-23,World Health Organization COVID-19 Dashboard,7.0,AUFiltered.csv
COVID-19,Unspecified,AUSTRALIA,2020-04-24,World Health Organization COVID-19 Dashboard,13.0,AUFiltered.csv
COVID-19,Unspecified,AUSTRALIA,2020-04-25,World Health Organization COVID-19 Dashboard,20.0,AUFiltered.csv
COVID-19,Unspecified,AUSTRALIA,2020-04-26,World Health Organization COVID-19 Dashboard,16.0,AUFiltered.csv
COVID-19,Unspecified,AUSTRALIA,2020-04-27,World Health Organization COVID-19 Dashboard,10.0,AUFiltered.csv
COVID-19,Unspecified,AUSTRALIA,2020-04-28,World Health Organization COVID-19 Dashboard,12.0,AUFiltered.csv
COVID-19,Unspecified,AUSTRALIA,2020-04-29,World Health Organization COVID-19 Dashboard,13.0,AUFiltered.csv
COVID-19,Unspecified,AUSTRALIA,2020-04-30,World Health Organization COVID-19 Dashboard,8.0,AUFiltered.csv
COVID-19,Unspecified,AUSTRALIA,2020-05-01,World Health Organization COVID-19 Dashboard,16.0,AUFiltered.csv
COVID-19,Unspecified,AUSTRALIA,2020-05-02,World Health Organization COVID-19 Dashboard,5.0,AUFiltered.csv
COVID-19,Unspecified,AUSTRALIA,2020-05-03,World Health Organization COVID-19 Dashboard,16.0,AUFiltered.csv
COVID-19,Unspecified,AUSTRALIA,2020-05-04,World Health Organization COVID-19 Dashboard,18.0,AUFiltered.csv
COVID-19,Unspecified,AUSTRALIA,2020-05-05,World Health Organization COVID-19 Dashboard,24.0,AUFiltered.csv
COVID-19,Unspecified,AUSTRALIA,2020-05-06,World Health Organization COVID-19 Dashboard,24.0,AUFiltered.csv
COVID-19,Unspecified,AUSTRALIA,2020-05-07,World Health Organization COVID-19 Dashboard,26.0,AUFiltered.csv
COVID-19,Unspecified,AUSTRALIA,2020-05-08,World Health Organization COVID-19 Dashboard,21.0,AUFiltered.csv
COVID-19,Unspecified,AUSTRALIA,2020-05-09,World Health Organization COVID-19 Dashboard,18.0,AUFiltered.csv
COVID-19,Unspecified,AUSTRALIA,2020-05-10,World Health Organization COVID-19 Dashboard,15.0,AUFiltered.csv
COVID-19,Unspecified,AUSTRALIA,2020-05-11,World Health Organization COVID-19 Dashboard,12.0,AUFiltered.csv
COVID-19,Unspecified,AUSTRALIA,2020-05-12,World Health Organization COVID-19 Dashboard,7.0,AUFiltered.csv
COVID-19,Unspecified,AUSTRALIA,2020-05-13,World Health Organization COVID-19 Dashboard,16.0,AUFiltered.csv
COVID-19,Unspecified,AUSTRALIA,2020-05-14,World Health Organization COVID-19 Dashboard,11.0,AUFiltered.csv
COVID-19,Unspecified,AUSTRALIA,2020-05-15,World Health Organization COVID-19 Dashboard,14.0,AUFiltered.csv
COVID-19,Unspecified,AUSTRALIA,2020-05-16,World Health Organization COVID-19 Dashboard,30.0,AUFiltered.csv
COVID-19,Unspecified,AUSTRALIA,2020-05-17,World Health Organization COVID-19 Dashboard,17.0,AUFiltered.csv
COVID-19,Unspecified,AUSTRALIA,2020-05-18,World Health Organization COVID-19 Dashboard,9.0,AUFiltered.csv
COVID-19,Unspecified,AUSTRALIA,2020-05-19,World Health Organization COVID-19 Dashboard,15.0,AUFiltered.csv
COVID-19,Unspecified,AUSTRALIA,2020-05-20,World Health Organization COVID-19 Dashboard,8.0,AUFiltered.csv
COVID-19,Unspecified,AUSTRALIA,2020-05-21,World Health Organization COVID-19 Dashboard,11.0,AUFiltered.csv
COVID-19,Unspecified,AUSTRALIA,2020-05-22,World Health Organization COVID-19 Dashboard,2.0,AUFiltered.csv
COVID-19,Unspecified,AUSTRALIA,2020-05-23,World Health Organization COVID-19 Dashboard,14.0,AUFiltered.csv
COVID-19,Unspecified,AUSTRALIA,2020-05-24,World Health Organization COVID-19 Dashboard,11.0,AUFiltered.csv
COVID-19,Unspecified,AUSTRALIA,2020-05-25,World Health Organization COVID-19 Dashboard,3.0,AUFiltered.csv
COVID-19,Unspecified,AUSTRALIA,2020-05-26,World Health Organization COVID-19 Dashboard,9.0,AUFiltered.csv
COVID-19,Unspecified,AUSTRALIA,2020-05-27,World Health Organization COVID-19 Dashboard,15.0,AUFiltered.csv
COVID-19,Unspecified,AUSTRALIA,2020-05-28,World Health Organization COVID-19 Dashboard,6.0,AUFiltered.csv
COVID-19,Unspecified,AUSTRALIA,2020-05-29,World Health Organization COVID-19 Dashboard,11.0,AUFiltered.csv
COVID-19,Unspecified,AUSTRALIA,2020-05-30,World Health Organization COVID-19 Dashboard,23.0,AUFiltered.csv
COVID-19,Unspecified,AUSTRALIA,2020-05-31,World Health Organization COVID-19 Dashboard,12.0,AUFiltered.csv
COVID-19,Unspecified,AUSTRALIA,2020-06-01,World Health Organization COVID-19 Dashboard,10.0,AUFiltered.csv
COVID-19,Unspecified,AUSTRALIA,2020-06-02,World Health Organization COVID-19 Dashboard,9.0,AUFiltered.csv
COVID-19,Unspecified,AUSTRALIA,2020-06-03,World Health Organization COVID-19 Dashboard,17.0,AUFiltered.csv
COVID-19,Unspecified,AUSTRALIA,2020-06-04,World Health Organization COVID-19 Dashboard,8.0,AUFiltered.csv
COVID-19,Unspecified,AUSTRALIA,2020-06-05,World Health Organization COVID-19 Dashboard,11.0,AUFiltered.csv
COVID-19,Unspecified,AUSTRALIA,2020-06-06,World Health Organization COVID-19 Dashboard,11.0,AUFiltered.csv
COVID-19,Unspecified,AUSTRALIA,2020-06-07,World Health Organization COVID-19 Dashboard,4.0,AUFiltered.csv
COVID-19,Unspecified,AUSTRALIA,2020-06-08,World Health Organization COVID-19 Dashboard,5.0,AUFiltered.csv
COVID-19,Unspecified,AUSTRALIA,2020-06-09,World Health Organization COVID-19 Dashboard,5.0,AUFiltered.csv
COVID-19,Unspecified,AUSTRALIA,2020-06-10,World Health Organization COVID-19 Dashboard,2.0,AUFiltered.csv
COVID-19,Unspecified,AUSTRALIA,2020-06-11,World Health Organization COVID-19 Dashboard,0.0,AUFiltered.csv
COVID-19,Unspecified,AUSTRALIA,2020-06-12,World Health Organization COVID-19 Dashboard,18.0,AUFiltered.csv
COVID-19,Unspecified,AUSTRALIA,2020-06-13,World Health Organization COVID-19 Dashboard,5.0,AUFiltered.csv
COVID-19,Unspecified,AUSTRALIA,2020-06-14,World Health Organization COVID-19 Dashboard,12.0,AUFiltered.csv
COVID-19,Unspecified,AUSTRALIA,2020-06-15,World Health Organization COVID-19 Dashboard,18.0,AUFiltered.csv
COVID-19,Unspecified,AUSTRALIA,2020-06-16,World Health Organization COVID-19 Dashboard,15.0,AUFiltered.csv
COVID-19,Unspecified,AUSTRALIA,2020-06-17,World Health Organization COVID-19 Dashboard,12.0,AUFiltered.csv
COVID-19,Unspecified,AUSTRALIA,2020-06-18,World Health Organization COVID-19 Dashboard,23.0,AUFiltered.csv
COVID-19,Unspecified,AUSTRALIA,2020-06-19,World Health Organization COVID-19 Dashboard,21.0,AUFiltered.csv
COVID-19,Unspecified,AUSTRALIA,2020-06-20,World Health Organization COVID-19 Dashboard,18.0,AUFiltered.csv
COVID-19,Unspecified,AUSTRALIA,2020-06-21,World Health Organization COVID-19 Dashboard,27.0,AUFiltered.csv
COVID-19,Unspecified,AUSTRALIA,2020-06-22,World Health Organization COVID-19 Dashboard,25.0,AUFiltered.csv
COVID-19,Unspecified,AUSTRALIA,2020-06-23,World Health Organization COVID-19 Dashboard,13.0,AUFiltered.csv
COVID-19,Unspecified,AUSTRALIA,2020-06-24,World Health Organization COVID-19 Dashboard,18.0,AUFiltered.csv
COVID-19,Unspecified,AUSTRALIA,2020-06-25,World Health Organization COVID-19 Dashboard,29.0,AUFiltered.csv
COVID-19,Unspecified,AUSTRALIA,2020-06-26,World Health Organization COVID-19 Dashboard,37.0,AUFiltered.csv
COVID-19,Unspecified,AUSTRALIA,2020-06-27,World Health Organization COVID-19 Dashboard,37.0,AUFiltered.csv
COVID-19,Unspecified,AUSTRALIA,2020-06-28,World Health Organization COVID-19 Dashboard,46.0,AUFiltered.csv
COVID-19,Unspecified,AUSTRALIA,2020-06-29,World Health Organization COVID-19 Dashboard,45.0,AUFiltered.csv
COVID-19,Unspecified,AUSTRALIA,2020-06-30,World Health Organization COVID-19 Dashboard,81.0,AUFiltered.csv
COVID-19,Unspecified,AUSTRALIA,2020-07-01,World Health Organization COVID-19 Dashboard,67.0,AUFiltered.csv
COVID-19,Unspecified,AUSTRALIA,2020-07-02,World Health Organization COVID-19 Dashboard,86.0,AUFiltered.csv
COVID-19,Unspecified,AUSTRALIA,2020-07-03,World Health Organization COVID-19 Dashboard,81.0,AUFiltered.csv
COVID-19,Unspecified,AUSTRALIA,2020-07-04,World Health Organization COVID-19 Dashboard,254.0,AUFiltered.csv
COVID-19,Unspecified,AUSTRALIA,2020-07-05,World Health Organization COVID-19 Dashboard,107.0,AUFiltered.csv
COVID-19,Unspecified,AUSTRALIA,2020-07-06,World Health Organization COVID-19 Dashboard,87.0,AUFiltered.csv
COVID-19,Unspecified,AUSTRALIA,2020-07-07,World Health Organization COVID-19 Dashboard,137.0,AUFiltered.csv
COVID-19,Unspecified,AUSTRALIA,2020-07-08,World Health Organization COVID-19 Dashboard,169.0,AUFiltered.csv
COVID-19,Unspecified,AUSTRALIA,2020-07-09,World Health Organization COVID-19 Dashboard,131.0,AUFiltered.csv
COVID-19,Unspecified,AUSTRALIA,2020-07-10,World Health Organization COVID-19 Dashboard,173.0,AUFiltered.csv
COVID-19,Unspecified,AUSTRALIA,2020-07-11,World Health Organization COVID-19 Dashboard,300.0,AUFiltered.csv
COVID-19,Unspecified,AUSTRALIA,2020-07-12,World Health Organization COVID-19 Dashboard,194.0,AUFiltered.csv
COVID-19,Unspecified,AUSTRALIA,2020-07-13,World Health Organization COVID-19 Dashboard,244.0,AUFiltered.csv
COVID-19,Unspecified,AUSTRALIA,2020-07-14,World Health Organization COVID-19 Dashboard,183.0,AUFiltered.csv
COVID-19,Unspecified,AUSTRALIA,2020-07-15,World Health Organization COVID-19 Dashboard,271.0,AUFiltered.csv
COVID-19,Unspecified,AUSTRALIA,2020-07-16,World Health Organization COVID-19 Dashboard,244.0,AUFiltered.csv
COVID-19,Unspecified,AUSTRALIA,2020-07-17,World Health Organization COVID-19 Dashboard,315.0,AUFiltered.csv
COVID-19,Unspecified,AUSTRALIA,2020-07-18,World Health Organization COVID-19 Dashboard,425.0,AUFiltered.csv
COVID-19,Unspecified,AUSTRALIA,2020-07-19,World Health Organization COVID-19 Dashboard,206.0,AUFiltered.csv
COVID-19,Unspecified,AUSTRALIA,2020-07-20,World Health Organization COVID-19 Dashboard,361.0,AUFiltered.csv
COVID-19,Unspecified,AUSTRALIA,2020-07-21,World Health Organization COVID-19 Dashboard,267.0,AUFiltered.csv
COVID-19,Unspecified,AUSTRALIA,2020-07-22,World Health Organization COVID-19 Dashboard,359.0,AUFiltered.csv
COVID-19,Unspecified,AUSTRALIA,2020-07-23,World Health Organization COVID-19 Dashboard,468.0,AUFiltered.csv
COVID-19,Unspecified,AUSTRALIA,2020-07-24,World Health Organization COVID-19 Dashboard,410.0,AUFiltered.csv
COVID-19,Unspecified,AUSTRALIA,2020-07-25,World Health Organization COVID-19 Dashboard,289.0,AUFiltered.csv
COVID-19,Unspecified,AUSTRALIA,2020-07-26,World Health Organization COVID-19 Dashboard,355.0,AUFiltered.csv
COVID-19,Unspecified,AUSTRALIA,2020-07-27,World Health Organization COVID-19 Dashboard,453.0,AUFiltered.csv
COVID-19,Unspecified,AUSTRALIA,2020-07-28,World Health Organization COVID-19 Dashboard,532.0,AUFiltered.csv
COVID-19,Unspecified,AUSTRALIA,2020-07-29,World Health Organization COVID-19 Dashboard,369.0,AUFiltered.csv
COVID-19,Unspecified,AUSTRALIA,2020-07-30,World Health Organization COVID-19 Dashboard,278.0,AUFiltered.csv
COVID-19,Unspecified,AUSTRALIA,2020-07-31,World Health Organization COVID-19 Dashboard,721.0,AUFiltered.csv
COVID-19,Unspecified,AUSTRALIA,2020-08-01,World Health Organization COVID-19 Dashboard,602.0,AUFiltered.csv
COVID-19,Unspecified,AUSTRALIA,2020-08-02,World Health Organization COVID-19 Dashboard,377.0,AUFiltered.csv
COVID-19,Unspecified,AUSTRALIA,2020-08-03,World Health Organization COVID-19 Dashboard,641.0,AUFiltered.csv
COVID-19,Unspecified,AUSTRALIA,2020-08-04,World Health Organization COVID-19 Dashboard,395.0,AUFiltered.csv
COVID-19,Unspecified,AUSTRALIA,2020-08-05,World Health Organization COVID-19 Dashboard,411.0,AUFiltered.csv
COVID-19,Unspecified,AUSTRALIA,2020-08-06,World Health Organization COVID-19 Dashboard,715.0,AUFiltered.csv
COVID-19,Unspecified,AUSTRALIA,2020-08-07,World Health Organization COVID-19 Dashboard,418.0,AUFiltered.csv
COVID-19,Unspecified,AUSTRALIA,2020-08-08,World Health Organization COVID-19 Dashboard,410.0,AUFiltered.csv
COVID-19,Unspecified,AUSTRALIA,2020-08-09,World Health Organization COVID-19 Dashboard,426.0,AUFiltered.csv
COVID-19,Unspecified,AUSTRALIA,2020-08-10,World Health Organization COVID-19 Dashboard,386.0,AUFiltered.csv
COVID-19,Unspecified,AUSTRALIA,2020-08-11,World Health Organization COVID-19 Dashboard,313.0,AUFiltered.csv
COVID-19,Unspecified,AUSTRALIA,2020-08-12,World Health Organization COVID-19 Dashboard,316.0,AUFiltered.csv
COVID-19,Unspecified,AUSTRALIA,2020-08-13,World Health Organization COVID-19 Dashboard,414.0,AUFiltered.csv
COVID-19,Unspecified,AUSTRALIA,2020-08-14,World Health Organization COVID-19 Dashboard,231.0,AUFiltered.csv
COVID-19,Unspecified,AUSTRALIA,2020-08-15,World Health Organization COVID-19 Dashboard,385.0,AUFiltered.csv
COVID-19,Unspecified,AUSTRALIA,2020-08-16,World Health Organization COVID-19 Dashboard,292.0,AUFiltered.csv
COVID-19,Unspecified,AUSTRALIA,2020-08-17,World Health Organization COVID-19 Dashboard,253.0,AUFiltered.csv
COVID-19,Unspecified,AUSTRALIA,2020-08-18,World Health Organization COVID-19 Dashboard,271.0,AUFiltered.csv
COVID-19,Unspecified,AUSTRALIA,2020-08-19,World Health Organization COVID-19 Dashboard,214.0,AUFiltered.csv
COVID-19,Unspecified,AUSTRALIA,2020-08-20,World Health Organization COVID-19 Dashboard,220.0,AUFiltered.csv
COVID-19,Unspecified,AUSTRALIA,2020-08-21,World Health Organization COVID-19 Dashboard,243.0,AUFiltered.csv
COVID-19,Unspecified,AUSTRALIA,2020-08-22,World Health Organization COVID-19 Dashboard,171.0,AUFiltered.csv
COVID-19,Unspecified,AUSTRALIA,2020-08-23,World Health Organization COVID-19 Dashboard,195.0,AUFiltered.csv
COVID-19,Unspecified,AUSTRALIA,2020-08-24,World Health Organization COVID-19 Dashboard,210.0,AUFiltered.csv
COVID-19,Unspecified,AUSTRALIA,2020-08-25,World Health Organization COVID-19 Dashboard,104.0,AUFiltered.csv
COVID-19,Unspecified,AUSTRALIA,2020-08-26,World Health Organization COVID-19 Dashboard,137.0,AUFiltered.csv
COVID-19,Unspecified,AUSTRALIA,2020-08-27,World Health Organization COVID-19 Dashboard,152.0,AUFiltered.csv
COVID-19,Unspecified,AUSTRALIA,2020-08-28,World Health Organization COVID-19 Dashboard,117.0,AUFiltered.csv
COVID-19,Unspecified,AUSTRALIA,2020-08-29,World Health Organization COVID-19 Dashboard,126.0,AUFiltered.csv
COVID-19,Unspecified,AUSTRALIA,2020-08-30,World Health Organization COVID-19 Dashboard,99.0,AUFiltered.csv
COVID-19,Unspecified,AUSTRALIA,2020-08-31,World Health Organization COVID-19 Dashboard,123.0,AUFiltered.csv
COVID-19,Unspecified,AUSTRALIA,2020-09-01,World Health Organization COVID-19 Dashboard,76.0,AUFiltered.csv
COVID-19,Unspecified,AUSTRALIA,2020-09-02,World Health Organization COVID-19 Dashboard,73.0,AUFiltered.csv
COVID-19,Unspecified,AUSTRALIA,2020-09-03,World Health Organization COVID-19 Dashboard,104.0,AUFiltered.csv
COVID-19,Unspecified,AUSTRALIA,2020-09-04,World Health Organization COVID-19 Dashboard,126.0,AUFiltered.csv
COVID-19,Unspecified,AUSTRALIA,2020-09-05,World Health Organization COVID-19 Dashboard,87.0,AUFiltered.csv
COVID-19,Unspecified,AUSTRALIA,2020-09-06,World Health Organization COVID-19 Dashboard,71.0,AUFiltered.csv
COVID-19,Unspecified,AUSTRALIA,2020-09-07,World Health Organization COVID-19 Dashboard,72.0,AUFiltered.csv
COVID-19,Unspecified,AUSTRALIA,2020-09-08,World Health Organization COVID-19 Dashboard,43.0,AUFiltered.csv
COVID-19,Unspecified,AUSTRALIA,2020-09-09,World Health Organization COVID-19 Dashboard,52.0,AUFiltered.csv
COVID-19,Unspecified,AUSTRALIA,2020-09-10,World Health Organization COVID-19 Dashboard,91.0,AUFiltered.csv
COVID-19,Unspecified,AUSTRALIA,2020-09-11,World Health Organization COVID-19 Dashboard,48.0,AUFiltered.csv
COVID-19,Unspecified,AUSTRALIA,2020-09-12,World Health Organization COVID-19 Dashboard,52.0,AUFiltered.csv
COVID-19,Unspecified,AUSTRALIA,2020-09-13,World Health Organization COVID-19 Dashboard,42.0,AUFiltered.csv
COVID-19,Unspecified,AUSTRALIA,2020-09-14,World Health Organization COVID-19 Dashboard,44.0,AUFiltered.csv
COVID-19,Unspecified,AUSTRALIA,2020-09-15,World Health Organization COVID-19 Dashboard,41.0,AUFiltered.csv
COVID-19,Unspecified,AUSTRALIA,2020-09-16,World Health Organization COVID-19 Dashboard,46.0,AUFiltered.csv
COVID-19,Unspecified,AUSTRALIA,2020-09-17,World Health Organization COVID-19 Dashboard,41.0,AUFiltered.csv
COVID-19,Unspecified,AUSTRALIA,2020-09-18,World Health Organization COVID-19 Dashboard,34.0,AUFiltered.csv
COVID-19,Unspecified,AUSTRALIA,2020-09-19,World Health Organization COVID-19 Dashboard,48.0,AUFiltered.csv
COVID-19,Unspecified,AUSTRALIA,2020-09-20,World Health Organization COVID-19 Dashboard,24.0,AUFiltered.csv
COVID-19,Unspecified,AUSTRALIA,2020-09-21,World Health Organization COVID-19 Dashboard,13.0,AUFiltered.csv
COVID-19,Unspecified,AUSTRALIA,2020-09-22,World Health Organization COVID-19 Dashboard,14.0,AUFiltered.csv
COVID-19,Unspecified,AUSTRALIA,2020-09-23,World Health Organization COVID-19 Dashboard,30.0,AUFiltered.csv
COVID-19,Unspecified,AUSTRALIA,2020-09-24,World Health Organization COVID-19 Dashboard,31.0,AUFiltered.csv
COVID-19,Unspecified,AUSTRALIA,2020-09-25,World Health Organization COVID-19 Dashboard,10.0,AUFiltered.csv
COVID-19,Unspecified,AUSTRALIA,2020-09-26,World Health Organization COVID-19 Dashboard,17.0,AUFiltered.csv
COVID-19,Unspecified,AUSTRALIA,2020-09-27,World Health Organization COVID-19 Dashboard,16.0,AUFiltered.csv
COVID-19,Unspecified,AUSTRALIA,2020-09-28,World Health Organization COVID-19 Dashboard,24.0,AUFiltered.csv
COVID-19,Unspecified,AUSTRALIA,2020-09-29,World Health Organization COVID-19 Dashboard,4.0,AUFiltered.csv
COVID-19,Unspecified,AUSTRALIA,2020-09-30,World Health Organization COVID-19 Dashboard,19.0,AUFiltered.csv
COVID-19,Unspecified,AUSTRALIA,2020-10-01,World Health Organization COVID-19 Dashboard,15.0,AUFiltered.csv
COVID-19,Unspecified,AUSTRALIA,2020-10-02,World Health Organization COVID-19 Dashboard,18.0,AUFiltered.csv
COVID-19,Unspecified,AUSTRALIA,2020-10-03,World Health Organization COVID-19 Dashboard,17.0,AUFiltered.csv
COVID-19,Unspecified,AUSTRALIA,2020-10-04,World Health Organization COVID-19 Dashboard,8.0,AUFiltered.csv
COVID-19,Unspecified,AUSTRALIA,2020-10-05,World Health Organization COVID-19 Dashboard,15.0,AUFiltered.csv
COVID-19,Unspecified,AUSTRALIA,2020-10-06,World Health Organization COVID-19 Dashboard,13.0,AUFiltered.csv
COVID-19,Unspecified,AUSTRALIA,2020-10-07,World Health Organization COVID-19 Dashboard,25.0,AUFiltered.csv
COVID-19,Unspecified,AUSTRALIA,2020-10-08,World Health Organization COVID-19 Dashboard,8.0,AUFiltered.csv
COVID-19,Unspecified,AUSTRALIA,2020-10-09,World Health Organization COVID-19 Dashboard,24.0,AUFiltered.csv
COVID-19,Unspecified,AUSTRALIA,2020-10-10,World Health Organization COVID-19 Dashboard,23.0,AUFiltered.csv
COVID-19,Unspecified,AUSTRALIA,2020-10-11,World Health Organization COVID-19 Dashboard,15.0,AUFiltered.csv
COVID-19,Unspecified,AUSTRALIA,2020-10-12,World Health Organization COVID-19 Dashboard,20.0,AUFiltered.csv
COVID-19,Unspecified,AUSTRALIA,2020-10-13,World Health Organization COVID-19 Dashboard,22.0,AUFiltered.csv
COVID-19,Unspecified,AUSTRALIA,2020-10-14,World Health Organization COVID-19 Dashboard,31.0,AUFiltered.csv
COVID-19,Unspecified,AUSTRALIA,2020-10-15,World Health Organization COVID-19 Dashboard,24.0,AUFiltered.csv
COVID-19,Unspecified,AUSTRALIA,2020-10-16,World Health Organization COVID-19 Dashboard,21.0,AUFiltered.csv
COVID-19,Unspecified,AUSTRALIA,2020-10-17,World Health Organization COVID-19 Dashboard,9.0,AUFiltered.csv
COVID-19,Unspecified,AUSTRALIA,2020-10-18,World Health Organization COVID-19 Dashboard,12.0,AUFiltered.csv
COVID-19,Unspecified,AUSTRALIA,2020-10-19,World Health Organization COVID-19 Dashboard,7.0,AUFiltered.csv
COVID-19,Unspecified,AUSTRALIA,2020-10-20,World Health Organization COVID-19 Dashboard,9.0,AUFiltered.csv
COVID-19,Unspecified,AUSTRALIA,2020-10-21,World Health Organization COVID-19 Dashboard,31.0,AUFiltered.csv
COVID-19,Unspecified,AUSTRALIA,2020-10-22,World Health Organization COVID-19 Dashboard,14.0,AUFiltered.csv
COVID-19,Unspecified,AUSTRALIA,2020-10-23,World Health Organization COVID-19 Dashboard,22.0,AUFiltered.csv
COVID-19,Unspecified,AUSTRALIA,2020-10-24,World Health Organization COVID-19 Dashboard,18.0,AUFiltered.csv
COVID-19,Unspecified,AUSTRALIA,2020-10-25,World Health Organization COVID-19 Dashboard,15.0,AUFiltered.csv
COVID-19,Unspecified,AUSTRALIA,2020-10-26,World Health Organization COVID-19 Dashboard,21.0,AUFiltered.csv
COVID-19,Unspecified,AUSTRALIA,2020-10-27,World Health Organization COVID-19 Dashboard,7.0,AUFiltered.csv
COVID-19,Unspecified,AUSTRALIA,2020-10-28,World Health Organization COVID-19 Dashboard,14.0,AUFiltered.csv
COVID-19,Unspecified,AUSTRALIA,2020-10-29,World Health Organization COVID-19 Dashboard,13.0,AUFiltered.csv
COVID-19,Unspecified,AUSTRALIA,2020-10-30,World Health Organization COVID-19 Dashboard,15.0,AUFiltered.csv
COVID-19,Unspecified,AUSTRALIA,2020-10-31,World Health Organization COVID-19 Dashboard,13.0,AUFiltered.csv
COVID-19,Unspecified,AUSTRALIA,2020-11-01,World Health Organization COVID-19 Dashboard,8.0,AUFiltered.csv
COVID-19,Unspecified,AUSTRALIA,2020-11-02,World Health Organization COVID-19 Dashboard,5.0,AUFiltered.csv
COVID-19,Unspecified,AUSTRALIA,2020-11-03,World Health Organization COVID-19 Dashboard,7.0,AUFiltered.csv
COVID-19,Unspecified,AUSTRALIA,2020-11-04,World Health Organization COVID-19 Dashboard,8.0,AUFiltered.csv
COVID-19,Unspecified,AUSTRALIA,2020-11-05,World Health Organization COVID-19 Dashboard,12.0,AUFiltered.csv
COVID-19,Unspecified,AUSTRALIA,2020-11-06,World Health Organization COVID-19 Dashboard,11.0,AUFiltered.csv
COVID-19,Unspecified,AUSTRALIA,2020-11-07,World Health Organization COVID-19 Dashboard,12.0,AUFiltered.csv
COVID-19,Unspecified,AUSTRALIA,2020-11-08,World Health Organization COVID-19 Dashboard,7.0,AUFiltered.csv
COVID-19,Unspecified,AUSTRALIA,2020-11-09,World Health Organization COVID-19 Dashboard,6.0,AUFiltered.csv
COVID-19,Unspecified,AUSTRALIA,2020-11-10,World Health Organization COVID-19 Dashboard,10.0,AUFiltered.csv
COVID-19,Unspecified,AUSTRALIA,2020-11-11,World Health Organization COVID-19 Dashboard,10.0,AUFiltered.csv
COVID-19,Unspecified,AUSTRALIA,2020-11-12,World Health Organization COVID-19 Dashboard,8.0,AUFiltered.csv
COVID-19,Unspecified,AUSTRALIA,2020-11-13,World Health Organization COVID-19 Dashboard,12.0,AUFiltered.csv
COVID-19,Unspecified,AUSTRALIA,2020-11-14,World Health Organization COVID-19 Dashboard,5.0,AUFiltered.csv
COVID-19,Unspecified,AUSTRALIA,2020-11-15,World Health Organization COVID-19 Dashboard,8.0,AUFiltered.csv
COVID-19,Unspecified,AUSTRALIA,2020-11-16,World Health Organization COVID-19 Dashboard,14.0,AUFiltered.csv
COVID-19,Unspecified,AUSTRALIA,2020-11-17,World Health Organization COVID-19 Dashboard,25.0,AUFiltered.csv
COVID-19,Unspecified,AUSTRALIA,2020-11-18,World Health Organization COVID-19 Dashboard,6.0,AUFiltered.csv
COVID-19,Unspecified,AUSTRALIA,2020-11-19,World Health Organization COVID-19 Dashboard,21.0,AUFiltered.csv
COVID-19,Unspecified,AUSTRALIA,2020-11-20,World Health Organization COVID-19 Dashboard,7.0,AUFiltered.csv
COVID-19,Unspecified,AUSTRALIA,2020-11-21,World Health Organization COVID-19 Dashboard,5.0,AUFiltered.csv
COVID-19,Unspecified,AUSTRALIA,2020-11-22,World Health Organization COVID-19 Dashboard,18.0,AUFiltered.csv
COVID-19,Unspecified,AUSTRALIA,2020-11-23,World Health Organization COVID-19 Dashboard,14.0,AUFiltered.csv
COVID-19,Unspecified,AUSTRALIA,2020-11-24,World Health Organization COVID-19 Dashboard,14.0,AUFiltered.csv
COVID-19,Unspecified,AUSTRALIA,2020-11-25,World Health Organization COVID-19 Dashboard,13.0,AUFiltered.csv
COVID-19,Unspecified,AUSTRALIA,2020-11-26,World Health Organization COVID-19 Dashboard,6.0,AUFiltered.csv
COVID-19,Unspecified,AUSTRALIA,2020-11-27,World Health Organization COVID-19 Dashboard,13.0,AUFiltered.csv
COVID-19,Unspecified,AUSTRALIA,2020-11-28,World Health Organization COVID-19 Dashboard,7.0,AUFiltered.csv
COVID-19,Unspecified,AUSTRALIA,2020-11-29,World Health Organization COVID-19 Dashboard,11.0,AUFiltered.csv
COVID-19,Unspecified,AUSTRALIA,2020-11-30,World Health Organization COVID-19 Dashboard,8.0,AUFiltered.csv
COVID-19,Unspecified,AUSTRALIA,2020-12-01,World Health Organization COVID-19 Dashboard,11.0,AUFiltered.csv
COVID-19,Unspecified,AUSTRALIA,2020-12-02,World Health Organization COVID-19 Dashboard,8.0,AUFiltered.csv
COVID-19,Unspecified,AUSTRALIA,2020-12-03,World Health Organization COVID-19 Dashboard,11.0,AUFiltered.csv
COVID-19,Unspecified,AUSTRALIA,2020-12-04,World Health Organization COVID-19 Dashboard,16.0,AUFiltered.csv
COVID-19,Unspecified,AUSTRALIA,2020-12-05,World Health Organization COVID-19 Dashboard,10.0,AUFiltered.csv
COVID-19,Unspecified,AUSTRALIA,2020-12-06,World Health Organization COVID-19 Dashboard,7.0,AUFiltered.csv
COVID-19,Unspecified,AUSTRALIA,2020-12-07,World Health Organization COVID-19 Dashboard,9.0,AUFiltered.csv
COVID-19,Unspecified,AUSTRALIA,2020-12-08,World Health Organization COVID-19 Dashboard,7.0,AUFiltered.csv
COVID-19,Unspecified,AUSTRALIA,2020-12-09,World Health Organization COVID-19 Dashboard,15.0,AUFiltered.csv
COVID-19,Unspecified,AUSTRALIA,2020-12-10,World Health Organization COVID-19 Dashboard,6.0,AUFiltered.csv
COVID-19,Unspecified,AUSTRALIA,2020-12-11,World Health Organization COVID-19 Dashboard,7.0,AUFiltered.csv
COVID-19,Unspecified,AUSTRALIA,2020-12-12,World Health Organization COVID-19 Dashboard,12.0,AUFiltered.csv
COVID-19,Unspecified,AUSTRALIA,2020-12-13,World Health Organization COVID-19 Dashboard,13.0,AUFiltered.csv
COVID-19,Unspecified,AUSTRALIA,2020-12-14,World Health Organization COVID-19 Dashboard,6.0,AUFiltered.csv
COVID-19,Unspecified,AUSTRALIA,2020-12-15,World Health Organization COVID-19 Dashboard,8.0,AUFiltered.csv
COVID-19,Unspecified,AUSTRALIA,2020-12-16,World Health Organization COVID-19 Dashboard,8.0,AUFiltered.csv
COVID-19,Unspecified,AUSTRALIA,2020-12-17,World Health Organization COVID-19 Dashboard,12.0,AUFiltered.csv
COVID-19,Unspecified,AUSTRALIA,2020-12-18,World Health Organization COVID-19 Dashboard,13.0,AUFiltered.csv
COVID-19,Unspecified,AUSTRALIA,2020-12-19,World Health Organization COVID-19 Dashboard,22.0,AUFiltered.csv
COVID-19,Unspecified,AUSTRALIA,2020-12-20,World Health Organization COVID-19 Dashboard,34.0,AUFiltered.csv
COVID-19,Unspecified,AUSTRALIA,2020-12-21,World Health Organization COVID-19 Dashboard,43.0,AUFiltered.csv
COVID-19,Unspecified,AUSTRALIA,2020-12-22,World Health Organization COVID-19 Dashboard,27.0,AUFiltered.csv
COVID-19,Unspecified,AUSTRALIA,2020-12-23,World Health Organization COVID-19 Dashboard,21.0,AUFiltered.csv
COVID-19,Unspecified,AUSTRALIA,2020-12-24,World Health Organization COVID-19 Dashboard,19.0,AUFiltered.csv
COVID-19,Unspecified,AUSTRALIA,2020-12-25,World Health Organization COVID-19 Dashboard,24.0,AUFiltered.csv
COVID-19,Unspecified,AUSTRALIA,2020-12-26,World Health Organization COVID-19 Dashboard,0.0,AUFiltered.csv
COVID-19,Unspecified,AUSTRALIA,2020-12-27,World Health Organization COVID-19 Dashboard,34.0,AUFiltered.csv
COVID-19,Unspecified,AUSTRALIA,2020-12-28,World Health Organization COVID-19 Dashboard,16.0,AUFiltered.csv
COVID-19,Unspecified,AUSTRALIA,2020-12-29,World Health Organization COVID-19 Dashboard,25.0,AUFiltered.csv
COVID-19,Unspecified,AUSTRALIA,2020-12-30,World Health Organization COVID-19 Dashboard,13.0,AUFiltered.csv
COVID-19,Unspecified,AUSTRALIA,2020-12-31,World Health Organization COVID-19 Dashboard,31.0,AUFiltered.csv
COVID-19,Unspecified,AUSTRALIA,2021-01-01,World Health Organization COVID-19 Dashboard,27.0,AUFiltered.csv
COVID-19,Unspecified,AUSTRALIA,2021-01-02,World Health Organization COVID-19 Dashboard,19.0,AUFiltered.csv
COVID-19,Unspecified,AUSTRALIA,2021-01-03,World Health Organization COVID-19 Dashboard,35.0,AUFiltered.csv
COVID-19,Unspecified,AUSTRALIA,2021-01-04,World Health Organization COVID-19 Dashboard,21.0,AUFiltered.csv
COVID-19,Unspecified,AUSTRALIA,2021-01-05,World Health Organization COVID-19 Dashboard,21.0,AUFiltered.csv
COVID-19,Unspecified,AUSTRALIA,2021-01-06,World Health Organization COVID-19 Dashboard,15.0,AUFiltered.csv
COVID-19,Unspecified,AUSTRALIA,2021-01-07,World Health Organization COVID-19 Dashboard,17.0,AUFiltered.csv
COVID-19,Unspecified,AUSTRALIA,2021-01-08,World Health Organization COVID-19 Dashboard,11.0,AUFiltered.csv
COVID-19,Unspecified,AUSTRALIA,2021-01-09,World Health Organization COVID-19 Dashboard,24.0,AUFiltered.csv
COVID-19,Unspecified,AUSTRALIA,2021-01-10,World Health Organization COVID-19 Dashboard,11.0,AUFiltered.csv
COVID-19,Unspecified,AUSTRALIA,2021-01-11,World Health Organization COVID-19 Dashboard,13.0,AUFiltered.csv
COVID-19,Unspecified,AUSTRALIA,2021-01-12,World Health Organization COVID-19 Dashboard,19.0,AUFiltered.csv
COVID-19,Unspecified,AUSTRALIA,2021-01-13,World Health Organization COVID-19 Dashboard,20.0,AUFiltered.csv
COVID-19,Unspecified,AUSTRALIA,2021-01-14,World Health Organization COVID-19 Dashboard,16.0,AUFiltered.csv
COVID-19,Unspecified,AUSTRALIA,2021-01-15,World Health Organization COVID-19 Dashboard,8.0,AUFiltered.csv
COVID-19,Unspecified,AUSTRALIA,2021-01-16,World Health Organization COVID-19 Dashboard,11.0,AUFiltered.csv
COVID-19,Unspecified,AUSTRALIA,2021-01-17,World Health Organization COVID-19 Dashboard,20.0,AUFiltered.csv
COVID-19,Unspecified,AUSTRALIA,2021-01-18,World Health Organization COVID-19 Dashboard,19.0,AUFiltered.csv
COVID-19,Unspecified,AUSTRALIA,2021-01-19,World Health Organization COVID-19 Dashboard,13.0,AUFiltered.csv
COVID-19,Unspecified,AUSTRALIA,2021-01-20,World Health Organization COVID-19 Dashboard,9.0,AUFiltered.csv
COVID-19,Unspecified,AUSTRALIA,2021-01-21,World Health Organization COVID-19 Dashboard,10.0,AUFiltered.csv
COVID-19,Unspecified,AUSTRALIA,2021-01-22,World Health Organization COVID-19 Dashboard,10.0,AUFiltered.csv
COVID-19,Unspecified,AUSTRALIA,2021-01-23,World Health Organization COVID-19 Dashboard,5.0,AUFiltered.csv
COVID-19,Unspecified,AUSTRALIA,2021-01-24,World Health Organization COVID-19 Dashboard,6.0,AUFiltered.csv
COVID-19,Unspecified,AUSTRALIA,2021-01-25,World Health Organization COVID-19 Dashboard,5.0,AUFiltered.csv
COVID-19,Unspecified,AUSTRALIA,2021-01-26,World Health Organization COVID-19 Dashboard,11.0,AUFiltered.csv
COVID-19,Unspecified,AUSTRALIA,2021-01-27,World Health Organization COVID-19 Dashboard,3.0,AUFiltered.csv
COVID-19,Unspecified,AUSTRALIA,2021-01-28,World Health Organization COVID-19 Dashboard,6.0,AUFiltered.csv
COVID-19,Unspecified,AUSTRALIA,2021-01-29,World Health Organization COVID-19 Dashboard,8.0,AUFiltered.csv
COVID-19,Unspecified,AUSTRALIA,2021-01-30,World Health Organization COVID-19 Dashboard,6.0,AUFiltered.csv
COVID-19,Unspecified,AUSTRALIA,2021-01-31,World Health Organization COVID-19 Dashboard,6.0,AUFiltered.csv
COVID-19,Unspecified,AUSTRALIA,2021-02-01,World Health Organization COVID-19 Dashboard,5.0,AUFiltered.csv
COVID-19,Unspecified,AUSTRALIA,2021-02-02,World Health Organization COVID-19 Dashboard,7.0,AUFiltered.csv
COVID-19,Unspecified,AUSTRALIA,2021-02-03,World Health Organization COVID-19 Dashboard,6.0,AUFiltered.csv
COVID-19,Unspecified,AUSTRALIA,2021-02-04,World Health Organization COVID-19 Dashboard,5.0,AUFiltered.csv
COVID-19,Unspecified,AUSTRALIA,2021-02-05,World Health Organization COVID-19 Dashboard,9.0,AUFiltered.csv
COVID-19,Unspecified,AUSTRALIA,2021-02-06,World Health Organization COVID-19 Dashboard,4.0,AUFiltered.csv
COVID-19,Unspecified,AUSTRALIA,2021-02-07,World Health Organization COVID-19 Dashboard,6.0,AUFiltered.csv
COVID-19,Unspecified,AUSTRALIA,2021-02-08,World Health Organization COVID-19 Dashboard,2.0,AUFiltered.csv
COVID-19,Unspecified,AUSTRALIA,2021-02-09,World Health Organization COVID-19 Dashboard,7.0,AUFiltered.csv
COVID-19,Unspecified,AUSTRALIA,2021-02-10,World Health Organization COVID-19 Dashboard,3.0,AUFiltered.csv
COVID-19,Unspecified,AUSTRALIA,2021-02-11,World Health Organization COVID-19 Dashboard,11.0,AUFiltered.csv
COVID-19,Unspecified,AUSTRALIA,2021-02-12,World Health Organization COVID-19 Dashboard,8.0,AUFiltered.csv
COVID-19,Unspecified,AUSTRALIA,2021-02-13,World Health Organization COVID-19 Dashboard,7.0,AUFiltered.csv
COVID-19,Unspecified,AUSTRALIA,2021-02-14,World Health Organization COVID-19 Dashboard,6.0,AUFiltered.csv
COVID-19,Unspecified,AUSTRALIA,2021-02-15,World Health Organization COVID-19 Dashboard,6.0,AUFiltered.csv
COVID-19,Unspecified,AUSTRALIA,2021-02-16,World Health Organization COVID-19 Dashboard,2.0,AUFiltered.csv
COVID-19,Unspecified,AUSTRALIA,2021-02-17,World Health Organization COVID-19 Dashboard,5.0,AUFiltered.csv
COVID-19,Unspecified,AUSTRALIA,2021-02-18,World Health Organization COVID-19 Dashboard,6.0,AUFiltered.csv
COVID-19,Unspecified,AUSTRALIA,2021-02-19,World Health Organization COVID-19 Dashboard,1.0,AUFiltered.csv
COVID-19,Unspecified,AUSTRALIA,2021-02-20,World Health Organization COVID-19 Dashboard,6.0,AUFiltered.csv
COVID-19,Unspecified,AUSTRALIA,2021-02-21,World Health Organization COVID-19 Dashboard,2.0,AUFiltered.csv
COVID-19,Unspecified,AUSTRALIA,2021-02-22,World Health Organization COVID-19 Dashboard,6.0,AUFiltered.csv
COVID-19,Unspecified,AUSTRALIA,2021-02-23,World Health Organization COVID-19 Dashboard,4.0,AUFiltered.csv
COVID-19,Unspecified,AUSTRALIA,2021-02-24,World Health Organization COVID-19 Dashboard,7.0,AUFiltered.csv
COVID-19,Unspecified,AUSTRALIA,2021-02-25,World Health Organization COVID-19 Dashboard,2.0,AUFiltered.csv
COVID-19,Unspecified,AUSTRALIA,2021-02-26,World Health Organization COVID-19 Dashboard,8.0,AUFiltered.csv
COVID-19,Unspecified,AUSTRALIA,2021-02-27,World Health Organization COVID-19 Dashboard,11.0,AUFiltered.csv
COVID-19,Unspecified,AUSTRALIA,2021-02-28,World Health Organization COVID-19 Dashboard,7.0,AUFiltered.csv
COVID-19,Unspecified,AUSTRALIA,2021-03-01,World Health Organization COVID-19 Dashboard,5.0,AUFiltered.csv
COVID-19,Unspecified,AUSTRALIA,2021-03-02,World Health Organization COVID-19 Dashboard,8.0,AUFiltered.csv
COVID-19,Unspecified,AUSTRALIA,2021-03-03,World Health Organization COVID-19 Dashboard,8.0,AUFiltered.csv
COVID-19,Unspecified,AUSTRALIA,2021-03-04,World Health Organization COVID-19 Dashboard,10.0,AUFiltered.csv
COVID-19,Unspecified,AUSTRALIA,2021-03-05,World Health Organization COVID-19 Dashboard,6.0,AUFiltered.csv
COVID-19,Unspecified,AUSTRALIA,2021-03-06,World Health Organization COVID-19 Dashboard,18.0,AUFiltered.csv
COVID-19,Unspecified,AUSTRALIA,2021-03-07,World Health Organization COVID-19 Dashboard,10.0,AUFiltered.csv
COVID-19,Unspecified,AUSTRALIA,2021-03-08,World Health Organization COVID-19 Dashboard,7.0,AUFiltered.csv
COVID-19,Unspecified,AUSTRALIA,2021-03-09,World Health Organization COVID-19 Dashboard,9.0,AUFiltered.csv
COVID-19,Unspecified,AUSTRALIA,2021-03-10,World Health Organization COVID-19 Dashboard,15.0,AUFiltered.csv
COVID-19,Unspecified,AUSTRALIA,2021-03-11,World Health Organization COVID-19 Dashboard,14.0,AUFiltered.csv
COVID-19,Unspecified,AUSTRALIA,2021-03-12,World Health Organization COVID-19 Dashboard,15.0,AUFiltered.csv
COVID-19,Unspecified,AUSTRALIA,2021-03-13,World Health Organization COVID-19 Dashboard,12.0,AUFiltered.csv
COVID-19,Unspecified,AUSTRALIA,2021-03-14,World Health Organization COVID-19 Dashboard,10.0,AUFiltered.csv
COVID-19,Unspecified,AUSTRALIA,2021-03-15,World Health Organization COVID-19 Dashboard,5.0,AUFiltered.csv
COVID-19,Unspecified,AUSTRALIA,2021-03-16,World Health Organization COVID-19 Dashboard,13.0,AUFiltered.csv
COVID-19,Unspecified,AUSTRALIA,2021-03-17,World Health Organization COVID-19 Dashboard,7.0,AUFiltered.csv
COVID-19,Unspecified,AUSTRALIA,2021-03-18,World Health Organization COVID-19 Dashboard,16.0,AUFiltered.csv
COVID-19,Unspecified,AUSTRALIA,2021-03-19,World Health Organization COVID-19 Dashboard,13.0,AUFiltered.csv
COVID-19,Unspecified,AUSTRALIA,2021-03-20,World Health Organization COVID-19 Dashboard,17.0,AUFiltered.csv
COVID-19,Unspecified,AUSTRALIA,2021-03-21,World Health Organization COVID-19 Dashboard,9.0,AUFiltered.csv
COVID-19,Unspecified,AUSTRALIA,2021-03-22,World Health Organization COVID-19 Dashboard,4.0,AUFiltered.csv
COVID-19,Unspecified,AUSTRALIA,2021-03-23,World Health Organization COVID-19 Dashboard,10.0,AUFiltered.csv
COVID-19,Unspecified,AUSTRALIA,2021-03-24,World Health Organization COVID-19 Dashboard,5.0,AUFiltered.csv
COVID-19,Unspecified,AUSTRALIA,2021-03-25,World Health Organization COVID-19 Dashboard,9.0,AUFiltered.csv
COVID-19,Unspecified,AUSTRALIA,2021-03-26,World Health Organization COVID-19 Dashboard,8.0,AUFiltered.csv
COVID-19,Unspecified,AUSTRALIA,2021-03-27,World Health Organization COVID-19 Dashboard,12.0,AUFiltered.csv
COVID-19,Unspecified,AUSTRALIA,2021-03-28,World Health Organization COVID-19 Dashboard,12.0,AUFiltered.csv
COVID-19,Unspecified,AUSTRALIA,2021-03-29,World Health Organization COVID-19 Dashboard,8.0,AUFiltered.csv
COVID-19,Unspecified,AUSTRALIA,2021-03-30,World Health Organization COVID-19 Dashboard,18.0,AUFiltered.csv
COVID-19,Unspecified,AUSTRALIA,2021-03-31,World Health Organization COVID-19 Dashboard,18.0,AUFiltered.csv
COVID-19,Unspecified,AUSTRALIA,2021-04-01,World Health Organization COVID-19 Dashboard,8.0,AUFiltered.csv
COVID-19,Unspecified,AUSTRALIA,2021-04-02,World Health Organization COVID-19 Dashboard,18.0,AUFiltered.csv
COVID-19,Unspecified,AUSTRALIA,2021-04-03,World Health Organization COVID-19 Dashboard,13.0,AUFiltered.csv
COVID-19,Unspecified,AUSTRALIA,2021-04-04,World Health Organization COVID-19 Dashboard,6.0,AUFiltered.csv
COVID-19,Unspecified,AUSTRALIA,2021-04-05,World Health Organization COVID-19 Dashboard,7.0,AUFiltered.csv
COVID-19,Unspecified,AUSTRALIA,2021-04-06,World Health Organization COVID-19 Dashboard,9.0,AUFiltered.csv
COVID-19,Unspecified,AUSTRALIA,2021-04-07,World Health Organization COVID-19 Dashboard,8.0,AUFiltered.csv
COVID-19,Unspecified,AUSTRALIA,2021-04-08,World Health Organization COVID-19 Dashboard,14.0,AUFiltered.csv
COVID-19,Unspecified,AUSTRALIA,2021-04-09,World Health Organization COVID-19 Dashboard,6.0,AUFiltered.csv
COVID-19,Unspecified,AUSTRALIA,2021-04-10,World Health Organization COVID-19 Dashboard,5.0,AUFiltered.csv
COVID-19,Unspecified,AUSTRALIA,2021-04-11,World Health Organization COVID-19 Dashboard,6.0,AUFiltered.csv
COVID-19,Unspecified,AUSTRALIA,2021-04-12,World Health Organization COVID-19 Dashboard,9.0,AUFiltered.csv
COVID-19,Unspecified,AUSTRALIA,2021-04-13,World Health Organization COVID-19 Dashboard,14.0,AUFiltered.csv
COVID-19,Unspecified,AUSTRALIA,2021-04-14,World Health Organization COVID-19 Dashboard,18.0,AUFiltered.csv
COVID-19,Unspecified,AUSTRALIA,2021-04-15,World Health Organization COVID-19 Dashboard,14.0,AUFiltered.csv
COVID-19,Unspecified,AUSTRALIA,2021-04-16,World Health Organization COVID-19 Dashboard,18.0,AUFiltered.csv
COVID-19,Unspecified,AUSTRALIA,2021-04-17,World Health Organization COVID-19 Dashboard,15.0,AUFiltered.csv
COVID-19,Unspecified,AUSTRALIA,2021-04-18,World Health Organization COVID-19 Dashboard,21.0,AUFiltered.csv
COVID-19,Unspecified,AUSTRALIA,2021-04-19,World Health Organization COVID-19 Dashboard,14.0,AUFiltered.csv
COVID-19,Unspecified,AUSTRALIA,2021-04-20,World Health Organization COVID-19 Dashboard,24.0,AUFiltered.csv
COVID-19,Unspecified,AUSTRALIA,2021-04-21,World Health Organization COVID-19 Dashboard,16.0,AUFiltered.csv
COVID-19,Unspecified,AUSTRALIA,2021-04-22,World Health Organization COVID-19 Dashboard,19.0,AUFiltered.csv
COVID-19,Unspecified,AUSTRALIA,2021-04-23,World Health Organization COVID-19 Dashboard,24.0,AUFiltered.csv
COVID-19,Unspecified,AUSTRALIA,2021-04-24,World Health Organization COVID-19 Dashboard,37.0,AUFiltered.csv
COVID-19,Unspecified,AUSTRALIA,2021-04-25,World Health Organization COVID-19 Dashboard,19.0,AUFiltered.csv
COVID-19,Unspecified,AUSTRALIA,2021-04-26,World Health Organization COVID-19 Dashboard,8.0,AUFiltered.csv
COVID-19,Unspecified,AUSTRALIA,2021-04-27,World Health Organization COVID-19 Dashboard,29.0,AUFiltered.csv
COVID-19,Unspecified,AUSTRALIA,2021-04-28,World Health Organization COVID-19 Dashboard,30.0,AUFiltered.csv
COVID-19,Unspecified,AUSTRALIA,2021-04-29,World Health Organization COVID-19 Dashboard,24.0,AUFiltered.csv
COVID-19,Unspecified,AUSTRALIA,2021-04-30,World Health Organization COVID-19 Dashboard,30.0,AUFiltered.csv
COVID-19,Unspecified,AUSTRALIA,2021-05-01,World Health Organization COVID-19 Dashboard,22.0,AUFiltered.csv
COVID-19,Unspecified,AUSTRALIA,2021-05-02,World Health Organization COVID-19 Dashboard,11.0,AUFiltered.csv
COVID-19,Unspecified,AUSTRALIA,2021-05-03,World Health Organization COVID-19 Dashboard,14.0,AUFiltered.csv
COVID-19,Unspecified,AUSTRALIA,2021-05-04,World Health Organization COVID-19 Dashboard,15.0,AUFiltered.csv
COVID-19,Unspecified,AUSTRALIA,2021-05-05,World Health Organization COVID-19 Dashboard,11.0,AUFiltered.csv
COVID-19,Unspecified,AUSTRALIA,2021-05-06,World Health Organization COVID-19 Dashboard,13.0,AUFiltered.csv
COVID-19,Unspecified,AUSTRALIA,2021-05-07,World Health Organization COVID-19 Dashboard,21.0,AUFiltered.csv
COVID-19,Unspecified,AUSTRALIA,2021-05-08,World Health Organization COVID-19 Dashboard,11.0,AUFiltered.csv
COVID-19,Unspecified,AUSTRALIA,2021-05-09,World Health Organization COVID-19 Dashboard,9.0,AUFiltered.csv
COVID-19,Unspecified,AUSTRALIA,2021-05-10,World Health Organization COVID-19 Dashboard,17.0,AUFiltered.csv
COVID-19,Unspecified,AUSTRALIA,2021-05-11,World Health Organization COVID-19 Dashboard,8.0,AUFiltered.csv
COVID-19,Unspecified,AUSTRALIA,2021-05-12,World Health Organization COVID-19 Dashboard,8.0,AUFiltered.csv
COVID-19,Unspecified,AUSTRALIA,2021-05-13,World Health Organization COVID-19 Dashboard,8.0,AUFiltered.csv
COVID-19,Unspecified,AUSTRALIA,2021-05-14,World Health Organization COVID-19 Dashboard,8.0,AUFiltered.csv
COVID-19,Unspecified,AUSTRALIA,2021-05-15,World Health Organization COVID-19 Dashboard,2.0,AUFiltered.csv
COVID-19,Unspecified,AUSTRALIA,2021-05-16,World Health Organization COVID-19 Dashboard,10.0,AUFiltered.csv
COVID-19,Unspecified,AUSTRALIA,2021-05-17,World Health Organization COVID-19 Dashboard,8.0,AUFiltered.csv
COVID-19,Unspecified,AUSTRALIA,2021-05-18,World Health Organization COVID-19 Dashboard,3.0,AUFiltered.csv
COVID-19,Unspecified,AUSTRALIA,2021-05-19,World Health Organization COVID-19 Dashboard,10.0,AUFiltered.csv
COVID-19,Unspecified,AUSTRALIA,2021-05-20,World Health Organization COVID-19 Dashboard,3.0,AUFiltered.csv
COVID-19,Unspecified,AUSTRALIA,2021-05-21,World Health Organization COVID-19 Dashboard,6.0,AUFiltered.csv
COVID-19,Unspecified,AUSTRALIA,2021-05-22,World Health Organization COVID-19 Dashboard,3.0,AUFiltered.csv
COVID-19,Unspecified,AUSTRALIA,2021-05-23,World Health Organization COVID-19 Dashboard,4.0,AUFiltered.csv
COVID-19,Unspecified,AUSTRALIA,2021-05-24,World Health Organization COVID-19 Dashboard,7.0,AUFiltered.csv
COVID-19,Unspecified,AUSTRALIA,2021-05-25,World Health Organization COVID-19 Dashboard,10.0,AUFiltered.csv
COVID-19,Unspecified,AUSTRALIA,2021-05-26,World Health Organization COVID-19 Dashboard,9.0,AUFiltered.csv
COVID-19,Unspecified,AUSTRALIA,2021-05-27,World Health Organization COVID-19 Dashboard,18.0,AUFiltered.csv
COVID-19,Unspecified,AUSTRALIA,2021-05-28,World Health Organization COVID-19 Dashboard,15.0,AUFiltered.csv
COVID-19,Unspecified,AUSTRALIA,2021-05-29,World Health Organization COVID-19 Dashboard,10.0,AUFiltered.csv
COVID-19,Unspecified,AUSTRALIA,2021-05-30,World Health Organization COVID-19 Dashboard,10.0,AUFiltered.csv
COVID-19,Unspecified,AUSTRALIA,2021-05-31,World Health Organization COVID-19 Dashboard,15.0,AUFiltered.csv
COVID-19,Unspecified,AUSTRALIA,2021-06-01,World Health Organization COVID-19 Dashboard,8.0,AUFiltered.csv
COVID-19,Unspecified,AUSTRALIA,2021-06-02,World Health Organization COVID-19 Dashboard,12.0,AUFiltered.csv
COVID-19,Unspecified,AUSTRALIA,2021-06-03,World Health Organization COVID-19 Dashboard,12.0,AUFiltered.csv
COVID-19,Unspecified,AUSTRALIA,2021-06-04,World Health Organization COVID-19 Dashboard,7.0,AUFiltered.csv
COVID-19,Unspecified,AUSTRALIA,2021-06-05,World Health Organization COVID-19 Dashboard,13.0,AUFiltered.csv
COVID-19,Unspecified,AUSTRALIA,2021-06-06,World Health Organization COVID-19 Dashboard,8.0,AUFiltered.csv
COVID-19,Unspecified,AUSTRALIA,2021-06-07,World Health Organization COVID-19 Dashboard,17.0,AUFiltered.csv
COVID-19,Unspecified,AUSTRALIA,2021-06-08,World Health Organization COVID-19 Dashboard,20.0,AUFiltered.csv
COVID-19,Unspecified,AUSTRALIA,2021-06-09,World Health Organization COVID-19 Dashboard,9.0,AUFiltered.csv
COVID-19,Unspecified,AUSTRALIA,2021-06-10,World Health Organization COVID-19 Dashboard,6.0,AUFiltered.csv
COVID-19,Unspecified,AUSTRALIA,2021-06-11,World Health Organization COVID-19 Dashboard,16.0,AUFiltered.csv
COVID-19,Unspecified,AUSTRALIA,2021-06-12,World Health Organization COVID-19 Dashboard,3.0,AUFiltered.csv
COVID-19,Unspecified,AUSTRALIA,2021-06-13,World Health Organization COVID-19 Dashboard,8.0,AUFiltered.csv
COVID-19,Unspecified,AUSTRALIA,2021-06-14,World Health Organization COVID-19 Dashboard,11.0,AUFiltered.csv
COVID-19,Unspecified,AUSTRALIA,2021-06-15,World Health Organization COVID-19 Dashboard,14.0,AUFiltered.csv
COVID-19,Unspecified,AUSTRALIA,2021-06-16,World Health Organization COVID-19 Dashboard,12.0,AUFiltered.csv
COVID-19,Unspecified,AUSTRALIA,2021-06-17,World Health Organization COVID-19 Dashboard,17.0,AUFiltered.csv
COVID-19,Unspecified,AUSTRALIA,2021-06-18,World Health Organization COVID-19 Dashboard,11.0,AUFiltered.csv
COVID-19,Unspecified,AUSTRALIA,2021-06-19,World Health Organization COVID-19 Dashboard,11.0,AUFiltered.csv
COVID-19,Unspecified,AUSTRALIA,2021-06-20,World Health Organization COVID-19 Dashboard,10.0,AUFiltered.csv
COVID-19,Unspecified,AUSTRALIA,2021-06-21,World Health Organization COVID-19 Dashboard,8.0,AUFiltered.csv
COVID-19,Unspecified,AUSTRALIA,2021-06-22,World Health Organization COVID-19 Dashboard,25.0,AUFiltered.csv
COVID-19,Unspecified,AUSTRALIA,2021-06-23,World Health Organization COVID-19 Dashboard,10.0,AUFiltered.csv
COVID-19,Unspecified,AUSTRALIA,2021-06-24,World Health Organization COVID-19 Dashboard,12.0,AUFiltered.csv
COVID-19,Unspecified,AUSTRALIA,2021-06-25,World Health Organization COVID-19 Dashboard,30.0,AUFiltered.csv
COVID-19,Unspecified,AUSTRALIA,2021-06-26,World Health Organization COVID-19 Dashboard,14.0,AUFiltered.csv
COVID-19,Unspecified,AUSTRALIA,2021-06-27,World Health Organization COVID-19 Dashboard,35.0,AUFiltered.csv
COVID-19,Unspecified,AUSTRALIA,2021-06-28,World Health Organization COVID-19 Dashboard,42.0,AUFiltered.csv
COVID-19,Unspecified,AUSTRALIA,2021-06-29,World Health Organization COVID-19 Dashboard,29.0,AUFiltered.csv
COVID-19,Unspecified,AUSTRALIA,2021-06-30,World Health Organization COVID-19 Dashboard,34.0,AUFiltered.csv
COVID-19,Unspecified,AUSTRALIA,2021-07-01,World Health Organization COVID-19 Dashboard,48.0,AUFiltered.csv
COVID-19,Unspecified,AUSTRALIA,2021-07-02,World Health Organization COVID-19 Dashboard,33.0,AUFiltered.csv
COVID-19,Unspecified,AUSTRALIA,2021-07-03,World Health Organization COVID-19 Dashboard,42.0,AUFiltered.csv
COVID-19,Unspecified,AUSTRALIA,2021-07-04,World Health Organization COVID-19 Dashboard,49.0,AUFiltered.csv
COVID-19,Unspecified,AUSTRALIA,2021-07-05,World Health Organization COVID-19 Dashboard,23.0,AUFiltered.csv
COVID-19,Unspecified,AUSTRALIA,2021-07-06,World Health Organization COVID-19 Dashboard,46.0,AUFiltered.csv
COVID-19,Unspecified,AUSTRALIA,2021-07-07,World Health Organization COVID-19 Dashboard,29.0,AUFiltered.csv
COVID-19,Unspecified,AUSTRALIA,2021-07-08,World Health Organization COVID-19 Dashboard,29.0,AUFiltered.csv
COVID-19,Unspecified,AUSTRALIA,2021-07-09,World Health Organization COVID-19 Dashboard,44.0,AUFiltered.csv
COVID-19,Unspecified,AUSTRALIA,2021-07-10,World Health Organization COVID-19 Dashboard,50.0,AUFiltered.csv
COVID-19,Unspecified,AUSTRALIA,2021-07-11,World Health Organization COVID-19 Dashboard,62.0,AUFiltered.csv
COVID-19,Unspecified,AUSTRALIA,2021-07-12,World Health Organization COVID-19 Dashboard,86.0,AUFiltered.csv
COVID-19,Unspecified,AUSTRALIA,2021-07-13,World Health Organization COVID-19 Dashboard,121.0,AUFiltered.csv
COVID-19,Unspecified,AUSTRALIA,2021-07-14,World Health Organization COVID-19 Dashboard,99.0,AUFiltered.csv
COVID-19,Unspecified,AUSTRALIA,2021-07-15,World Health Organization COVID-19 Dashboard,108.0,AUFiltered.csv
COVID-19,Unspecified,AUSTRALIA,2021-07-16,World Health Organization COVID-19 Dashboard,85.0,AUFiltered.csv
COVID-19,Unspecified,AUSTRALIA,2021-07-17,World Health Organization COVID-19 Dashboard,116.0,AUFiltered.csv
COVID-19,Unspecified,AUSTRALIA,2021-07-18,World Health Organization COVID-19 Dashboard,139.0,AUFiltered.csv
COVID-19,Unspecified,AUSTRALIA,2021-07-19,World Health Organization COVID-19 Dashboard,127.0,AUFiltered.csv
COVID-19,Unspecified,AUSTRALIA,2021-07-20,World Health Organization COVID-19 Dashboard,119.0,AUFiltered.csv
COVID-19,Unspecified,AUSTRALIA,2021-07-21,World Health Organization COVID-19 Dashboard,110.0,AUFiltered.csv
COVID-19,Unspecified,AUSTRALIA,2021-07-22,World Health Organization COVID-19 Dashboard,141.0,AUFiltered.csv
COVID-19,Unspecified,AUSTRALIA,2021-07-23,World Health Organization COVID-19 Dashboard,159.0,AUFiltered.csv
COVID-19,Unspecified,AUSTRALIA,2021-07-24,World Health Organization COVID-19 Dashboard,150.0,AUFiltered.csv
COVID-19,Unspecified,AUSTRALIA,2021-07-25,World Health Organization COVID-19 Dashboard,178.0,AUFiltered.csv
COVID-19,Unspecified,AUSTRALIA,2021-07-26,World Health Organization COVID-19 Dashboard,161.0,AUFiltered.csv
COVID-19,Unspecified,AUSTRALIA,2021-07-27,World Health Organization COVID-19 Dashboard,165.0,AUFiltered.csv
COVID-19,Unspecified,AUSTRALIA,2021-07-28,World Health Organization COVID-19 Dashboard,186.0,AUFiltered.csv
COVID-19,Unspecified,AUSTRALIA,2021-07-29,World Health Organization COVID-19 Dashboard,204.0,AUFiltered.csv
COVID-19,Unspecified,AUSTRALIA,2021-07-30,World Health Organization COVID-19 Dashboard,261.0,AUFiltered.csv
COVID-19,Unspecified,AUSTRALIA,2021-07-31,World Health Organization COVID-19 Dashboard,177.0,AUFiltered.csv
COVID-19,Unspecified,SOUTH AFRICA,2020-01-04,World Health Organization COVID-19 Dashboard,0.0,ZAFiltered.csv
COVID-19,Unspecified,SOUTH AFRICA,2020-01-05,World Health Organization COVID-19 Dashboard,0.0,ZAFiltered.csv
COVID-19,Unspecified,SOUTH AFRICA,2020-01-06,World Health Organization COVID-19 Dashboard,0.0,ZAFiltered.csv
COVID-19,Unspecified,SOUTH AFRICA,2020-01-07,World Health Organization COVID-19 Dashboard,0.0,ZAFiltered.csv
COVID-19,Unspecified,SOUTH AFRICA,2020-01-08,World Health Organization COVID-19 Dashboard,0.0,ZAFiltered.csv
COVID-19,Unspecified,SOUTH AFRICA,2020-01-09,World Health Organization COVID-19 Dashboard,0.0,ZAFiltered.csv
COVID-19,Unspecified,SOUTH AFRICA,2020-01-10,World Health Organization COVID-19 Dashboard,0.0,ZAFiltered.csv
COVID-19,Unspecified,SOUTH AFRICA,2020-01-11,World Health Organization COVID-19 Dashboard,0.0,ZAFiltered.csv
COVID-19,Unspecified,SOUTH AFRICA,2020-01-12,World Health Organization COVID-19 Dashboard,0.0,ZAFiltered.csv
COVID-19,Unspecified,SOUTH AFRICA,2020-01-13,World Health Organization COVID-19 Dashboard,0.0,ZAFiltered.csv
COVID-19,Unspecified,SOUTH AFRICA,2020-01-14,World Health Organization COVID-19 Dashboard,0.0,ZAFiltered.csv
COVID-19,Unspecified,SOUTH AFRICA,2020-01-15,World Health Organization COVID-19 Dashboard,0.0,ZAFiltered.csv
COVID-19,Unspecified,SOUTH AFRICA,2020-01-16,World Health Organization COVID-19 Dashboard,0.0,ZAFiltered.csv
COVID-19,Unspecified,SOUTH AFRICA,2020-01-17,World Health Organization COVID-19 Dashboard,0.0,ZAFiltered.csv
COVID-19,Unspecified,SOUTH AFRICA,2020-01-18,World Health Organization COVID-19 Dashboard,0.0,ZAFiltered.csv
COVID-19,Unspecified,SOUTH AFRICA,2020-01-19,World Health Organization COVID-19 Dashboard,0.0,ZAFiltered.csv
COVID-19,Unspecified,SOUTH AFRICA,2020-01-20,World Health Organization COVID-19 Dashboard,0.0,ZAFiltered.csv
COVID-19,Unspecified,SOUTH AFRICA,2020-01-21,World Health Organization COVID-19 Dashboard,0.0,ZAFiltered.csv
COVID-19,Unspecified,SOUTH AFRICA,2020-01-22,World Health Organization COVID-19 Dashboard,0.0,ZAFiltered.csv
COVID-19,Unspecified,SOUTH AFRICA,2020-01-23,World Health Organization COVID-19 Dashboard,0.0,ZAFiltered.csv
COVID-19,Unspecified,SOUTH AFRICA,2020-01-24,World Health Organization COVID-19 Dashboard,0.0,ZAFiltered.csv
COVID-19,Unspecified,SOUTH AFRICA,2020-01-25,World Health Organization COVID-19 Dashboard,0.0,ZAFiltered.csv
COVID-19,Unspecified,SOUTH AFRICA,2020-01-26,World Health Organization COVID-19 Dashboard,0.0,ZAFiltered.csv
COVID-19,Unspecified,SOUTH AFRICA,2020-01-27,World Health Organization COVID-19 Dashboard,0.0,ZAFiltered.csv
COVID-19,Unspecified,SOUTH AFRICA,2020-01-28,World Health Organization COVID-19 Dashboard,0.0,ZAFiltered.csv
COVID-19,Unspecified,SOUTH AFRICA,2020-01-29,World Health Organization COVID-19 Dashboard,0.0,ZAFiltered.csv
COVID-19,Unspecified,SOUTH AFRICA,2020-01-30,World Health Organization COVID-19 Dashboard,0.0,ZAFiltered.csv
COVID-19,Unspecified,SOUTH AFRICA,2020-01-31,World Health Organization COVID-19 Dashboard,0.0,ZAFiltered.csv
COVID-19,Unspecified,SOUTH AFRICA,2020-02-01,World Health Organization COVID-19 Dashboard,0.0,ZAFiltered.csv
COVID-19,Unspecified,SOUTH AFRICA,2020-02-02,World Health Organization COVID-19 Dashboard,0.0,ZAFiltered.csv
COVID-19,Unspecified,SOUTH AFRICA,2020-02-03,World Health Organization COVID-19 Dashboard,0.0,ZAFiltered.csv
COVID-19,Unspecified,SOUTH AFRICA,2020-02-04,World Health Organization COVID-19 Dashboard,0.0,ZAFiltered.csv
COVID-19,Unspecified,SOUTH AFRICA,2020-02-05,World Health Organization COVID-19 Dashboard,0.0,ZAFiltered.csv
COVID-19,Unspecified,SOUTH AFRICA,2020-02-06,World Health Organization COVID-19 Dashboard,0.0,ZAFiltered.csv
COVID-19,Unspecified,SOUTH AFRICA,2020-02-07,World Health Organization COVID-19 Dashboard,0.0,ZAFiltered.csv
COVID-19,Unspecified,SOUTH AFRICA,2020-02-08,World Health Organization COVID-19 Dashboard,0.0,ZAFiltered.csv
COVID-19,Unspecified,SOUTH AFRICA,2020-02-09,World Health Organization COVID-19 Dashboard,0.0,ZAFiltered.csv
COVID-19,Unspecified,SOUTH AFRICA,2020-02-10,World Health Organization COVID-19 Dashboard,0.0,ZAFiltered.csv
COVID-19,Unspecified,SOUTH AFRICA,2020-02-11,World Health Organization COVID-19 Dashboard,0.0,ZAFiltered.csv
COVID-19,Unspecified,SOUTH AFRICA,2020-02-12,World Health Organization COVID-19 Dashboard,0.0,ZAFiltered.csv
COVID-19,Unspecified,SOUTH AFRICA,2020-02-13,World Health Organization COVID-19 Dashboard,0.0,ZAFiltered.csv
COVID-19,Unspecified,SOUTH AFRICA,2020-02-14,World Health Organization COVID-19 Dashboard,0.0,ZAFiltered.csv
COVID-19,Unspecified,SOUTH AFRICA,2020-02-15,World Health Organization COVID-19 Dashboard,0.0,ZAFiltered.csv
COVID-19,Unspecified,SOUTH AFRICA,2020-02-16,World Health Organization COVID-19 Dashboard,0.0,ZAFiltered.csv
COVID-19,Unspecified,SOUTH AFRICA,2020-02-17,World Health Organization COVID-19 Dashboard,0.0,ZAFiltered.csv
COVID-19,Unspecified,SOUTH AFRICA,2020-02-18,World Health Organization COVID-19 Dashboard,0.0,ZAFiltered.csv
COVID-19,Unspecified,SOUTH AFRICA,2020-02-19,World Health Organization COVID-19 Dashboard,0.0,ZAFiltered.csv
COVID-19,Unspecified,SOUTH AFRICA,2020-02-20,World Health Organization COVID-19 Dashboard,0.0,ZAFiltered.csv
COVID-19,Unspecified,SOUTH AFRICA,2020-02-21,World Health Organization COVID-19 Dashboard,0.0,ZAFiltered.csv
COVID-19,Unspecified,SOUTH AFRICA,2020-02-22,World Health Organization COVID-19 Dashboard,0.0,ZAFiltered.csv
COVID-19,Unspecified,SOUTH AFRICA,2020-02-23,World Health Organization COVID-19 Dashboard,0.0,ZAFiltered.csv
COVID-19,Unspecified,SOUTH AFRICA,2020-02-24,World Health Organization COVID-19 Dashboard,0.0,ZAFiltered.csv
COVID-19,Unspecified,SOUTH AFRICA,2020-02-25,World Health Organization COVID-19 Dashboard,0.0,ZAFiltered.csv
COVID-19,Unspecified,SOUTH AFRICA,2020-02-26,World Health Organization COVID-19 Dashboard,0.0,ZAFiltered.csv
COVID-19,Unspecified,SOUTH AFRICA,2020-02-27,World Health Organization COVID-19 Dashboard,0.0,ZAFiltered.csv
COVID-19,Unspecified,SOUTH AFRICA,2020-02-28,World Health Organization COVID-19 Dashboard,0.0,ZAFiltered.csv
COVID-19,Unspecified,SOUTH AFRICA,2020-02-29,World Health Organization COVID-19 Dashboard,0.0,ZAFiltered.csv
COVID-19,Unspecified,SOUTH AFRICA,2020-03-01,World Health Organization COVID-19 Dashboard,0.0,ZAFiltered.csv
COVID-19,Unspecified,SOUTH AFRICA,2020-03-02,World Health Organization COVID-19 Dashboard,0.0,ZAFiltered.csv
COVID-19,Unspecified,SOUTH AFRICA,2020-03-03,World Health Organization COVID-19 Dashboard,0.0,ZAFiltered.csv
COVID-19,Unspecified,SOUTH AFRICA,2020-03-04,World Health Organization COVID-19 Dashboard,0.0,ZAFiltered.csv
COVID-19,Unspecified,SOUTH AFRICA,2020-03-05,World Health Organization COVID-19 Dashboard,1.0,ZAFiltered.csv
COVID-19,Unspecified,SOUTH AFRICA,2020-03-06,World Health Organization COVID-19 Dashboard,0.0,ZAFiltered.csv
COVID-19,Unspecified,SOUTH AFRICA,2020-03-07,World Health Organization COVID-19 Dashboard,0.0,ZAFiltered.csv
COVID-19,Unspecified,SOUTH AFRICA,2020-03-08,World Health Organization COVID-19 Dashboard,1.0,ZAFiltered.csv
COVID-19,Unspecified,SOUTH AFRICA,2020-03-09,World Health Organization COVID-19 Dashboard,1.0,ZAFiltered.csv
COVID-19,Unspecified,SOUTH AFRICA,2020-03-10,World Health Organization COVID-19 Dashboard,4.0,ZAFiltered.csv
COVID-19,Unspecified,SOUTH AFRICA,2020-03-11,World Health Organization COVID-19 Dashboard,0.0,ZAFiltered.csv
COVID-19,Unspecified,SOUTH AFRICA,2020-03-12,World Health Organization COVID-19 Dashboard,6.0,ZAFiltered.csv
COVID-19,Unspecified,SOUTH AFRICA,2020-03-13,World Health Organization COVID-19 Dashboard,3.0,ZAFiltered.csv
COVID-19,Unspecified,SOUTH AFRICA,2020-03-14,World Health Organization COVID-19 Dashboard,8.0,ZAFiltered.csv
COVID-19,Unspecified,SOUTH AFRICA,2020-03-15,World Health Organization COVID-19 Dashboard,14.0,ZAFiltered.csv
COVID-19,Unspecified,SOUTH AFRICA,2020-03-16,World Health Organization COVID-19 Dashboard,13.0,ZAFiltered.csv
COVID-19,Unspecified,SOUTH AFRICA,2020-03-17,World Health Organization COVID-19 Dashboard,11.0,ZAFiltered.csv
COVID-19,Unspecified,SOUTH AFRICA,2020-03-18,World Health Organization COVID-19 Dashboard,23.0,ZAFiltered.csv
COVID-19,Unspecified,SOUTH AFRICA,2020-03-19,World Health Organization COVID-19 Dashboard,31.0,ZAFiltered.csv
COVID-19,Unspecified,SOUTH AFRICA,2020-03-20,World Health Organization COVID-19 Dashboard,34.0,ZAFiltered.csv
COVID-19,Unspecified,SOUTH AFRICA,2020-03-21,World Health Organization COVID-19 Dashboard,52.0,ZAFiltered.csv
COVID-19,Unspecified,SOUTH AFRICA,2020-03-22,World Health Organization COVID-19 Dashboard,38.0,ZAFiltered.csv
COVID-19,Unspecified,SOUTH AFRICA,2020-03-23,World Health Organization COVID-19 Dashboard,34.0,ZAFiltered.csv
COVID-19,Unspecified,SOUTH AFRICA,2020-03-24,World Health Organization COVID-19 Dashboard,128.0,ZAFiltered.csv
COVID-19,Unspecified,SOUTH AFRICA,2020-03-25,World Health Organization COVID-19 Dashboard,152.0,ZAFiltered.csv
COVID-19,Unspecified,SOUTH AFRICA,2020-03-26,World Health Organization COVID-19 Dashboard,153.0,ZAFiltered.csv
COVID-19,Unspecified,SOUTH AFRICA,2020-03-27,World Health Organization COVID-19 Dashboard,219.0,ZAFiltered.csv
COVID-19,Unspecified,SOUTH AFRICA,2020-03-28,World Health Organization COVID-19 Dashboard,244.0,ZAFiltered.csv
COVID-19,Unspecified,SOUTH AFRICA,2020-03-29,World Health Organization COVID-19 Dashboard,17.0,ZAFiltered.csv
COVID-19,Unspecified,SOUTH AFRICA,2020-03-30,World Health Organization COVID-19 Dashboard,93.0,ZAFiltered.csv
COVID-19,Unspecified,SOUTH AFRICA,2020-03-31,World Health Organization COVID-19 Dashboard,46.0,ZAFiltered.csv
COVID-19,Unspecified,SOUTH AFRICA,2020-04-01,World Health Organization COVID-19 Dashboard,27.0,ZAFiltered.csv
COVID-19,Unspecified,SOUTH AFRICA,2020-04-02,World Health Organization COVID-19 Dashboard,27.0,ZAFiltered.csv
COVID-19,Unspecified,SOUTH AFRICA,2020-04-03,World Health Organization COVID-19 Dashboard,82.0,ZAFiltered.csv
COVID-19,Unspecified,SOUTH AFRICA,2020-04-04,World Health Organization COVID-19 Dashboard,43.0,ZAFiltered.csv
COVID-19,Unspecified,SOUTH AFRICA,2020-04-05,World Health Organization COVID-19 Dashboard,80.0,ZAFiltered.csv
COVID-19,Unspecified,SOUTH AFRICA,2020-04-06,World Health Organization COVID-19 Dashboard,70.0,ZAFiltered.csv
COVID-19,Unspecified,SOUTH AFRICA,2020-04-07,World Health Organization COVID-19 Dashboard,31.0,ZAFiltered.csv
COVID-19,Unspecified,SOUTH AFRICA,2020-04-08,World Health Organization COVID-19 Dashboard,63.0,ZAFiltered.csv
COVID-19,Unspecified,SOUTH AFRICA,2020-04-09,World Health Organization COVID-19 Dashboard,96.0,ZAFiltered.csv
COVID-19,Unspecified,SOUTH AFRICA,2020-04-10,World Health Organization COVID-19 Dashboard,89.0,ZAFiltered.csv
COVID-19,Unspecified,SOUTH AFRICA,2020-04-11,World Health Organization COVID-19 Dashboard,69.0,ZAFiltered.csv
COVID-19,Unspecified,SOUTH AFRICA,2020-04-12,World Health Organization COVID-19 Dashboard,25.0,ZAFiltered.csv
COVID-19,Unspecified,SOUTH AFRICA,2020-04-13,World Health Organization COVID-19 Dashboard,145.0,ZAFiltered.csv
COVID-19,Unspecified,SOUTH AFRICA,2020-04-14,World Health Organization COVID-19 Dashboard,99.0,ZAFiltered.csv
COVID-19,Unspecified,SOUTH AFRICA,2020-04-15,World Health Organization COVID-19 Dashboard,143.0,ZAFiltered.csv
COVID-19,Unspecified,SOUTH AFRICA,2020-04-16,World Health Organization COVID-19 Dashboard,91.0,ZAFiltered.csv
COVID-19,Unspecified,SOUTH AFRICA,2020-04-17,World Health Organization COVID-19 Dashboard,99.0,ZAFiltered.csv
COVID-19,Unspecified,SOUTH AFRICA,2020-04-18,World Health Organization COVID-19 Dashboard,178.0,ZAFiltered.csv
COVID-19,Unspecified,SOUTH AFRICA,2020-04-19,World Health Organization COVID-19 Dashboard,251.0,ZAFiltered.csv
COVID-19,Unspecified,SOUTH AFRICA,2020-04-20,World Health Organization COVID-19 Dashboard,124.0,ZAFiltered.csv
COVID-19,Unspecified,SOUTH AFRICA,2020-04-21,World Health Organization COVID-19 Dashboard,142.0,ZAFiltered.csv
COVID-19,Unspecified,SOUTH AFRICA,2020-04-22,World Health Organization COVID-19 Dashboard,165.0,ZAFiltered.csv
COVID-19,Unspecified,SOUTH AFRICA,2020-04-23,World Health Organization COVID-19 Dashboard,170.0,ZAFiltered.csv
COVID-19,Unspecified,SOUTH AFRICA,2020-04-24,World Health Organization COVID-19 Dashboard,318.0,ZAFiltered.csv
COVID-19,Unspecified,SOUTH AFRICA,2020-04-25,World Health Organization COVID-19 Dashboard,267.0,ZAFiltered.csv
COVID-19,Unspecified,SOUTH AFRICA,2020-04-26,World Health Organization COVID-19 Dashboard,141.0,ZAFiltered.csv
COVID-19,Unspecified,SOUTH AFRICA,2020-04-27,World Health Organization COVID-19 Dashboard,185.0,ZAFiltered.csv
COVID-19,Unspecified,SOUTH AFRICA,2020-04-28,World Health Organization COVID-19 Dashboard,247.0,ZAFiltered.csv
COVID-19,Unspecified,SOUTH AFRICA,2020-04-29,World Health Organization COVID-19 Dashboard,203.0,ZAFiltered.csv
COVID-19,Unspecified,SOUTH AFRICA,2020-04-30,World Health Organization COVID-19 Dashboard,354.0,ZAFiltered.csv
COVID-19,Unspecified,SOUTH AFRICA,2020-05-01,World Health Organization COVID-19 Dashboard,297.0,ZAFiltered.csv
COVID-19,Unspecified,SOUTH AFRICA,2020-05-02,World Health Organization COVID-19 Dashboard,304.0,ZAFiltered.csv
COVID-19,Unspecified,SOUTH AFRICA,2020-05-03,World Health Organization COVID-19 Dashboard,385.0,ZAFiltered.csv
COVID-19,Unspecified,SOUTH AFRICA,2020-05-04,World Health Organization COVID-19 Dashboard,447.0,ZAFiltered.csv
COVID-19,Unspecified,SOUTH AFRICA,2020-05-05,World Health Organization COVID-19 Dashboard,437.0,ZAFiltered.csv
COVID-19,Unspecified,SOUTH AFRICA,2020-05-06,World Health Organization COVID-19 Dashboard,352.0,ZAFiltered.csv
COVID-19,Unspecified,SOUTH AFRICA,2020-05-07,World Health Organization COVID-19 Dashboard,236.0,ZAFiltered.csv
COVID-19,Unspecified,SOUTH AFRICA,2020-05-08,World Health Organization COVID-19 Dashboard,424.0,ZAFiltered.csv
COVID-19,Unspecified,SOUTH AFRICA,2020-05-09,World Health Organization COVID-19 Dashboard,663.0,ZAFiltered.csv
COVID-19,Unspecified,SOUTH AFRICA,2020-05-10,World Health Organization COVID-19 Dashboard,525.0,ZAFiltered.csv
COVID-19,Unspecified,SOUTH AFRICA,2020-05-11,World Health Organization COVID-19 Dashboard,595.0,ZAFiltered.csv
COVID-19,Unspecified,SOUTH AFRICA,2020-05-12,World Health Organization COVID-19 Dashboard,637.0,ZAFiltered.csv
COVID-19,Unspecified,SOUTH AFRICA,2020-05-13,World Health Organization COVID-19 Dashboard,698.0,ZAFiltered.csv
COVID-19,Unspecified,SOUTH AFRICA,2020-05-14,World Health Organization COVID-19 Dashboard,724.0,ZAFiltered.csv
COVID-19,Unspecified,SOUTH AFRICA,2020-05-15,World Health Organization COVID-19 Dashboard,665.0,ZAFiltered.csv
COVID-19,Unspecified,SOUTH AFRICA,2020-05-16,World Health Organization COVID-19 Dashboard,785.0,ZAFiltered.csv
COVID-19,Unspecified,SOUTH AFRICA,2020-05-17,World Health Organization COVID-19 Dashboard,831.0,ZAFiltered.csv
COVID-19,Unspecified,SOUTH AFRICA,2020-05-18,World Health Organization COVID-19 Dashboard,1160.0,ZAFiltered.csv
COVID-19,Unspecified,SOUTH AFRICA,2020-05-19,World Health Organization COVID-19 Dashboard,918.0,ZAFiltered.csv
COVID-19,Unspecified,SOUTH AFRICA,2020-05-20,World Health Organization COVID-19 Dashboard,767.0,ZAFiltered.csv
COVID-19,Unspecified,SOUTH AFRICA,2020-05-21,World Health Organization COVID-19 Dashboard,803.0,ZAFiltered.csv
COVID-19,Unspecified,SOUTH AFRICA,2020-05-22,World Health Organization COVID-19 Dashboard,1134.0,ZAFiltered.csv
COVID-19,Unspecified,SOUTH AFRICA,2020-05-23,World Health Organization COVID-19 Dashboard,988.0,ZAFiltered.csv
COVID-19,Unspecified,SOUTH AFRICA,2020-05-24,World Health Organization COVID-19 Dashboard,1218.0,ZAFiltered.csv
COVID-19,Unspecified,SOUTH AFRICA,2020-05-25,World Health Organization COVID-19 Dashboard,1240.0,ZAFiltered.csv
COVID-19,Unspecified,SOUTH AFRICA,2020-05-26,World Health Organization COVID-19 Dashboard,1032.0,ZAFiltered.csv
COVID-19,Unspecified,SOUTH AFRICA,2020-05-27,World Health Organization COVID-19 Dashboard,649.0,ZAFiltered.csv
COVID-19,Unspecified,SOUTH AFRICA,2020-05-28,World Health Organization COVID-19 Dashboard,1673.0,ZAFiltered.csv
COVID-19,Unspecified,SOUTH AFRICA,2020-05-29,World Health Organization COVID-19 Dashboard,1466.0,ZAFiltered.csv
COVID-19,Unspecified,SOUTH AFRICA,2020-05-30,World Health Organization COVID-19 Dashboard,1837.0,ZAFiltered.csv
COVID-19,Unspecified,SOUTH AFRICA,2020-05-31,World Health Organization COVID-19 Dashboard,1727.0,ZAFiltered.csv
COVID-19,Unspecified,SOUTH AFRICA,2020-06-01,World Health Organization COVID-19 Dashboard,1716.0,ZAFiltered.csv
COVID-19,Unspecified,SOUTH AFRICA,2020-06-02,World Health Organization COVID-19 Dashboard,1674.0,ZAFiltered.csv
COVID-19,Unspecified,SOUTH AFRICA,2020-06-03,World Health Organization COVID-19 Dashboard,1455.0,ZAFiltered.csv
COVID-19,Unspecified,SOUTH AFRICA,2020-06-04,World Health Organization COVID-19 Dashboard,1713.0,ZAFiltered.csv
COVID-19,Unspecified,SOUTH AFRICA,2020-06-05,World Health Organization COVID-19 Dashboard,3267.0,ZAFiltered.csv
COVID-19,Unspecified,SOUTH AFRICA,2020-06-06,World Health Organization COVID-19 Dashboard,2642.0,ZAFiltered.csv
COVID-19,Unspecified,SOUTH AFRICA,2020-06-07,World Health Organization COVID-19 Dashboard,2539.0,ZAFiltered.csv
COVID-19,Unspecified,SOUTH AFRICA,2020-06-08,World Health Organization COVID-19 Dashboard,2312.0,ZAFiltered.csv
COVID-19,Unspecified,SOUTH AFRICA,2020-06-09,World Health Organization COVID-19 Dashboard,2594.0,ZAFiltered.csv
COVID-19,Unspecified,SOUTH AFRICA,2020-06-10,World Health Organization COVID-19 Dashboard,2112.0,ZAFiltered.csv
COVID-19,Unspecified,SOUTH AFRICA,2020-06-11,World Health Organization COVID-19 Dashboard,2430.0,ZAFiltered.csv
COVID-19,Unspecified,SOUTH AFRICA,2020-06-12,World Health Organization COVID-19 Dashboard,3147.0,ZAFiltered.csv
COVID-19,Unspecified,SOUTH AFRICA,2020-06-13,World Health Organization COVID-19 Dashboard,3359.0,ZAFiltered.csv
COVID-19,Unspecified,SOUTH AFRICA,2020-06-14,World Health Organization COVID-19 Dashboard,3809.0,ZAFiltered.csv
COVID-19,Unspecified,SOUTH AFRICA,2020-06-15,World Health Organization COVID-19 Dashboard,4302.0,ZAFiltered.csv
COVID-19,Unspecified,SOUTH AFRICA,2020-06-16,World Health Organization COVID-19 Dashboard,3495.0,ZAFiltered.csv
COVID-19,Unspecified,SOUTH AFRICA,2020-06-17,World Health Organization COVID-19 Dashboard,2801.0,ZAFiltered.csv
COVID-19,Unspecified,SOUTH AFRICA,2020-06-18,World Health Organization COVID-19 Dashboard,4078.0,ZAFiltered.csv
COVID-19,Unspecified,SOUTH AFRICA,2020-06-19,World Health Organization COVID-19 Dashboard,3478.0,ZAFiltered.csv
COVID-19,Unspecified,SOUTH AFRICA,2020-06-20,World Health Organization COVID-19 Dashboard,3825.0,ZAFiltered.csv
COVID-19,Unspecified,SOUTH AFRICA,2020-06-21,World Health Organization COVID-19 Dashboard,4966.0,ZAFiltered.csv
COVID-19,Unspecified,SOUTH AFRICA,2020-06-22,World Health Organization COVID-19 Dashboard,4621.0,ZAFiltered.csv
COVID-19,Unspecified,SOUTH AFRICA,2020-06-23,World Health Organization COVID-19 Dashboard,4288.0,ZAFiltered.csv
COVID-19,Unspecified,SOUTH AFRICA,2020-06-24,World Health Organization COVID-19 Dashboard,4518.0,ZAFiltered.csv
COVID-19,Unspecified,SOUTH AFRICA,2020-06-25,World Health Organization COVID-19 Dashboard,5688.0,ZAFiltered.csv
COVID-19,Unspecified,SOUTH AFRICA,2020-06-26,World Health Organization COVID-19 Dashboard,6579.0,ZAFiltered.csv
COVID-19,Unspecified,SOUTH AFRICA,2020-06-27,World Health Organization COVID-19 Dashboard,6215.0,ZAFiltered.csv
COVID-19,Unspecified,SOUTH AFRICA,2020-06-28,World Health Organization COVID-19 Dashboard,7210.0,ZAFiltered.csv
COVID-19,Unspecified,SOUTH AFRICA,2020-06-29,World Health Organization COVID-19 Dashboard,6334.0,ZAFiltered.csv
COVID-19,Unspecified,SOUTH AFRICA,2020-06-30,World Health Organization COVID-19 Dashboard,6130.0,ZAFiltered.csv
COVID-19,Unspecified,SOUTH AFRICA,2020-07-01,World Health Organization COVID-19 Dashboard,6945.0,ZAFiltered.csv
COVID-19,Unspecified,SOUTH AFRICA,2020-07-02,World Health Organization COVID-19 Dashboard,8124.0,ZAFiltered.csv
COVID-19,Unspecified,SOUTH AFRICA,2020-07-03,World Health Organization COVID-19 Dashboard,8728.0,ZAFiltered.csv
COVID-19,Unspecified,SOUTH AFRICA,2020-07-04,World Health Organization COVID-19 Dashboard,9063.0,ZAFiltered.csv
COVID-19,Unspecified,SOUTH AFRICA,2020-07-05,World Health Organization COVID-19 Dashboard,10853.0,ZAFiltered.csv
COVID-19,Unspecified,SOUTH AFRICA,2020-07-06,World Health Organization COVID-19 Dashboard,8773.0,ZAFiltered.csv
COVID-19,Unspecified,SOUTH AFRICA,2020-07-07,World Health Organization COVID-19 Dashboard,8971.0,ZAFiltered.csv
COVID-19,Unspecified,SOUTH AFRICA,2020-07-08,World Health Organization COVID-19 Dashboard,10134.0,ZAFiltered.csv
COVID-19,Unspecified,SOUTH AFRICA,2020-07-09,World Health Organization COVID-19 Dashboard,8810.0,ZAFiltered.csv
COVID-19,Unspecified,SOUTH AFRICA,2020-07-10,World Health Organization COVID-19 Dashboard,13673.0,ZAFiltered.csv
COVID-19,Unspecified,SOUTH AFRICA,2020-07-11,World Health Organization COVID-19 Dashboard,12349.0,ZAFiltered.csv
COVID-19,Unspecified,SOUTH AFRICA,2020-07-12,World Health Organization COVID-19 Dashboard,13497.0,ZAFiltered.csv
COVID-19,Unspecified,SOUTH AFRICA,2020-07-13,World Health Organization COVID-19 Dashboard,12058.0,ZAFiltered.csv
COVID-19,Unspecified,SOUTH AFRICA,2020-07-14,World Health Organization COVID-19 Dashboard,11554.0,ZAFiltered.csv
COVID-19,Unspecified,SOUTH AFRICA,2020-07-15,World Health Organization COVID-19 Dashboard,10496.0,ZAFiltered.csv
COVID-19,Unspecified,SOUTH AFRICA,2020-07-16,World Health Organization COVID-19 Dashboard,12757.0,ZAFiltered.csv
COVID-19,Unspecified,SOUTH AFRICA,2020-07-17,World Health Organization COVID-19 Dashboard,13172.0,ZAFiltered.csv
COVID-19,Unspecified,SOUTH AFRICA,2020-07-18,World Health Organization COVID-19 Dashboard,13373.0,ZAFiltered.csv
COVID-19,Unspecified,SOUTH AFRICA,2020-07-19,World Health Organization COVID-19 Dashboard,13285.0,ZAFiltered.csv
COVID-19,Unspecified,SOUTH AFRICA,2020-07-20,World Health Organization COVID-19 Dashboard,13449.0,ZAFiltered.csv
COVID-19,Unspecified,SOUTH AFRICA,2020-07-21,World Health Organization COVID-19 Dashboard,9300.0,ZAFiltered.csv
COVID-19,Unspecified,SOUTH AFRICA,2020-07-22,World Health Organization COVID-19 Dashboard,8170.0,ZAFiltered.csv
COVID-19,Unspecified,SOUTH AFRICA,2020-07-23,World Health Organization COVID-19 Dashboard,13150.0,ZAFiltered.csv
COVID-19,Unspecified,SOUTH AFRICA,2020-07-24,World Health Organization COVID-19 Dashboard,13104.0,ZAFiltered.csv
COVID-19,Unspecified,SOUTH AFRICA,2020-07-25,World Health Organization COVID-19 Dashboard,13944.0,ZAFiltered.csv
COVID-19,Unspecified,SOUTH AFRICA,2020-07-26,World Health Organization COVID-19 Dashboard,12204.0,ZAFiltered.csv
COVID-19,Unspecified,SOUTH AFRICA,2020-07-27,World Health Organization COVID-19 Dashboard,11233.0,ZAFiltered.csv
COVID-19,Unspecified,SOUTH AFRICA,2020-07-28,World Health Organization COVID-19 Dashboard,7096.0,ZAFiltered.csv
COVID-19,Unspecified,SOUTH AFRICA,2020-07-29,World Health Organization COVID-19 Dashboard,7232.0,ZAFiltered.csv
COVID-19,Unspecified,SOUTH AFRICA,2020-07-30,World Health Organization COVID-19 Dashboard,11362.0,ZAFiltered.csv
COVID-19,Unspecified,SOUTH AFRICA,2020-07-31,World Health Organization COVID-19 Dashboard,11046.0,ZAFiltered.csv
COVID-19,Unspecified,SOUTH AFRICA,2020-08-01,World Health Organization COVID-19 Dashboard,11014.0,ZAFiltered.csv
COVID-19,Unspecified,SOUTH AFRICA,2020-08-02,World Health Organization COVID-19 Dashboard,10107.0,ZAFiltered.csv
COVID-19,Unspecified,SOUTH AFRICA,2020-08-03,World Health Organization COVID-19 Dashboard,8195.0,ZAFiltered.csv
COVID-19,Unspecified,SOUTH AFRICA,2020-08-04,World Health Organization COVID-19 Dashboard,5377.0,ZAFiltered.csv
COVID-19,Unspecified,SOUTH AFRICA,2020-08-05,World Health Organization COVID-19 Dashboard,4456.0,ZAFiltered.csv
COVID-19,Unspecified,SOUTH AFRICA,2020-08-06,World Health Organization COVID-19 Dashboard,8559.0,ZAFiltered.csv
COVID-19,Unspecified,SOUTH AFRICA,2020-08-07,World Health Organization COVID-19 Dashboard,8307.0,ZAFiltered.csv
COVID-19,Unspecified,SOUTH AFRICA,2020-08-08,World Health Organization COVID-19 Dashboard,7292.0,ZAFiltered.csv
COVID-19,Unspecified,SOUTH AFRICA,2020-08-09,World Health Organization COVID-19 Dashboard,7712.0,ZAFiltered.csv
COVID-19,Unspecified,SOUTH AFRICA,2020-08-10,World Health Organization COVID-19 Dashboard,6671.0,ZAFiltered.csv
COVID-19,Unspecified,SOUTH AFRICA,2020-08-11,World Health Organization COVID-19 Dashboard,3739.0,ZAFiltered.csv
COVID-19,Unspecified,SOUTH AFRICA,2020-08-12,World Health Organization COVID-19 Dashboard,2511.0,ZAFiltered.csv
COVID-19,Unspecified,SOUTH AFRICA,2020-08-13,World Health Organization COVID-19 Dashboard,2810.0,ZAFiltered.csv
COVID-19,Unspecified,SOUTH AFRICA,2020-08-14,World Health Organization COVID-19 Dashboard,3946.0,ZAFiltered.csv
COVID-19,Unspecified,SOUTH AFRICA,2020-08-15,World Health Organization COVID-19 Dashboard,6275.0,ZAFiltered.csv
COVID-19,Unspecified,SOUTH AFRICA,2020-08-16,World Health Organization COVID-19 Dashboard,4513.0,ZAFiltered.csv
COVID-19,Unspecified,SOUTH AFRICA,2020-08-17,World Health Organization COVID-19 Dashboard,3692.0,ZAFiltered.csv
COVID-19,Unspecified,SOUTH AFRICA,2020-08-18,World Health Organization COVID-19 Dashboard,2541.0,ZAFiltered.csv
COVID-19,Unspecified,SOUTH AFRICA,2020-08-19,World Health Organization COVID-19 Dashboard,2258.0,ZAFiltered.csv
COVID-19,Unspecified,SOUTH AFRICA,2020-08-20,World Health Organization COVID-19 Dashboard,3916.0,ZAFiltered.csv
COVID-19,Unspecified,SOUTH AFRICA,2020-08-21,World Health Organization COVID-19 Dashboard,3880.0,ZAFiltered.csv
COVID-19,Unspecified,SOUTH AFRICA,2020-08-22,World Health Organization COVID-19 Dashboard,3398.0,ZAFiltered.csv
COVID-19,Unspecified,SOUTH AFRICA,2020-08-23,World Health Organization COVID-19 Dashboard,3707.0,ZAFiltered.csv
COVID-19,Unspecified,SOUTH AFRICA,2020-08-24,World Health Organization COVID-19 Dashboard,2728.0,ZAFiltered.csv
COVID-19,Unspecified,SOUTH AFRICA,2020-08-25,World Health Organization COVID-19 Dashboard,1677.0,ZAFiltered.csv
COVID-19,Unspecified,SOUTH AFRICA,2020-08-26,World Health Organization COVID-19 Dashboard,1567.0,ZAFiltered.csv
COVID-19,Unspecified,SOUTH AFRICA,2020-08-27,World Health Organization COVID-19 Dashboard,2684.0,ZAFiltered.csv
COVID-19,Unspecified,SOUTH AFRICA,2020-08-28,World Health Organization COVID-19 Dashboard,2585.0,ZAFiltered.csv
COVID-19,Unspecified,SOUTH AFRICA,2020-08-29,World Health Organization COVID-19 Dashboard,1846.0,ZAFiltered.csv
COVID-19,Unspecified,SOUTH AFRICA,2020-08-30,World Health Organization COVID-19 Dashboard,2419.0,ZAFiltered.csv
COVID-19,Unspecified,SOUTH AFRICA,2020-08-31,World Health Organization COVID-19 Dashboard,2505.0,ZAFiltered.csv
COVID-19,Unspecified,SOUTH AFRICA,2020-09-01,World Health Organization COVID-19 Dashboard,1985.0,ZAFiltered.csv
COVID-19,Unspecified,SOUTH AFRICA,2020-09-02,World Health Organization COVID-19 Dashboard,1218.0,ZAFiltered.csv
COVID-19,Unspecified,SOUTH AFRICA,2020-09-03,World Health Organization COVID-19 Dashboard,2336.0,ZAFiltered.csv
COVID-19,Unspecified,SOUTH AFRICA,2020-09-04,World Health Organization COVID-19 Dashboard,2420.0,ZAFiltered.csv
COVID-19,Unspecified,SOUTH AFRICA,2020-09-05,World Health Organization COVID-19 Dashboard,2063.0,ZAFiltered.csv
COVID-19,Unspecified,SOUTH AFRICA,2020-09-06,World Health Organization COVID-19 Dashboard,1806.0,ZAFiltered.csv
COVID-19,Unspecified,SOUTH AFRICA,2020-09-07,World Health Organization COVID-19 Dashboard,1633.0,ZAFiltered.csv
COVID-19,Unspecified,SOUTH AFRICA,2020-09-08,World Health Organization COVID-19 Dashboard,845.0,ZAFiltered.csv
COVID-19,Unspecified,SOUTH AFRICA,2020-09-09,World Health Organization COVID-19 Dashboard,1079.0,ZAFiltered.csv
COVID-19,Unspecified,SOUTH AFRICA,2020-09-10,World Health Organization COVID-19 Dashboard,1990.0,ZAFiltered.csv
COVID-19,Unspecified,SOUTH AFRICA,2020-09-11,World Health Organization COVID-19 Dashboard,2007.0,ZAFiltered.csv
COVID-19,Unspecified,SOUTH AFRICA,2020-09-12,World Health Organization COVID-19 Dashboard,1960.0,ZAFiltered.csv
COVID-19,Unspecified,SOUTH AFRICA,2020-09-13,World Health Organization COVID-19 Dashboard,1816.0,ZAFiltered.csv
COVID-19,Unspecified,SOUTH AFRICA,2020-09-14,World Health Organization COVID-19 Dashboard,1579.0,ZAFiltered.csv
COVID-19,Unspecified,SOUTH AFRICA,2020-09-15,World Health Organization COVID-19 Dashboard,956.0,ZAFiltered.csv
COVID-19,Unspecified,SOUTH AFRICA,2020-09-16,World Health Organization COVID-19 Dashboard,772.0,ZAFiltered.csv
COVID-19,Unspecified,SOUTH AFRICA,2020-09-17,World Health Organization COVID-19 Dashboard,1923.0,ZAFiltered.csv
COVID-19,Unspecified,SOUTH AFRICA,2020-09-18,World Health Organization COVID-19 Dashboard,2128.0,ZAFiltered.csv
COVID-19,Unspecified,SOUTH AFRICA,2020-09-19,World Health Organization COVID-19 Dashboard,2055.0,ZAFiltered.csv
COVID-19,Unspecified,SOUTH AFRICA,2020-09-20,World Health Organization COVID-19 Dashboard,2029.0,ZAFiltered.csv
COVID-19,Unspecified,SOUTH AFRICA,2020-09-21,World Health Organization COVID-19 Dashboard,1555.0,ZAFiltered.csv
COVID-19,Unspecified,SOUTH AFRICA,2020-09-22,World Health Organization COVID-19 Dashboard,725.0,ZAFiltered.csv
COVID-19,Unspecified,SOUTH AFRICA,2020-09-23,World Health Organization COVID-19 Dashboard,1346.0,ZAFiltered.csv
COVID-19,Unspecified,SOUTH AFRICA,2020-09-24,World Health Organization COVID-19 Dashboard,1906.0,ZAFiltered.csv
COVID-19,Unspecified,SOUTH AFRICA,2020-09-25,World Health Organization COVID-19 Dashboard,1861.0,ZAFiltered.csv
COVID-19,Unspecified,SOUTH AFRICA,2020-09-26,World Health Organization COVID-19 Dashboard,1480.0,ZAFiltered.csv
COVID-19,Unspecified,SOUTH AFRICA,2020-09-27,World Health Organization COVID-19 Dashboard,969.0,ZAFiltered.csv
COVID-19,Unspecified,SOUTH AFRICA,2020-09-28,World Health Organization COVID-19 Dashboard,1268.0,ZAFiltered.csv
COVID-19,Unspecified,SOUTH AFRICA,2020-09-29,World Health Organization COVID-19 Dashboard,903.0,ZAFiltered.csv
COVID-19,Unspecified,SOUTH AFRICA,2020-09-30,World Health Organization COVID-19 Dashboard,903.0,ZAFiltered.csv
COVID-19,Unspecified,SOUTH AFRICA,2020-10-01,World Health Organization COVID-19 Dashboard,1767.0,ZAFiltered.csv
COVID-19,Unspecified,SOUTH AFRICA,2020-10-02,World Health Organization COVID-19 Dashboard,1745.0,ZAFiltered.csv
COVID-19,Unspecified,SOUTH AFRICA,2020-10-03,World Health Organization COVID-19 Dashboard,1749.0,ZAFiltered.csv
COVID-19,Unspecified,SOUTH AFRICA,2020-10-04,World Health Organization COVID-19 Dashboard,1883.0,ZAFiltered.csv
COVID-19,Unspecified,SOUTH AFRICA,2020-10-05,World Health Organization COVID-19 Dashboard,1573.0,ZAFiltered.csv
COVID-19,Unspecified,SOUTH AFRICA,2020-10-06,World Health Organization COVID-19 Dashboard,926.0,ZAFiltered.csv
COVID-19,Unspecified,SOUTH AFRICA,2020-10-07,World Health Organization COVID-19 Dashboard,1027.0,ZAFiltered.csv
COVID-19,Unspecified,SOUTH AFRICA,2020-10-08,World Health Organization COVID-19 Dashboard,1913.0,ZAFiltered.csv
COVID-19,Unspecified,SOUTH AFRICA,2020-10-09,World Health Organization COVID-19 Dashboard,1736.0,ZAFiltered.csv
COVID-19,Unspecified,SOUTH AFRICA,2020-10-10,World Health Organization COVID-19 Dashboard,1641.0,ZAFiltered.csv
COVID-19,Unspecified,SOUTH AFRICA,2020-10-11,World Health Organization COVID-19 Dashboard,2364.0,ZAFiltered.csv
COVID-19,Unspecified,SOUTH AFRICA,2020-10-12,World Health Organization COVID-19 Dashboard,1575.0,ZAFiltered.csv
COVID-19,Unspecified,SOUTH AFRICA,2020-10-13,World Health Organization COVID-19 Dashboard,888.0,ZAFiltered.csv
COVID-19,Unspecified,SOUTH AFRICA,2020-10-14,World Health Organization COVID-19 Dashboard,1178.0,ZAFiltered.csv
COVID-19,Unspecified,SOUTH AFRICA,2020-10-15,World Health Organization COVID-19 Dashboard,1877.0,ZAFiltered.csv
COVID-19,Unspecified,SOUTH AFRICA,2020-10-16,World Health Organization COVID-19 Dashboard,1770.0,ZAFiltered.csv
COVID-19,Unspecified,SOUTH AFRICA,2020-10-17,World Health Organization COVID-19 Dashboard,2019.0,ZAFiltered.csv
COVID-19,Unspecified,SOUTH AFRICA,2020-10-18,World Health Organization COVID-19 Dashboard,1928.0,ZAFiltered.csv
COVID-19,Unspecified,SOUTH AFRICA,2020-10-19,World Health Organization COVID-19 Dashboard,1662.0,ZAFiltered.csv
COVID-19,Unspecified,SOUTH AFRICA,2020-10-20,World Health Organization COVID-19 Dashboard,1461.0,ZAFiltered.csv
COVID-19,Unspecified,SOUTH AFRICA,2020-10-21,World Health Organization COVID-19 Dashboard,1050.0,ZAFiltered.csv
COVID-19,Unspecified,SOUTH AFRICA,2020-10-22,World Health Organization COVID-19 Dashboard,2055.0,ZAFiltered.csv
COVID-19,Unspecified,SOUTH AFRICA,2020-10-23,World Health Organization COVID-19 Dashboard,2156.0,ZAFiltered.csv
COVID-19,Unspecified,SOUTH AFRICA,2020-10-24,World Health Organization COVID-19 Dashboard,1897.0,ZAFiltered.csv
COVID-19,Unspecified,SOUTH AFRICA,2020-10-25,World Health Organization COVID-19 Dashboard,1834.0,ZAFiltered.csv
COVID-19,Unspecified,SOUTH AFRICA,2020-10-26,World Health Organization COVID-19 Dashboard,1622.0,ZAFiltered.csv
COVID-19,Unspecified,SOUTH AFRICA,2020-10-27,World Health Organization COVID-19 Dashboard,891.0,ZAFiltered.csv
COVID-19,Unspecified,SOUTH AFRICA,2020-10-28,World Health Organization COVID-19 Dashboard,1092.0,ZAFiltered.csv
COVID-19,Unspecified,SOUTH AFRICA,2020-10-29,World Health Organization COVID-19 Dashboard,1863.0,ZAFiltered.csv
COVID-19,Unspecified,SOUTH AFRICA,2020-10-30,World Health Organization COVID-19 Dashboard,2056.0,ZAFiltered.csv
COVID-19,Unspecified,SOUTH AFRICA,2020-10-31,World Health Organization COVID-19 Dashboard,1912.0,ZAFiltered.csv
COVID-19,Unspecified,SOUTH AFRICA,2020-11-01,World Health Organization COVID-19 Dashboard,1770.0,ZAFiltered.csv
COVID-19,Unspecified,SOUTH AFRICA,2020-11-02,World Health Organization COVID-19 Dashboard,1371.0,ZAFiltered.csv
COVID-19,Unspecified,SOUTH AFRICA,2020-11-03,World Health Organization COVID-19 Dashboard,772.0,ZAFiltered.csv
COVID-19,Unspecified,SOUTH AFRICA,2020-11-04,World Health Organization COVID-19 Dashboard,1241.0,ZAFiltered.csv
COVID-19,Unspecified,SOUTH AFRICA,2020-11-05,World Health Organization COVID-19 Dashboard,1712.0,ZAFiltered.csv
COVID-19,Unspecified,SOUTH AFRICA,2020-11-06,World Health Organization COVID-19 Dashboard,1866.0,ZAFiltered.csv
COVID-19,Unspecified,SOUTH AFRICA,2020-11-07,World Health Organization COVID-19 Dashboard,1761.0,ZAFiltered.csv
COVID-19,Unspecified,SOUTH AFRICA,2020-11-08,World Health Organization COVID-19 Dashboard,1731.0,ZAFiltered.csv
COVID-19,Unspecified,SOUTH AFRICA,2020-11-09,World Health Organization COVID-19 Dashboard,1372.0,ZAFiltered.csv
COVID-19,Unspecified,SOUTH AFRICA,2020-11-10,World Health Organization COVID-19 Dashboard,1247.0,ZAFiltered.csv
COVID-19,Unspecified,SOUTH AFRICA,2020-11-11,World Health Organization COVID-19 Dashboard,1729.0,ZAFiltered.csv
COVID-19,Unspecified,SOUTH AFRICA,2020-11-12,World Health Organization COVID-19 Dashboard,2140.0,ZAFiltered.csv
COVID-19,Unspecified,SOUTH AFRICA,2020-11-13,World Health Organization COVID-19 Dashboard,2338.0,ZAFiltered.csv
COVID-19,Unspecified,SOUTH AFRICA,2020-11-14,World Health Organization COVID-19 Dashboard,2213.0,ZAFiltered.csv
COVID-19,Unspecified,SOUTH AFRICA,2020-11-15,World Health Organization COVID-19 Dashboard,2237.0,ZAFiltered.csv
COVID-19,Unspecified,SOUTH AFRICA,2020-11-16,World Health Organization COVID-19 Dashboard,1842.0,ZAFiltered.csv
COVID-19,Unspecified,SOUTH AFRICA,2020-11-17,World Health Organization COVID-19 Dashboard,1245.0,ZAFiltered.csv
COVID-19,Unspecified,SOUTH AFRICA,2020-11-18,World Health Organization COVID-19 Dashboard,1987.0,ZAFiltered.csv
COVID-19,Unspecified,SOUTH AFRICA,2020-11-19,World Health Organization COVID-19 Dashboard,2888.0,ZAFiltered.csv
COVID-19,Unspecified,SOUTH AFRICA,2020-11-20,World Health Organization COVID-19 Dashboard,2514.0,ZAFiltered.csv
COVID-19,Unspecified,SOUTH AFRICA,2020-11-21,World Health Organization COVID-19 Dashboard,3105.0,ZAFiltered.csv
COVID-19,Unspecified,SOUTH AFRICA,2020-11-22,World Health Organization COVID-19 Dashboard,2646.0,ZAFiltered.csv
COVID-19,Unspecified,SOUTH AFRICA,2020-11-23,World Health Organization COVID-19 Dashboard,2270.0,ZAFiltered.csv
COVID-19,Unspecified,SOUTH AFRICA,2020-11-24,World Health Organization COVID-19 Dashboard,2080.0,ZAFiltered.csv
COVID-19,Unspecified,SOUTH AFRICA,2020-11-25,World Health Organization COVID-19 Dashboard,2493.0,ZAFiltered.csv
COVID-19,Unspecified,SOUTH AFRICA,2020-11-26,World Health Organization COVID-19 Dashboard,3250.0,ZAFiltered.csv
COVID-19,Unspecified,SOUTH AFRICA,2020-11-27,World Health Organization COVID-19 Dashboard,3069.0,ZAFiltered.csv
COVID-19,Unspecified,SOUTH AFRICA,2020-11-28,World Health Organization COVID-19 Dashboard,3370.0,ZAFiltered.csv
COVID-19,Unspecified,SOUTH AFRICA,2020-11-29,World Health Organization COVID-19 Dashboard,3198.0,ZAFiltered.csv
COVID-19,Unspecified,SOUTH AFRICA,2020-11-30,World Health Organization COVID-19 Dashboard,2563.0,ZAFiltered.csv
COVID-19,Unspecified,SOUTH AFRICA,2020-12-01,World Health Organization COVID-19 Dashboard,2302.0,ZAFiltered.csv
COVID-19,Unspecified,SOUTH AFRICA,2020-12-02,World Health Organization COVID-19 Dashboard,2295.0,ZAFiltered.csv
COVID-19,Unspecified,SOUTH AFRICA,2020-12-03,World Health Organization COVID-19 Dashboard,4173.0,ZAFiltered.csv
COVID-19,Unspecified,SOUTH AFRICA,2020-12-04,World Health Organization COVID-19 Dashboard,4400.0,ZAFiltered.csv
COVID-19,Unspecified,SOUTH AFRICA,2020-12-05,World Health Organization COVID-19 Dashboard,4932.0,ZAFiltered.csv
COVID-19,Unspecified,SOUTH AFRICA,2020-12-06,World Health Organization COVID-19 Dashboard,4645.0,ZAFiltered.csv
COVID-19,Unspecified,SOUTH AFRICA,2020-12-07,World Health Organization COVID-19 Dashboard,4116.0,ZAFiltered.csv
COVID-19,Unspecified,SOUTH AFRICA,2020-12-08,World Health Organization COVID-19 Dashboard,3313.0,ZAFiltered.csv
COVID-19,Unspecified,SOUTH AFRICA,2020-12-09,World Health Organization COVID-19 Dashboard,4011.0,ZAFiltered.csv
COVID-19,Unspecified,SOUTH AFRICA,2020-12-10,World Health Organization COVID-19 Dashboard,6709.0,ZAFiltered.csv
COVID-19,Unspecified,SOUTH AFRICA,2020-12-11,World Health Organization COVID-19 Dashboard,8166.0,ZAFiltered.csv
COVID-19,Unspecified,SOUTH AFRICA,2020-12-12,World Health Organization COVID-19 Dashboard,8319.0,ZAFiltered.csv
COVID-19,Unspecified,SOUTH AFRICA,2020-12-13,World Health Organization COVID-19 Dashboard,7882.0,ZAFiltered.csv
COVID-19,Unspecified,SOUTH AFRICA,2020-12-14,World Health Organization COVID-19 Dashboard,7999.0,ZAFiltered.csv
COVID-19,Unspecified,SOUTH AFRICA,2020-12-15,World Health Organization COVID-19 Dashboard,5163.0,ZAFiltered.csv
COVID-19,Unspecified,SOUTH AFRICA,2020-12-16,World Health Organization COVID-19 Dashboard,7552.0,ZAFiltered.csv
COVID-19,Unspecified,SOUTH AFRICA,2020-12-17,World Health Organization COVID-19 Dashboard,10008.0,ZAFiltered.csv
COVID-19,Unspecified,SOUTH AFRICA,2020-12-18,World Health Organization COVID-19 Dashboard,9126.0,ZAFiltered.csv
COVID-19,Unspecified,SOUTH AFRICA,2020-12-19,World Health Organization COVID-19 Dashboard,8725.0,ZAFiltered.csv
COVID-19,Unspecified,SOUTH AFRICA,2020-12-20,World Health Organization COVID-19 Dashboard,10939.0,ZAFiltered.csv
COVID-19,Unspecified,SOUTH AFRICA,2020-12-21,World Health Organization COVID-19 Dashboard,9445.0,ZAFiltered.csv
COVID-19,Unspecified,SOUTH AFRICA,2020-12-22,World Health Organization COVID-19 Dashboard,8789.0,ZAFiltered.csv
COVID-19,Unspecified,SOUTH AFRICA,2020-12-23,World Health Organization COVID-19 Dashboard,9501.0,ZAFiltered.csv
COVID-19,Unspecified,SOUTH AFRICA,2020-12-24,World Health Organization COVID-19 Dashboard,14046.0,ZAFiltered.csv
COVID-19,Unspecified,SOUTH AFRICA,2020-12-25,World Health Organization COVID-19 Dashboard,14305.0,ZAFiltered.csv
COVID-19,Unspecified,SOUTH AFRICA,2020-12-26,World Health Organization COVID-19 Dashboard,14796.0,ZAFiltered.csv
COVID-19,Unspecified,SOUTH AFRICA,2020-12-27,World Health Organization COVID-19 Dashboard,11552.0,ZAFiltered.csv
COVID-19,Unspecified,SOUTH AFRICA,2020-12-28,World Health Organization COVID-19 Dashboard,9502.0,ZAFiltered.csv
COVID-19,Unspecified,SOUTH AFRICA,2020-12-29,World Health Organization COVID-19 Dashboard,7458.0,ZAFiltered.csv
COVID-19,Unspecified,SOUTH AFRICA,2020-12-30,World Health Organization COVID-19 Dashboard,9580.0,ZAFiltered.csv
COVID-19,Unspecified,SOUTH AFRICA,2020-12-31,World Health Organization COVID-19 Dashboard,17710.0,ZAFiltered.csv
COVID-19,Unspecified,SOUTH AFRICA,2021-01-01,World Health Organization COVID-19 Dashboard,18400.0,ZAFiltered.csv
COVID-19,Unspecified,SOUTH AFRICA,2021-01-02,World Health Organization COVID-19 Dashboard,16326.0,ZAFiltered.csv
COVID-19,Unspecified,SOUTH AFRICA,2021-01-03,World Health Organization COVID-19 Dashboard,15002.0,ZAFiltered.csv
COVID-19,Unspecified,SOUTH AFRICA,2021-01-04,World Health Organization COVID-19 Dashboard,11859.0,ZAFiltered.csv
COVID-19,Unspecified,SOUTH AFRICA,2021-01-05,World Health Organization COVID-19 Dashboard,12601.0,ZAFiltered.csv
COVID-19,Unspecified,SOUTH AFRICA,2021-01-06,World Health Organization COVID-19 Dashboard,14410.0,ZAFiltered.csv
COVID-19,Unspecified,SOUTH AFRICA,2021-01-07,World Health Organization COVID-19 Dashboard,21832.0,ZAFiltered.csv
COVID-19,Unspecified,SOUTH AFRICA,2021-01-08,World Health Organization COVID-19 Dashboard,20999.0,ZAFiltered.csv
COVID-19,Unspecified,SOUTH AFRICA,2021-01-09,World Health Organization COVID-19 Dashboard,21980.0,ZAFiltered.csv
COVID-19,Unspecified,SOUTH AFRICA,2021-01-10,World Health Organization COVID-19 Dashboard,21606.0,ZAFiltered.csv
COVID-19,Unspecified,SOUTH AFRICA,2021-01-11,World Health Organization COVID-19 Dashboard,17421.0,ZAFiltered.csv
COVID-19,Unspecified,SOUTH AFRICA,2021-01-12,World Health Organization COVID-19 Dashboard,15046.0,ZAFiltered.csv
COVID-19,Unspecified,SOUTH AFRICA,2021-01-13,World Health Organization COVID-19 Dashboard,13105.0,ZAFiltered.csv
COVID-19,Unspecified,SOUTH AFRICA,2021-01-14,World Health Organization COVID-19 Dashboard,18555.0,ZAFiltered.csv
COVID-19,Unspecified,SOUTH AFRICA,2021-01-15,World Health Organization COVID-19 Dashboard,18503.0,ZAFiltered.csv
COVID-19,Unspecified,SOUTH AFRICA,2021-01-16,World Health Organization COVID-19 Dashboard,14880.0,ZAFiltered.csv
COVID-19,Unspecified,SOUTH AFRICA,2021-01-17,World Health Organization COVID-19 Dashboard,13973.0,ZAFiltered.csv
COVID-19,Unspecified,SOUTH AFRICA,2021-01-18,World Health Organization COVID-19 Dashboard,12267.0,ZAFiltered.csv
COVID-19,Unspecified,SOUTH AFRICA,2021-01-19,World Health Organization COVID-19 Dashboard,9010.0,ZAFiltered.csv
COVID-19,Unspecified,SOUTH AFRICA,2021-01-20,World Health Organization COVID-19 Dashboard,9780.0,ZAFiltered.csv
COVID-19,Unspecified,SOUTH AFRICA,2021-01-21,World Health Organization COVID-19 Dashboard,12710.0,ZAFiltered.csv
COVID-19,Unspecified,SOUTH AFRICA,2021-01-22,World Health Organization COVID-19 Dashboard,11381.0,ZAFiltered.csv
COVID-19,Unspecified,SOUTH AFRICA,2021-01-23,World Health Organization COVID-19 Dashboard,11761.0,ZAFiltered.csv
COVID-19,Unspecified,SOUTH AFRICA,2021-01-24,World Health Organization COVID-19 Dashboard,12271.0,ZAFiltered.csv
COVID-19,Unspecified,SOUTH AFRICA,2021-01-25,World Health Organization COVID-19 Dashboard,8147.0,ZAFiltered.csv
COVID-19,Unspecified,SOUTH AFRICA,2021-01-26,World Health Organization COVID-19 Dashboard,4551.0,ZAFiltered.csv
COVID-19,Unspecified,SOUTH AFRICA,2021-01-27,World Health Organization COVID-19 Dashboard,6041.0,ZAFiltered.csv
COVID-19,Unspecified,SOUTH AFRICA,2021-01-28,World Health Organization COVID-19 Dashboard,7070.0,ZAFiltered.csv
COVID-19,Unspecified,SOUTH AFRICA,2021-01-29,World Health Organization COVID-19 Dashboard,7150.0,ZAFiltered.csv
COVID-19,Unspecified,SOUTH AFRICA,2021-01-30,World Health Organization COVID-19 Dashboard,6141.0,ZAFiltered.csv
COVID-19,Unspecified,SOUTH AFRICA,2021-01-31,World Health Organization COVID-19 Dashboard,5297.0,ZAFiltered.csv
COVID-19,Unspecified,SOUTH AFRICA,2021-02-01,World Health Organization COVID-19 Dashboard,4525.0,ZAFiltered.csv
COVID-19,Unspecified,SOUTH AFRICA,2021-02-02,World Health Organization COVID-19 Dashboard,2548.0,ZAFiltered.csv
COVID-19,Unspecified,SOUTH AFRICA,2021-02-03,World Health Organization COVID-19 Dashboard,2649.0,ZAFiltered.csv
COVID-19,Unspecified,SOUTH AFRICA,2021-02-04,World Health Organization COVID-19 Dashboard,4058.0,ZAFiltered.csv
COVID-19,Unspecified,SOUTH AFRICA,2021-02-05,World Health Organization COVID-19 Dashboard,3751.0,ZAFiltered.csv
COVID-19,Unspecified,SOUTH AFRICA,2021-02-06,World Health Organization COVID-19 Dashboard,3749.0,ZAFiltered.csv
COVID-19,Unspecified,SOUTH AFRICA,2021-02-07,World Health Organization COVID-19 Dashboard,3184.0,ZAFiltered.csv
COVID-19,Unspecified,SOUTH AFRICA,2021-02-08,World Health Organization COVID-19 Dashboard,2435.0,ZAFiltered.csv
COVID-19,Unspecified,SOUTH AFRICA,2021-02-09,World Health Organization COVID-19 Dashboard,1376.0,ZAFiltered.csv
COVID-19,Unspecified,SOUTH AFRICA,2021-02-10,World Health Organization COVID-19 Dashboard,1742.0,ZAFiltered.csv
COVID-19,Unspecified,SOUTH AFRICA,2021-02-11,World Health Organization COVID-19 Dashboard,3159.0,ZAFiltered.csv
COVID-19,Unspecified,SOUTH AFRICA,2021-02-12,World Health Organization COVID-19 Dashboard,2488.0,ZAFiltered.csv
COVID-19,Unspecified,SOUTH AFRICA,2021-02-13,World Health Organization COVID-19 Dashboard,2781.0,ZAFiltered.csv
COVID-19,Unspecified,SOUTH AFRICA,2021-02-14,World Health Organization COVID-19 Dashboard,2382.0,ZAFiltered.csv
COVID-19,Unspecified,SOUTH AFRICA,2021-02-15,World Health Organization COVID-19 Dashboard,1744.0,ZAFiltered.csv
COVID-19,Unspecified,SOUTH AFRICA,2021-02-16,World Health Organization COVID-19 Dashboard,1102.0,ZAFiltered.csv
COVID-19,Unspecified,SOUTH AFRICA,2021-02-17,World Health Organization COVID-19 Dashboard,1210.0,ZAFiltered.csv
COVID-19,Unspecified,SOUTH AFRICA,2021-02-18,World Health Organization COVID-19 Dashboard,2320.0,ZAFiltered.csv
COVID-19,Unspecified,SOUTH AFRICA,2021-02-19,World Health Organization COVID-19 Dashboard,2327.0,ZAFiltered.csv
COVID-19,Unspecified,SOUTH AFRICA,2021-02-20,World Health Organization COVID-19 Dashboard,1911.0,ZAFiltered.csv
COVID-19,Unspecified,SOUTH AFRICA,2021-02-21,World Health Organization COVID-19 Dashboard,1690.0,ZAFiltered.csv
COVID-19,Unspecified,SOUTH AFRICA,2021-02-22,World Health Organization COVID-19 Dashboard,1429.0,ZAFiltered.csv
COVID-19,Unspecified,SOUTH AFRICA,2021-02-23,World Health Organization COVID-19 Dashboard,792.0,ZAFiltered.csv
COVID-19,Unspecified,SOUTH AFRICA,2021-02-24,World Health Organization COVID-19 Dashboard,998.0,ZAFiltered.csv
COVID-19,Unspecified,SOUTH AFRICA,2021-02-25,World Health Organization COVID-19 Dashboard,1862.0,ZAFiltered.csv
COVID-19,Unspecified,SOUTH AFRICA,2021-02-26,World Health Organization COVID-19 Dashboard,1676.0,ZAFiltered.csv
COVID-19,Unspecified,SOUTH AFRICA,2021-02-27,World Health Organization COVID-19 Dashboard,1654.0,ZAFiltered.csv
COVID-19,Unspecified,SOUTH AFRICA,2021-02-28,World Health Organization COVID-19 Dashboard,1447.0,ZAFiltered.csv
COVID-19,Unspecified,SOUTH AFRICA,2021-03-01,World Health Organization COVID-19 Dashboard,1168.0,ZAFiltered.csv
COVID-19,Unspecified,SOUTH AFRICA,2021-03-02,World Health Organization COVID-19 Dashboard,566.0,ZAFiltered.csv
COVID-19,Unspecified,SOUTH AFRICA,2021-03-03,World Health Organization COVID-19 Dashboard,856.0,ZAFiltered.csv
COVID-19,Unspecified,SOUTH AFRICA,2021-03-04,World Health Organization COVID-19 Dashboard,1447.0,ZAFiltered.csv
COVID-19,Unspecified,SOUTH AFRICA,2021-03-05,World Health Organization COVID-19 Dashboard,1404.0,ZAFiltered.csv
COVID-19,Unspecified,SOUTH AFRICA,2021-03-06,World Health Organization COVID-19 Dashboard,1313.0,ZAFiltered.csv
COVID-19,Unspecified,SOUTH AFRICA,2021-03-07,World Health Organization COVID-19 Dashboard,1227.0,ZAFiltered.csv
COVID-19,Unspecified,SOUTH AFRICA,2021-03-08,World Health Organization COVID-19 Dashboard,862.0,ZAFiltered.csv
COVID-19,Unspecified,SOUTH AFRICA,2021-03-09,World Health Organization COVID-19 Dashboard,638.0,ZAFiltered.csv
COVID-19,Unspecified,SOUTH AFRICA,2021-03-10,World Health Organization COVID-19 Dashboard,991.0,ZAFiltered.csv
COVID-19,Unspecified,SOUTH AFRICA,2021-03-11,World Health Organization COVID-19 Dashboard,1477.0,ZAFiltered.csv
COVID-19,Unspecified,SOUTH AFRICA,2021-03-12,World Health Organization COVID-19 Dashboard,1474.0,ZAFiltered.csv
COVID-19,Unspecified,SOUTH AFRICA,2021-03-13,World Health Organization COVID-19 Dashboard,1225.0,ZAFiltered.csv
COVID-19,Unspecified,SOUTH AFRICA,2021-03-14,World Health Organization COVID-19 Dashboard,1541.0,ZAFiltered.csv
COVID-19,Unspecified,SOUTH AFRICA,2021-03-15,World Health Organization COVID-19 Dashboard,1006.0,ZAFiltered.csv
COVID-19,Unspecified,SOUTH AFRICA,2021-03-16,World Health Organization COVID-19 Dashboard,613.0,ZAFiltered.csv
COVID-19,Unspecified,SOUTH AFRICA,2021-03-17,World Health Organization COVID-19 Dashboard,933.0,ZAFiltered.csv
COVID-19,Unspecified,SOUTH AFRICA,2021-03-18,World Health Organization COVID-19 Dashboard,1531.0,ZAFiltered.csv
COVID-19,Unspecified,SOUTH AFRICA,2021-03-19,World Health Organization COVID-19 Dashboard,1464.0,ZAFiltered.csv
COVID-19,Unspecified,SOUTH AFRICA,2021-03-20,World Health Organization COVID-19 Dashboard,1462.0,ZAFiltered.csv
COVID-19,Unspecified,SOUTH AFRICA,2021-03-21,World Health Organization COVID-19 Dashboard,1378.0,ZAFiltered.csv
COVID-19,Unspecified,SOUTH AFRICA,2021-03-22,World Health Organization COVID-19 Dashboard,1051.0,ZAFiltered.csv
COVID-19,Unspecified,SOUTH AFRICA,2021-03-23,World Health Organization COVID-19 Dashboard,599.0,ZAFiltered.csv
COVID-19,Unspecified,SOUTH AFRICA,2021-03-24,World Health Organization COVID-19 Dashboard,510.0,ZAFiltered.csv
COVID-19,Unspecified,SOUTH AFRICA,2021-03-25,World Health Organization COVID-19 Dashboard,1048.0,ZAFiltered.csv
COVID-19,Unspecified,SOUTH AFRICA,2021-03-26,World Health Organization COVID-19 Dashboard,1554.0,ZAFiltered.csv
COVID-19,Unspecified,SOUTH AFRICA,2021-03-27,World Health Organization COVID-19 Dashboard,1516.0,ZAFiltered.csv
COVID-19,Unspecified,SOUTH AFRICA,2021-03-28,World Health Organization COVID-19 Dashboard,1387.0,ZAFiltered.csv
COVID-19,Unspecified,SOUTH AFRICA,2021-03-29,World Health Organization COVID-19 Dashboard,965.0,ZAFiltered.csv
COVID-19,Unspecified,SOUTH AFRICA,2021-03-30,World Health Organization COVID-19 Dashboard,548.0,ZAFiltered.csv
COVID-19,Unspecified,SOUTH AFRICA,2021-03-31,World Health Organization COVID-19 Dashboard,756.0,ZAFiltered.csv
COVID-19,Unspecified,SOUTH AFRICA,2021-04-01,World Health Organization COVID-19 Dashboard,1422.0,ZAFiltered.csv
COVID-19,Unspecified,SOUTH AFRICA,2021-04-02,World Health Organization COVID-19 Dashboard,1294.0,ZAFiltered.csv
COVID-19,Unspecified,SOUTH AFRICA,2021-04-03,World Health Organization COVID-19 Dashboard,1273.0,ZAFiltered.csv
COVID-19,Unspecified,SOUTH AFRICA,2021-04-04,World Health Organization COVID-19 Dashboard,777.0,ZAFiltered.csv
COVID-19,Unspecified,SOUTH AFRICA,2021-04-05,World Health Organization COVID-19 Dashboard,463.0,ZAFiltered.csv
COVID-19,Unspecified,SOUTH AFRICA,2021-04-06,World Health Organization COVID-19 Dashboard,452.0,ZAFiltered.csv
COVID-19,Unspecified,SOUTH AFRICA,2021-04-07,World Health Organization COVID-19 Dashboard,437.0,ZAFiltered.csv
COVID-19,Unspecified,SOUTH AFRICA,2021-04-08,World Health Organization COVID-19 Dashboard,756.0,ZAFiltered.csv
COVID-19,Unspecified,SOUTH AFRICA,2021-04-09,World Health Organization COVID-19 Dashboard,1366.0,ZAFiltered.csv
COVID-19,Unspecified,SOUTH AFRICA,2021-04-10,World Health Organization COVID-19 Dashboard,1267.0,ZAFiltered.csv
COVID-19,Unspecified,SOUTH AFRICA,2021-04-11,World Health Organization COVID-19 Dashboard,1285.0,ZAFiltered.csv
COVID-19,Unspecified,SOUTH AFRICA,2021-04-12,World Health Organization COVID-19 Dashboard,931.0,ZAFiltered.csv
COVID-19,Unspecified,SOUTH AFRICA,2021-04-13,World Health Organization COVID-19 Dashboard,655.0,ZAFiltered.csv
COVID-19,Unspecified,SOUTH AFRICA,2021-04-14,World Health Organization COVID-19 Dashboard,847.0,ZAFiltered.csv
COVID-19,Unspecified,SOUTH AFRICA,2021-04-15,World Health Organization COVID-19 Dashboard,1599.0,ZAFiltered.csv
COVID-19,Unspecified,SOUTH AFRICA,2021-04-16,World Health Organization COVID-19 Dashboard,1372.0,ZAFiltered.csv
COVID-19,Unspecified,SOUTH AFRICA,2021-04-17,World Health Organization COVID-19 Dashboard,1424.0,ZAFiltered.csv
COVID-19,Unspecified,SOUTH AFRICA,2021-04-18,World Health Organization COVID-19 Dashboard,1325.0,ZAFiltered.csv
COVID-19,Unspecified,SOUTH AFRICA,2021-04-19,World Health Organization COVID-19 Dashboard,1089.0,ZAFiltered.csv
COVID-19,Unspecified,SOUTH AFRICA,2021-04-20,World Health Organization COVID-19 Dashboard,744.0,ZAFiltered.csv
COVID-19,Unspecified,SOUTH AFRICA,2021-04-21,World Health Organization COVID-19 Dashboard,853.0,ZAFiltered.csv
COVID-19,Unspecified,SOUTH AFRICA,2021-04-22,World Health Organization COVID-19 Dashboard,1569.0,ZAFiltered.csv
COVID-19,Unspecified,SOUTH AFRICA,2021-04-23,World Health Organization COVID-19 Dashboard,1413.0,ZAFiltered.csv
COVID-19,Unspecified,SOUTH AFRICA,2021-04-24,World Health Organization COVID-19 Dashboard,1637.0,ZAFiltered.csv
COVID-19,Unspecified,SOUTH AFRICA,2021-04-25,World Health Organization COVID-19 Dashboard,1385.0,ZAFiltered.csv
COVID-19,Unspecified,SOUTH AFRICA,2021-04-26,World Health Organization COVID-19 Dashboard,1101.0,ZAFiltered.csv
COVID-19,Unspecified,SOUTH AFRICA,2021-04-27,World Health Organization COVID-19 Dashboard,849.0,ZAFiltered.csv
COVID-19,Unspecified,SOUTH AFRICA,2021-04-28,World Health Organization COVID-19 Dashboard,880.0,ZAFiltered.csv
COVID-19,Unspecified,SOUTH AFRICA,2021-04-29,World Health Organization COVID-19 Dashboard,1250.0,ZAFiltered.csv
COVID-19,Unspecified,SOUTH AFRICA,2021-04-30,World Health Organization COVID-19 Dashboard,1086.0,ZAFiltered.csv
COVID-19,Unspecified,SOUTH AFRICA,2021-05-01,World Health Organization COVID-19 Dashboard,1674.0,ZAFiltered.csv
COVID-19,Unspecified,SOUTH AFRICA,2021-05-02,World Health Organization COVID-19 Dashboard,1632.0,ZAFiltered.csv
COVID-19,Unspecified,SOUTH AFRICA,2021-05-03,World Health Organization COVID-19 Dashboard,1222.0,ZAFiltered.csv
COVID-19,Unspecified,SOUTH AFRICA,2021-05-04,World Health Organization COVID-19 Dashboard,897.0,ZAFiltered.csv
COVID-19,Unspecified,SOUTH AFRICA,2021-05-05,World Health Organization COVID-19 Dashboard,1187.0,ZAFiltered.csv
COVID-19,Unspecified,SOUTH AFRICA,2021-05-06,World Health Organization COVID-19 Dashboard,2073.0,ZAFiltered.csv
COVID-19,Unspecified,SOUTH AFRICA,2021-05-07,World Health Organization COVID-19 Dashboard,2149.0,ZAFiltered.csv
COVID-19,Unspecified,SOUTH AFRICA,2021-05-08,World Health Organization COVID-19 Dashboard,2256.0,ZAFiltered.csv
COVID-19,Unspecified,SOUTH AFRICA,2021-05-09,World Health Organization COVID-19 Dashboard,2191.0,ZAFiltered.csv
COVID-19,Unspecified,SOUTH AFRICA,2021-05-10,World Health Organization COVID-19 Dashboard,1778.0,ZAFiltered.csv
COVID-19,Unspecified,SOUTH AFRICA,2021-05-11,World Health Organization COVID-19 Dashboard,1129.0,ZAFiltered.csv
COVID-19,Unspecified,SOUTH AFRICA,2021-05-12,World Health Organization COVID-19 Dashboard,1548.0,ZAFiltered.csv
COVID-19,Unspecified,SOUTH AFRICA,2021-05-13,World Health Organization COVID-19 Dashboard,2759.0,ZAFiltered.csv
COVID-19,Unspecified,SOUTH AFRICA,2021-05-14,World Health Organization COVID-19 Dashboard,3221.0,ZAFiltered.csv
COVID-19,Unspecified,SOUTH AFRICA,2021-05-15,World Health Organization COVID-19 Dashboard,3141.0,ZAFiltered.csv
COVID-19,Unspecified,SOUTH AFRICA,2021-05-16,World Health Organization COVID-19 Dashboard,2750.0,ZAFiltered.csv
COVID-19,Unspecified,SOUTH AFRICA,2021-05-17,World Health Organization COVID-19 Dashboard,2585.0,ZAFiltered.csv
COVID-19,Unspecified,SOUTH AFRICA,2021-05-18,World Health Organization COVID-19 Dashboard,1757.0,ZAFiltered.csv
COVID-19,Unspecified,SOUTH AFRICA,2021-05-19,World Health Organization COVID-19 Dashboard,2355.0,ZAFiltered.csv
COVID-19,Unspecified,SOUTH AFRICA,2021-05-20,World Health Organization COVID-19 Dashboard,3522.0,ZAFiltered.csv
COVID-19,Unspecified,SOUTH AFRICA,2021-05-21,World Health Organization COVID-19 Dashboard,3641.0,ZAFiltered.csv
COVID-19,Unspecified,SOUTH AFRICA,2021-05-22,World Health Organization COVID-19 Dashboard,3332.0,ZAFiltered.csv
COVID-19,Unspecified,SOUTH AFRICA,2021-05-23,World Health Organization COVID-19 Dashboard,4236.0,ZAFiltered.csv
COVID-19,Unspecified,SOUTH AFRICA,2021-05-24,World Health Organization COVID-19 Dashboard,2894.0,ZAFiltered.csv
COVID-19,Unspecified,SOUTH AFRICA,2021-05-25,World Health Organization COVID-19 Dashboard,2383.0,ZAFiltered.csv
COVID-19,Unspecified,SOUTH AFRICA,2021-05-26,World Health Organization COVID-19 Dashboard,3084.0,ZAFiltered.csv
COVID-19,Unspecified,SOUTH AFRICA,2021-05-27,World Health Organization COVID-19 Dashboard,4623.0,ZAFiltered.csv
COVID-19,Unspecified,SOUTH AFRICA,2021-05-28,World Health Organization COVID-19 Dashboard,4424.0,ZAFiltered.csv
COVID-19,Unspecified,SOUTH AFRICA,2021-05-29,World Health Organization COVID-19 Dashboard,4576.0,ZAFiltered.csv
COVID-19,Unspecified,SOUTH AFRICA,2021-05-30,World Health Organization COVID-19 Dashboard,4515.0,ZAFiltered.csv
COVID-19,Unspecified,SOUTH AFRICA,2021-05-31,World Health Organization COVID-19 Dashboard,3755.0,ZAFiltered.csv
COVID-19,Unspecified,SOUTH AFRICA,2021-06-01,World Health Organization COVID-19 Dashboard,2792.0,ZAFiltered.csv
COVID-19,Unspecified,SOUTH AFRICA,2021-06-02,World Health Organization COVID-19 Dashboard,3614.0,ZAFiltered.csv
COVID-19,Unspecified,SOUTH AFRICA,2021-06-03,World Health Organization COVID-19 Dashboard,5782.0,ZAFiltered.csv
COVID-19,Unspecified,SOUTH AFRICA,2021-06-04,World Health Organization COVID-19 Dashboard,5360.0,ZAFiltered.csv
COVID-19,Unspecified,SOUTH AFRICA,2021-06-05,World Health Organization COVID-19 Dashboard,5668.0,ZAFiltered.csv
COVID-19,Unspecified,SOUTH AFRICA,2021-06-06,World Health Organization COVID-19 Dashboard,5450.0,ZAFiltered.csv
COVID-19,Unspecified,SOUTH AFRICA,2021-06-07,World Health Organization COVID-19 Dashboard,5073.0,ZAFiltered.csv
COVID-19,Unspecified,SOUTH AFRICA,2021-06-08,World Health Organization COVID-19 Dashboard,3285.0,ZAFiltered.csv
COVID-19,Unspecified,SOUTH AFRICA,2021-06-09,World Health Organization COVID-19 Dashboard,4209.0,ZAFiltered.csv
COVID-19,Unspecified,SOUTH AFRICA,2021-06-10,World Health Organization COVID-19 Dashboard,8881.0,ZAFiltered.csv
COVID-19,Unspecified,SOUTH AFRICA,2021-06-11,World Health Organization COVID-19 Dashboard,9147.0,ZAFiltered.csv
COVID-19,Unspecified,SOUTH AFRICA,2021-06-12,World Health Organization COVID-19 Dashboard,8020.0,ZAFiltered.csv
COVID-19,Unspecified,SOUTH AFRICA,2021-06-13,World Health Organization COVID-19 Dashboard,9319.0,ZAFiltered.csv
COVID-19,Unspecified,SOUTH AFRICA,2021-06-14,World Health Organization COVID-19 Dashboard,7657.0,ZAFiltered.csv
COVID-19,Unspecified,SOUTH AFRICA,2021-06-15,World Health Organization COVID-19 Dashboard,5548.0,ZAFiltered.csv
COVID-19,Unspecified,SOUTH AFRICA,2021-06-16,World Health Organization COVID-19 Dashboard,8436.0,ZAFiltered.csv
COVID-19,Unspecified,SOUTH AFRICA,2021-06-17,World Health Organization COVID-19 Dashboard,13246.0,ZAFiltered.csv
COVID-19,Unspecified,SOUTH AFRICA,2021-06-18,World Health Organization COVID-19 Dashboard,11767.0,ZAFiltered.csv
COVID-19,Unspecified,SOUTH AFRICA,2021-06-19,World Health Organization COVID-19 Dashboard,10510.0,ZAFiltered.csv
COVID-19,Unspecified,SOUTH AFRICA,2021-06-20,World Health Organization COVID-19 Dashboard,13575.0,ZAFiltered.csv
COVID-19,Unspecified,SOUTH AFRICA,2021-06-21,World Health Organization COVID-19 Dashboard,13155.0,ZAFiltered.csv
COVID-19,Unspecified,SOUTH AFRICA,2021-06-22,World Health Organization COVID-19 Dashboard,9160.0,ZAFiltered.csv
COVID-19,Unspecified,SOUTH AFRICA,2021-06-23,World Health Organization COVID-19 Dashboard,11093.0,ZAFiltered.csv
COVID-19,Unspecified,SOUTH AFRICA,2021-06-24,World Health Organization COVID-19 Dashboard,17493.0,ZAFiltered.csv
COVID-19,Unspecified,SOUTH AFRICA,2021-06-25,World Health Organization COVID-19 Dashboard,16078.0,ZAFiltered.csv
COVID-19,Unspecified,SOUTH AFRICA,2021-06-26,World Health Organization COVID-19 Dashboard,18762.0,ZAFiltered.csv
COVID-19,Unspecified,SOUTH AFRICA,2021-06-27,World Health Organization COVID-19 Dashboard,17956.0,ZAFiltered.csv
COVID-19,Unspecified,SOUTH AFRICA,2021-06-28,World Health Organization COVID-19 Dashboard,15036.0,ZAFiltered.csv
COVID-19,Unspecified,SOUTH AFRICA,2021-06-29,World Health Organization COVID-19 Dashboard,12222.0,ZAFiltered.csv
COVID-19,Unspecified,SOUTH AFRICA,2021-06-30,World Health Organization COVID-19 Dashboard,13347.0,ZAFiltered.csv
COVID-19,Unspecified,SOUTH AFRICA,2021-07-01,World Health Organization COVID-19 Dashboard,19506.0,ZAFiltered.csv
COVID-19,Unspecified,SOUTH AFRICA,2021-07-02,World Health Organization COVID-19 Dashboard,21584.0,ZAFiltered.csv
COVID-19,Unspecified,SOUTH AFRICA,2021-07-03,World Health Organization COVID-19 Dashboard,24270.0,ZAFiltered.csv
COVID-19,Unspecified,SOUTH AFRICA,2021-07-04,World Health Organization COVID-19 Dashboard,26485.0,ZAFiltered.csv
COVID-19,Unspecified,SOUTH AFRICA,2021-07-05,World Health Organization COVID-19 Dashboard,16585.0,ZAFiltered.csv
COVID-19,Unspecified,SOUTH AFRICA,2021-07-06,World Health Organization COVID-19 Dashboard,12513.0,ZAFiltered.csv
COVID-19,Unspecified,SOUTH AFRICA,2021-07-07,World Health Organization COVID-19 Dashboard,15500.0,ZAFiltered.csv
COVID-19,Unspecified,SOUTH AFRICA,2021-07-08,World Health Organization COVID-19 Dashboard,21427.0,ZAFiltered.csv
COVID-19,Unspecified,SOUTH AFRICA,2021-07-09,World Health Organization COVID-19 Dashboard,22910.0,ZAFiltered.csv
COVID-19,Unspecified,SOUTH AFRICA,2021-07-10,World Health Organization COVID-19 Dashboard,22441.0,ZAFiltered.csv
COVID-19,Unspecified,SOUTH AFRICA,2021-07-11,World Health Organization COVID-19 Dashboard,21610.0,ZAFiltered.csv
COVID-19,Unspecified,SOUTH AFRICA,2021-07-12,World Health Organization COVID-19 Dashboard,16302.0,ZAFiltered.csv
COVID-19,Unspecified,SOUTH AFRICA,2021-07-13,World Health Organization COVID-19 Dashboard,11182.0,ZAFiltered.csv
COVID-19,Unspecified,SOUTH AFRICA,2021-07-14,World Health Organization COVID-19 Dashboard,12535.0,ZAFiltered.csv
COVID-19,Unspecified,SOUTH AFRICA,2021-07-15,World Health Organization COVID-19 Dashboard,17489.0,ZAFiltered.csv
COVID-19,Unspecified,SOUTH AFRICA,2021-07-16,World Health Organization COVID-19 Dashboard,16435.0,ZAFiltered.csv
COVID-19,Unspecified,SOUTH AFRICA,2021-07-17,World Health Organization COVID-19 Dashboard,15939.0,ZAFiltered.csv
COVID-19,Unspecified,SOUTH AFRICA,2021-07-18,World Health Organization COVID-19 Dashboard,14701.0,ZAFiltered.csv
COVID-19,Unspecified,SOUTH AFRICA,2021-07-19,World Health Organization COVID-19 Dashboard,11215.0,ZAFiltered.csv
COVID-19,Unspecified,SOUTH AFRICA,2021-07-20,World Health Organization COVID-19 Dashboard,7209.0,ZAFiltered.csv
COVID-19,Unspecified,SOUTH AFRICA,2021-07-21,World Health Organization COVID-19 Dashboard,8928.0,ZAFiltered.csv
COVID-19,Unspecified,SOUTH AFRICA,2021-07-22,World Health Organization COVID-19 Dashboard,16240.0,ZAFiltered.csv
COVID-19,Unspecified,SOUTH AFRICA,2021-07-23,World Health Organization COVID-19 Dashboard,14858.0,ZAFiltered.csv
COVID-19,Unspecified,SOUTH AFRICA,2021-07-24,World Health Organization COVID-19 Dashboard,13719.0,ZAFiltered.csv
COVID-19,Unspecified,SOUTH AFRICA,2021-07-25,World Health Organization COVID-19 Dashboard,12056.0,ZAFiltered.csv
COVID-19,Unspecified,SOUTH AFRICA,2021-07-26,World Health Organization COVID-19 Dashboard,9718.0,ZAFiltered.csv
COVID-19,Unspecified,SOUTH AFRICA,2021-07-27,World Health Organization COVID-19 Dashboard,5667.0,ZAFiltered.csv
COVID-19,Unspecified,SOUTH AFRICA,2021-07-28,World Health Organization COVID-19 Dashboard,7733.0,ZAFiltered.csv
COVID-19,Unspecified,SOUTH AFRICA,2021-07-29,World Health Organization COVID-19 Dashboard,17302.0,ZAFiltered.csv
COVID-19,Unspecified,SOUTH AFRICA,2021-07-30,World Health Organization COVID-19 Dashboard,13626.0,ZAFiltered.csv
COVID-19,Unspecified,SOUTH AFRICA,2021-07-31,World Health Organization COVID-19 Dashboard,12885.0,ZAFiltered.csv
COVID-19,Unspecified,UNITED STATES OF AMERICA,2020-01-04,World Health Organization COVID-19 Dashboard,0.0,USFiltered.csv
COVID-19,Unspecified,UNITED STATES OF AMERICA,2020-01-05,World Health Organization COVID-19 Dashboard,0.0,USFiltered.csv
COVID-19,Unspecified,UNITED STATES OF AMERICA,2020-01-06,World Health Organization COVID-19 Dashboard,0.0,USFiltered.csv
COVID-19,Unspecified,UNITED STATES OF AMERICA,2020-01-07,World Health Organization COVID-19 Dashboard,0.0,USFiltered.csv
COVID-19,Unspecified,UNITED STATES OF AMERICA,2020-01-08,World Health Organization COVID-19 Dashboard,0.0,USFiltered.csv
COVID-19,Unspecified,UNITED STATES OF AMERICA,2020-01-09,World Health Organization COVID-19 Dashboard,0.0,USFiltered.csv
COVID-19,Unspecified,UNITED STATES OF AMERICA,2020-01-10,World Health Organization COVID-19 Dashboard,0.0,USFiltered.csv
COVID-19,Unspecified,UNITED STATES OF AMERICA,2020-01-11,World Health Organization COVID-19 Dashboard,0.0,USFiltered.csv
COVID-19,Unspecified,UNITED STATES OF AMERICA,2020-01-12,World Health Organization COVID-19 Dashboard,0.0,USFiltered.csv
COVID-19,Unspecified,UNITED STATES OF AMERICA,2020-01-13,World Health Organization COVID-19 Dashboard,0.0,USFiltered.csv
COVID-19,Unspecified,UNITED STATES OF AMERICA,2020-01-14,World Health Organization COVID-19 Dashboard,0.0,USFiltered.csv
COVID-19,Unspecified,UNITED STATES OF AMERICA,2020-01-15,World Health Organization COVID-19 Dashboard,0.0,USFiltered.csv
COVID-19,Unspecified,UNITED STATES OF AMERICA,2020-01-16,World Health Organization COVID-19 Dashboard,0.0,USFiltered.csv
COVID-19,Unspecified,UNITED STATES OF AMERICA,2020-01-17,World Health Organization COVID-19 Dashboard,0.0,USFiltered.csv
COVID-19,Unspecified,UNITED STATES OF AMERICA,2020-01-18,World Health Organization COVID-19 Dashboard,0.0,USFiltered.csv
COVID-19,Unspecified,UNITED STATES OF AMERICA,2020-01-19,World Health Organization COVID-19 Dashboard,0.0,USFiltered.csv
COVID-19,Unspecified,UNITED STATES OF AMERICA,2020-01-20,World Health Organization COVID-19 Dashboard,1.0,USFiltered.csv
COVID-19,Unspecified,UNITED STATES OF AMERICA,2020-01-21,World Health Organization COVID-19 Dashboard,0.0,USFiltered.csv
COVID-19,Unspecified,UNITED STATES OF AMERICA,2020-01-22,World Health Organization COVID-19 Dashboard,0.0,USFiltered.csv
COVID-19,Unspecified,UNITED STATES OF AMERICA,2020-01-23,World Health Organization COVID-19 Dashboard,0.0,USFiltered.csv
COVID-19,Unspecified,UNITED STATES OF AMERICA,2020-01-24,World Health Organization COVID-19 Dashboard,0.0,USFiltered.csv
COVID-19,Unspecified,UNITED STATES OF AMERICA,2020-01-25,World Health Organization COVID-19 Dashboard,0.0,USFiltered.csv
COVID-19,Unspecified,UNITED STATES OF AMERICA,2020-01-26,World Health Organization COVID-19 Dashboard,1.0,USFiltered.csv
COVID-19,Unspecified,UNITED STATES OF AMERICA,2020-01-27,World Health Organization COVID-19 Dashboard,0.0,USFiltered.csv
COVID-19,Unspecified,UNITED STATES OF AMERICA,2020-01-28,World Health Organization COVID-19 Dashboard,1.0,USFiltered.csv
COVID-19,Unspecified,UNITED STATES OF AMERICA,2020-01-29,World Health Organization COVID-19 Dashboard,0.0,USFiltered.csv
COVID-19,Unspecified,UNITED STATES OF AMERICA,2020-01-30,World Health Organization COVID-19 Dashboard,0.0,USFiltered.csv
COVID-19,Unspecified,UNITED STATES OF AMERICA,2020-01-31,World Health Organization COVID-19 Dashboard,0.0,USFiltered.csv
COVID-19,Unspecified,UNITED STATES OF AMERICA,2020-02-01,World Health Organization COVID-19 Dashboard,0.0,USFiltered.csv
COVID-19,Unspecified,UNITED STATES OF AMERICA,2020-02-02,World Health Organization COVID-19 Dashboard,1.0,USFiltered.csv
COVID-19,Unspecified,UNITED STATES OF AMERICA,2020-02-03,World Health Organization COVID-19 Dashboard,1.0,USFiltered.csv
COVID-19,Unspecified,UNITED STATES OF AMERICA,2020-02-04,World Health Organization COVID-19 Dashboard,3.0,USFiltered.csv
COVID-19,Unspecified,UNITED STATES OF AMERICA,2020-02-05,World Health Organization COVID-19 Dashboard,3.0,USFiltered.csv
COVID-19,Unspecified,UNITED STATES OF AMERICA,2020-02-06,World Health Organization COVID-19 Dashboard,0.0,USFiltered.csv
COVID-19,Unspecified,UNITED STATES OF AMERICA,2020-02-07,World Health Organization COVID-19 Dashboard,0.0,USFiltered.csv
COVID-19,Unspecified,UNITED STATES OF AMERICA,2020-02-08,World Health Organization COVID-19 Dashboard,0.0,USFiltered.csv
COVID-19,Unspecified,UNITED STATES OF AMERICA,2020-02-09,World Health Organization COVID-19 Dashboard,1.0,USFiltered.csv
COVID-19,Unspecified,UNITED STATES OF AMERICA,2020-02-10,World Health Organization COVID-19 Dashboard,0.0,USFiltered.csv
COVID-19,Unspecified,UNITED STATES OF AMERICA,2020-02-11,World Health Organization COVID-19 Dashboard,0.0,USFiltered.csv
COVID-19,Unspecified,UNITED STATES OF AMERICA,2020-02-12,World Health Organization COVID-19 Dashboard,0.0,USFiltered.csv
COVID-19,Unspecified,UNITED STATES OF AMERICA,2020-02-13,World Health Organization COVID-19 Dashboard,0.0,USFiltered.csv
COVID-19,Unspecified,UNITED STATES OF AMERICA,2020-02-14,World Health Organization COVID-19 Dashboard,1.0,USFiltered.csv
COVID-19,Unspecified,UNITED STATES OF AMERICA,2020-02-15,World Health Organization COVID-19 Dashboard,1.0,USFiltered.csv
COVID-19,Unspecified,UNITED STATES OF AMERICA,2020-02-16,World Health Organization COVID-19 Dashboard,0.0,USFiltered.csv
COVID-19,Unspecified,UNITED STATES OF AMERICA,2020-02-17,World Health Organization COVID-19 Dashboard,0.0,USFiltered.csv
COVID-19,Unspecified,UNITED STATES OF AMERICA,2020-02-18,World Health Organization COVID-19 Dashboard,0.0,USFiltered.csv
COVID-19,Unspecified,UNITED STATES OF AMERICA,2020-02-19,World Health Organization COVID-19 Dashboard,2.0,USFiltered.csv
COVID-19,Unspecified,UNITED STATES OF AMERICA,2020-02-20,World Health Organization COVID-19 Dashboard,5.0,USFiltered.csv
COVID-19,Unspecified,UNITED STATES OF AMERICA,2020-02-21,World Health Organization COVID-19 Dashboard,3.0,USFiltered.csv
COVID-19,Unspecified,UNITED STATES OF AMERICA,2020-02-22,World Health Organization COVID-19 Dashboard,1.0,USFiltered.csv
COVID-19,Unspecified,UNITED STATES OF AMERICA,2020-02-23,World Health Organization COVID-19 Dashboard,5.0,USFiltered.csv
COVID-19,Unspecified,UNITED STATES OF AMERICA,2020-02-24,World Health Organization COVID-19 Dashboard,6.0,USFiltered.csv
COVID-19,Unspecified,UNITED STATES OF AMERICA,2020-02-25,World Health Organization COVID-19 Dashboard,0.0,USFiltered.csv
COVID-19,Unspecified,UNITED STATES OF AMERICA,2020-02-26,World Health Organization COVID-19 Dashboard,4.0,USFiltered.csv
COVID-19,Unspecified,UNITED STATES OF AMERICA,2020-02-27,World Health Organization COVID-19 Dashboard,4.0,USFiltered.csv
COVID-19,Unspecified,UNITED STATES OF AMERICA,2020-02-28,World Health Organization COVID-19 Dashboard,8.0,USFiltered.csv
COVID-19,Unspecified,UNITED STATES OF AMERICA,2020-02-29,World Health Organization COVID-19 Dashboard,5.0,USFiltered.csv
COVID-19,Unspecified,UNITED STATES OF AMERICA,2020-03-01,World Health Organization COVID-19 Dashboard,4.0,USFiltered.csv
COVID-19,Unspecified,UNITED STATES OF AMERICA,2020-03-02,World Health Organization COVID-19 Dashboard,9.0,USFiltered.csv
COVID-19,Unspecified,UNITED STATES OF AMERICA,2020-03-03,World Health Organization COVID-19 Dashboard,18.0,USFiltered.csv
COVID-19,Unspecified,UNITED STATES OF AMERICA,2020-03-04,World Health Organization COVID-19 Dashboard,36.0,USFiltered.csv
COVID-19,Unspecified,UNITED STATES OF AMERICA,2020-03-05,World Health Organization COVID-19 Dashboard,51.0,USFiltered.csv
COVID-19,Unspecified,UNITED STATES OF AMERICA,2020-03-06,World Health Organization COVID-19 Dashboard,70.0,USFiltered.csv
COVID-19,Unspecified,UNITED STATES OF AMERICA,2020-03-07,World Health Organization COVID-19 Dashboard,78.0,USFiltered.csv
COVID-19,Unspecified,UNITED STATES OF AMERICA,2020-03-08,World Health Organization COVID-19 Dashboard,130.0,USFiltered.csv
COVID-19,Unspecified,UNITED STATES OF AMERICA,2020-03-09,World Health Organization COVID-19 Dashboard,146.0,USFiltered.csv
COVID-19,Unspecified,UNITED STATES OF AMERICA,2020-03-10,World Health Organization COVID-19 Dashboard,214.0,USFiltered.csv
COVID-19,Unspecified,UNITED STATES OF AMERICA,2020-03-11,World Health Organization COVID-19 Dashboard,390.0,USFiltered.csv
COVID-19,Unspecified,UNITED STATES OF AMERICA,2020-03-12,World Health Organization COVID-19 Dashboard,498.0,USFiltered.csv
COVID-19,Unspecified,UNITED STATES OF AMERICA,2020-03-13,World Health Organization COVID-19 Dashboard,530.0,USFiltered.csv
COVID-19,Unspecified,UNITED STATES OF AMERICA,2020-03-14,World Health Organization COVID-19 Dashboard,734.0,USFiltered.csv
COVID-19,Unspecified,UNITED STATES OF AMERICA,2020-03-15,World Health Organization COVID-19 Dashboard,951.0,USFiltered.csv
COVID-19,Unspecified,UNITED STATES OF AMERICA,2020-03-16,World Health Organization COVID-19 Dashboard,1218.0,USFiltered.csv
COVID-19,Unspecified,UNITED STATES OF AMERICA,2020-03-17,World Health Organization COVID-19 Dashboard,2172.0,USFiltered.csv
COVID-19,Unspecified,UNITED STATES OF AMERICA,2020-03-18,World Health Organization COVID-19 Dashboard,2343.0,USFiltered.csv
COVID-19,Unspecified,UNITED STATES OF AMERICA,2020-03-19,World Health Organization COVID-19 Dashboard,3199.0,USFiltered.csv
COVID-19,Unspecified,UNITED STATES OF AMERICA,2020-03-20,World Health Organization COVID-19 Dashboard,4888.0,USFiltered.csv
COVID-19,Unspecified,UNITED STATES OF AMERICA,2020-03-21,World Health Organization COVID-19 Dashboard,6117.0,USFiltered.csv
COVID-19,Unspecified,UNITED STATES OF AMERICA,2020-03-22,World Health Organization COVID-19 Dashboard,7542.0,USFiltered.csv
COVID-19,Unspecified,UNITED STATES OF AMERICA,2020-03-23,World Health Organization COVID-19 Dashboard,9122.0,USFiltered.csv
COVID-19,Unspecified,UNITED STATES OF AMERICA,2020-03-24,World Health Organization COVID-19 Dashboard,10833.0,USFiltered.csv
COVID-19,Unspecified,UNITED STATES OF AMERICA,2020-03-25,World Health Organization COVID-19 Dashboard,10689.0,USFiltered.csv
COVID-19,Unspecified,UNITED STATES OF AMERICA,2020-03-26,World Health Organization COVID-19 Dashboard,11402.0,USFiltered.csv
COVID-19,Unspecified,UNITED STATES OF AMERICA,2020-03-27,World Health Organization COVID-19 Dashboard,14075.0,USFiltered.csv
COVID-19,Unspecified,UNITED STATES OF AMERICA,2020-03-28,World Health Organization COVID-19 Dashboard,18527.0,USFiltered.csv
COVID-19,Unspecified,UNITED STATES OF AMERICA,2020-03-29,World Health Organization COVID-19 Dashboard,20206.0,USFiltered.csv
COVID-19,Unspecified,UNITED STATES OF AMERICA,2020-03-30,World Health Organization COVID-19 Dashboard,20794.0,USFiltered.csv
COVID-19,Unspecified,UNITED STATES OF AMERICA,2020-03-31,World Health Organization COVID-19 Dashboard,26250.0,USFiltered.csv
COVID-19,Unspecified,UNITED STATES OF AMERICA,2020-04-01,World Health Organization COVID-19 Dashboard,15269.0,USFiltered.csv
COVID-19,Unspecified,UNITED STATES OF AMERICA,2020-04-02,World Health Organization COVID-19 Dashboard,23701.0,USFiltered.csv
COVID-19,Unspecified,UNITED STATES OF AMERICA,2020-04-03,World Health Organization COVID-19 Dashboard,28400.0,USFiltered.csv
COVID-19,Unspecified,UNITED STATES OF AMERICA,2020-04-04,World Health Organization COVID-19 Dashboard,29912.0,USFiltered.csv
COVID-19,Unspecified,UNITED STATES OF AMERICA,2020-04-05,World Health Organization COVID-19 Dashboard,31709.0,USFiltered.csv
COVID-19,Unspecified,UNITED STATES OF AMERICA,2020-04-06,World Health Organization COVID-19 Dashboard,32491.0,USFiltered.csv
COVID-19,Unspecified,UNITED STATES OF AMERICA,2020-04-07,World Health Organization COVID-19 Dashboard,27019.0,USFiltered.csv
COVID-19,Unspecified,UNITED STATES OF AMERICA,2020-04-08,World Health Organization COVID-19 Dashboard,28615.0,USFiltered.csv
COVID-19,Unspecified,UNITED STATES OF AMERICA,2020-04-09,World Health Organization COVID-19 Dashboard,29131.0,USFiltered.csv
COVID-19,Unspecified,UNITED STATES OF AMERICA,2020-04-10,World Health Organization COVID-19 Dashboard,34163.0,USFiltered.csv
COVID-19,Unspecified,UNITED STATES OF AMERICA,2020-04-11,World Health Organization COVID-19 Dashboard,34776.0,USFiltered.csv
COVID-19,Unspecified,UNITED STATES OF AMERICA,2020-04-12,World Health Organization COVID-19 Dashboard,32644.0,USFiltered.csv
COVID-19,Unspecified,UNITED STATES OF AMERICA,2020-04-13,World Health Organization COVID-19 Dashboard,32119.0,USFiltered.csv
COVID-19,Unspecified,UNITED STATES OF AMERICA,2020-04-14,World Health Organization COVID-19 Dashboard,27137.0,USFiltered.csv
COVID-19,Unspecified,UNITED STATES OF AMERICA,2020-04-15,World Health Organization COVID-19 Dashboard,24965.0,USFiltered.csv
COVID-19,Unspecified,UNITED STATES OF AMERICA,2020-04-16,World Health Organization COVID-19 Dashboard,25058.0,USFiltered.csv
COVID-19,Unspecified,UNITED STATES OF AMERICA,2020-04-17,World Health Organization COVID-19 Dashboard,25214.0,USFiltered.csv
COVID-19,Unspecified,UNITED STATES OF AMERICA,2020-04-18,World Health Organization COVID-19 Dashboard,31625.0,USFiltered.csv
COVID-19,Unspecified,UNITED STATES OF AMERICA,2020-04-19,World Health Organization COVID-19 Dashboard,30290.0,USFiltered.csv
COVID-19,Unspecified,UNITED STATES OF AMERICA,2020-04-20,World Health Organization COVID-19 Dashboard,27651.0,USFiltered.csv
COVID-19,Unspecified,UNITED STATES OF AMERICA,2020-04-21,World Health Organization COVID-19 Dashboard,26892.0,USFiltered.csv
COVID-19,Unspecified,UNITED STATES OF AMERICA,2020-04-22,World Health Organization COVID-19 Dashboard,26063.0,USFiltered.csv
COVID-19,Unspecified,UNITED STATES OF AMERICA,2020-04-23,World Health Organization COVID-19 Dashboard,25220.0,USFiltered.csv
COVID-19,Unspecified,UNITED STATES OF AMERICA,2020-04-24,World Health Organization COVID-19 Dashboard,31124.0,USFiltered.csv
COVID-19,Unspecified,UNITED STATES OF AMERICA,2020-04-25,World Health Organization COVID-19 Dashboard,32947.0,USFiltered.csv
COVID-19,Unspecified,UNITED STATES OF AMERICA,2020-04-26,World Health Organization COVID-19 Dashboard,34872.0,USFiltered.csv
COVID-19,Unspecified,UNITED STATES OF AMERICA,2020-04-27,World Health Organization COVID-19 Dashboard,32870.0,USFiltered.csv
COVID-19,Unspecified,UNITED STATES OF AMERICA,2020-04-28,World Health Organization COVID-19 Dashboard,26575.0,USFiltered.csv
COVID-19,Unspecified,UNITED STATES OF AMERICA,2020-04-29,World Health Organization COVID-19 Dashboard,24145.0,USFiltered.csv
COVID-19,Unspecified,UNITED STATES OF AMERICA,2020-04-30,World Health Organization COVID-19 Dashboard,23580.0,USFiltered.csv
COVID-19,Unspecified,UNITED STATES OF AMERICA,2020-05-01,World Health Organization COVID-19 Dashboard,27008.0,USFiltered.csv
COVID-19,Unspecified,UNITED STATES OF AMERICA,2020-05-02,World Health Organization COVID-19 Dashboard,31426.0,USFiltered.csv
COVID-19,Unspecified,UNITED STATES OF AMERICA,2020-05-03,World Health Organization COVID-19 Dashboard,32131.0,USFiltered.csv
COVID-19,Unspecified,UNITED STATES OF AMERICA,2020-05-04,World Health Organization COVID-19 Dashboard,28395.0,USFiltered.csv
COVID-19,Unspecified,UNITED STATES OF AMERICA,2020-05-05,World Health Organization COVID-19 Dashboard,26794.0,USFiltered.csv
COVID-19,Unspecified,UNITED STATES OF AMERICA,2020-05-06,World Health Organization COVID-19 Dashboard,21533.0,USFiltered.csv
COVID-19,Unspecified,UNITED STATES OF AMERICA,2020-05-07,World Health Organization COVID-19 Dashboard,22853.0,USFiltered.csv
COVID-19,Unspecified,UNITED STATES OF AMERICA,2020-05-08,World Health Organization COVID-19 Dashboard,25299.0,USFiltered.csv
COVID-19,Unspecified,UNITED STATES OF AMERICA,2020-05-09,World Health Organization COVID-19 Dashboard,29519.0,USFiltered.csv
COVID-19,Unspecified,UNITED STATES OF AMERICA,2020-05-10,World Health Organization COVID-19 Dashboard,28303.0,USFiltered.csv
COVID-19,Unspecified,UNITED STATES OF AMERICA,2020-05-11,World Health Organization COVID-19 Dashboard,25861.0,USFiltered.csv
COVID-19,Unspecified,UNITED STATES OF AMERICA,2020-05-12,World Health Organization COVID-19 Dashboard,21613.0,USFiltered.csv
COVID-19,Unspecified,UNITED STATES OF AMERICA,2020-05-13,World Health Organization COVID-19 Dashboard,19784.0,USFiltered.csv
COVID-19,Unspecified,UNITED STATES OF AMERICA,2020-05-14,World Health Organization COVID-19 Dashboard,24181.0,USFiltered.csv
COVID-19,Unspecified,UNITED STATES OF AMERICA,2020-05-15,World Health Organization COVID-19 Dashboard,17451.0,USFiltered.csv
COVID-19,Unspecified,UNITED STATES OF AMERICA,2020-05-16,World Health Organization COVID-19 Dashboard,34350.0,USFiltered.csv
COVID-19,Unspecified,UNITED STATES OF AMERICA,2020-05-17,World Health Organization COVID-19 Dashboard,26879.0,USFiltered.csv
COVID-19,Unspecified,UNITED STATES OF AMERICA,2020-05-18,World Health Organization COVID-19 Dashboard,25816.0,USFiltered.csv
COVID-19,Unspecified,UNITED STATES OF AMERICA,2020-05-19,World Health Organization COVID-19 Dashboard,20018.0,USFiltered.csv
COVID-19,Unspecified,UNITED STATES OF AMERICA,2020-05-20,World Health Organization COVID-19 Dashboard,23114.0,USFiltered.csv
COVID-19,Unspecified,UNITED STATES OF AMERICA,2020-05-21,World Health Organization COVID-19 Dashboard,21688.0,USFiltered.csv
COVID-19,Unspecified,UNITED STATES OF AMERICA,2020-05-22,World Health Organization COVID-19 Dashboard,23974.0,USFiltered.csv
COVID-19,Unspecified,UNITED STATES OF AMERICA,2020-05-23,World Health Organization COVID-19 Dashboard,25797.0,USFiltered.csv
COVID-19,Unspecified,UNITED STATES OF AMERICA,2020-05-24,World Health Organization COVID-19 Dashboard,26005.0,USFiltered.csv
COVID-19,Unspecified,UNITED STATES OF AMERICA,2020-05-25,World Health Organization COVID-19 Dashboard,21210.0,USFiltered.csv
COVID-19,Unspecified,UNITED STATES OF AMERICA,2020-05-26,World Health Organization COVID-19 Dashboard,21677.0,USFiltered.csv
COVID-19,Unspecified,UNITED STATES OF AMERICA,2020-05-27,World Health Organization COVID-19 Dashboard,19513.0,USFiltered.csv
COVID-19,Unspecified,UNITED STATES OF AMERICA,2020-05-28,World Health Organization COVID-19 Dashboard,16814.0,USFiltered.csv
COVID-19,Unspecified,UNITED STATES OF AMERICA,2020-05-29,World Health Organization COVID-19 Dashboard,19776.0,USFiltered.csv
COVID-19,Unspecified,UNITED STATES OF AMERICA,2020-05-30,World Health Organization COVID-19 Dashboard,24188.0,USFiltered.csv
COVID-19,Unspecified,UNITED STATES OF AMERICA,2020-05-31,World Health Organization COVID-19 Dashboard,23780.0,USFiltered.csv
COVID-19,Unspecified,UNITED STATES OF AMERICA,2020-06-01,World Health Organization COVID-19 Dashboard,24067.0,USFiltered.csv
COVID-19,Unspecified,UNITED STATES OF AMERICA,2020-06-02,World Health Organization COVID-19 Dashboard,21317.0,USFiltered.csv
COVID-19,Unspecified,UNITED STATES OF AMERICA,2020-06-03,World Health Organization COVID-19 Dashboard,17207.0,USFiltered.csv
COVID-19,Unspecified,UNITED STATES OF AMERICA,2020-06-04,World Health Organization COVID-19 Dashboard,20801.0,USFiltered.csv
COVID-19,Unspecified,UNITED STATES OF AMERICA,2020-06-05,World Health Organization COVID-19 Dashboard,20987.0,USFiltered.csv
COVID-19,Unspecified,UNITED STATES OF AMERICA,2020-06-06,World Health Organization COVID-19 Dashboard,20635.0,USFiltered.csv
COVID-19,Unspecified,UNITED STATES OF AMERICA,2020-06-07,World Health Organization COVID-19 Dashboard,24698.0,USFiltered.csv
COVID-19,Unspecified,UNITED STATES OF AMERICA,2020-06-08,World Health Organization COVID-19 Dashboard,23699.0,USFiltered.csv
COVID-19,Unspecified,UNITED STATES OF AMERICA,2020-06-09,World Health Organization COVID-19 Dashboard,17753.0,USFiltered.csv
COVID-19,Unspecified,UNITED STATES OF AMERICA,2020-06-10,World Health Organization COVID-19 Dashboard,18072.0,USFiltered.csv
COVID-19,Unspecified,UNITED STATES OF AMERICA,2020-06-11,World Health Organization COVID-19 Dashboard,18526.0,USFiltered.csv
COVID-19,Unspecified,UNITED STATES OF AMERICA,2020-06-12,World Health Organization COVID-19 Dashboard,22224.0,USFiltered.csv
COVID-19,Unspecified,UNITED STATES OF AMERICA,2020-06-13,World Health Organization COVID-19 Dashboard,22979.0,USFiltered.csv
COVID-19,Unspecified,UNITED STATES OF AMERICA,2020-06-14,World Health Organization COVID-19 Dashboard,28385.0,USFiltered.csv
COVID-19,Unspecified,UNITED STATES OF AMERICA,2020-06-15,World Health Organization COVID-19 Dashboard,26406.0,USFiltered.csv
COVID-19,Unspecified,UNITED STATES OF AMERICA,2020-06-16,World Health Organization COVID-19 Dashboard,20506.0,USFiltered.csv
COVID-19,Unspecified,UNITED STATES OF AMERICA,2020-06-17,World Health Organization COVID-19 Dashboard,20673.0,USFiltered.csv
COVID-19,Unspecified,UNITED STATES OF AMERICA,2020-06-18,World Health Organization COVID-19 Dashboard,24774.0,USFiltered.csv
COVID-19,Unspecified,UNITED STATES OF AMERICA,2020-06-19,World Health Organization COVID-19 Dashboard,25817.0,USFiltered.csv
COVID-19,Unspecified,UNITED STATES OF AMERICA,2020-06-20,World Health Organization COVID-19 Dashboard,28633.0,USFiltered.csv
COVID-19,Unspecified,UNITED STATES OF AMERICA,2020-06-21,World Health Organization COVID-19 Dashboard,33191.0,USFiltered.csv
COVID-19,Unspecified,UNITED STATES OF AMERICA,2020-06-22,World Health Organization COVID-19 Dashboard,33326.0,USFiltered.csv
COVID-19,Unspecified,UNITED STATES OF AMERICA,2020-06-23,World Health Organization COVID-19 Dashboard,27245.0,USFiltered.csv
COVID-19,Unspecified,UNITED STATES OF AMERICA,2020-06-24,World Health Organization COVID-19 Dashboard,28745.0,USFiltered.csv
COVID-19,Unspecified,UNITED STATES OF AMERICA,2020-06-25,World Health Organization COVID-19 Dashboard,37883.0,USFiltered.csv
COVID-19,Unspecified,UNITED STATES OF AMERICA,2020-06-26,World Health Organization COVID-19 Dashboard,37171.0,USFiltered.csv
COVID-19,Unspecified,UNITED STATES OF AMERICA,2020-06-27,World Health Organization COVID-19 Dashboard,47153.0,USFiltered.csv
COVID-19,Unspecified,UNITED STATES OF AMERICA,2020-06-28,World Health Organization COVID-19 Dashboard,46522.0,USFiltered.csv
COVID-19,Unspecified,UNITED STATES OF AMERICA,2020-06-29,World Health Organization COVID-19 Dashboard,43398.0,USFiltered.csv
COVID-19,Unspecified,UNITED STATES OF AMERICA,2020-06-30,World Health Organization COVID-19 Dashboard,37519.0,USFiltered.csv
COVID-19,Unspecified,UNITED STATES OF AMERICA,2020-07-01,World Health Organization COVID-19 Dashboard,38654.0,USFiltered.csv
COVID-19,Unspecified,UNITED STATES OF AMERICA,2020-07-02,World Health Organization COVID-19 Dashboard,46604.0,USFiltered.csv
COVID-19,Unspecified,UNITED STATES OF AMERICA,2020-07-03,World Health Organization COVID-19 Dashboard,59257.0,USFiltered.csv
COVID-19,Unspecified,UNITED STATES OF AMERICA,2020-07-04,World Health Organization COVID-19 Dashboard,55387.0,USFiltered.csv
COVID-19,Unspecified,UNITED STATES OF AMERICA,2020-07-05,World Health Organization COVID-19 Dashboard,60317.0,USFiltered.csv
COVID-19,Unspecified,UNITED STATES OF AMERICA,2020-07-06,World Health Organization COVID-19 Dashboard,49507.0,USFiltered.csv
COVID-19,Unspecified,UNITED STATES OF AMERICA,2020-07-07,World Health Organization COVID-19 Dashboard,40011.0,USFiltered.csv
COVID-19,Unspecified,UNITED STATES OF AMERICA,2020-07-08,World Health Organization COVID-19 Dashboard,51044.0,USFiltered.csv
COVID-19,Unspecified,UNITED STATES OF AMERICA,2020-07-09,World Health Organization COVID-19 Dashboard,56077.0,USFiltered.csv
COVID-19,Unspecified,UNITED STATES OF AMERICA,2020-07-10,World Health Organization COVID-19 Dashboard,65092.0,USFiltered.csv
COVID-19,Unspecified,UNITED STATES OF AMERICA,2020-07-11,World Health Organization COVID-19 Dashboard,62184.0,USFiltered.csv
COVID-19,Unspecified,UNITED STATES OF AMERICA,2020-07-12,World Health Organization COVID-19 Dashboard,68300.0,USFiltered.csv
COVID-19,Unspecified,UNITED STATES OF AMERICA,2020-07-13,World Health Organization COVID-19 Dashboard,67314.0,USFiltered.csv
COVID-19,Unspecified,UNITED STATES OF AMERICA,2020-07-14,World Health Organization COVID-19 Dashboard,59628.0,USFiltered.csv
COVID-19,Unspecified,UNITED STATES OF AMERICA,2020-07-15,World Health Organization COVID-19 Dashboard,56130.0,USFiltered.csv
COVID-19,Unspecified,UNITED STATES OF AMERICA,2020-07-16,World Health Organization COVID-19 Dashboard,64758.0,USFiltered.csv
COVID-19,Unspecified,UNITED STATES OF AMERICA,2020-07-17,World Health Organization COVID-19 Dashboard,72033.0,USFiltered.csv
COVID-19,Unspecified,UNITED STATES OF AMERICA,2020-07-18,World Health Organization COVID-19 Dashboard,69530.0,USFiltered.csv
COVID-19,Unspecified,UNITED STATES OF AMERICA,2020-07-19,World Health Organization COVID-19 Dashboard,76837.0,USFiltered.csv
COVID-19,Unspecified,UNITED STATES OF AMERICA,2020-07-20,World Health Organization COVID-19 Dashboard,67354.0,USFiltered.csv
COVID-19,Unspecified,UNITED STATES OF AMERICA,2020-07-21,World Health Organization COVID-19 Dashboard,59792.0,USFiltered.csv
COVID-19,Unspecified,UNITED STATES OF AMERICA,2020-07-22,World Health Organization COVID-19 Dashboard,58523.0,USFiltered.csv
COVID-19,Unspecified,UNITED STATES OF AMERICA,2020-07-23,World Health Organization COVID-19 Dashboard,63394.0,USFiltered.csv
COVID-19,Unspecified,UNITED STATES OF AMERICA,2020-07-24,World Health Organization COVID-19 Dashboard,72144.0,USFiltered.csv
COVID-19,Unspecified,UNITED STATES OF AMERICA,2020-07-25,World Health Organization COVID-19 Dashboard,73456.0,USFiltered.csv
COVID-19,Unspecified,UNITED STATES OF AMERICA,2020-07-26,World Health Organization COVID-19 Dashboard,73154.0,USFiltered.csv
COVID-19,Unspecified,UNITED STATES OF AMERICA,2020-07-27,World Health Organization COVID-19 Dashboard,61281.0,USFiltered.csv
COVID-19,Unspecified,UNITED STATES OF AMERICA,2020-07-28,World Health Organization COVID-19 Dashboard,58279.0,USFiltered.csv
COVID-19,Unspecified,UNITED STATES OF AMERICA,2020-07-29,World Health Organization COVID-19 Dashboard,53479.0,USFiltered.csv
COVID-19,Unspecified,UNITED STATES OF AMERICA,2020-07-30,World Health Organization COVID-19 Dashboard,58851.0,USFiltered.csv
COVID-19,Unspecified,UNITED STATES OF AMERICA,2020-07-31,World Health Organization COVID-19 Dashboard,64738.0,USFiltered.csv
COVID-19,Unspecified,UNITED STATES OF AMERICA,2020-08-01,World Health Organization COVID-19 Dashboard,66211.0,USFiltered.csv
COVID-19,Unspecified,UNITED STATES OF AMERICA,2020-08-02,World Health Organization COVID-19 Dashboard,68114.0,USFiltered.csv
COVID-19,Unspecified,UNITED STATES OF AMERICA,2020-08-03,World Health Organization COVID-19 Dashboard,56528.0,USFiltered.csv
COVID-19,Unspecified,UNITED STATES OF AMERICA,2020-08-04,World Health Organization COVID-19 Dashboard,51154.0,USFiltered.csv
COVID-19,Unspecified,UNITED STATES OF AMERICA,2020-08-05,World Health Organization COVID-19 Dashboard,45179.0,USFiltered.csv
COVID-19,Unspecified,UNITED STATES OF AMERICA,2020-08-06,World Health Organization COVID-19 Dashboard,51708.0,USFiltered.csv
COVID-19,Unspecified,UNITED STATES OF AMERICA,2020-08-07,World Health Organization COVID-19 Dashboard,55630.0,USFiltered.csv
COVID-19,Unspecified,UNITED STATES OF AMERICA,2020-08-08,World Health Organization COVID-19 Dashboard,54376.0,USFiltered.csv
COVID-19,Unspecified,UNITED STATES OF AMERICA,2020-08-09,World Health Organization COVID-19 Dashboard,61855.0,USFiltered.csv
COVID-19,Unspecified,UNITED STATES OF AMERICA,2020-08-10,World Health Organization COVID-19 Dashboard,51253.0,USFiltered.csv
COVID-19,Unspecified,UNITED STATES OF AMERICA,2020-08-11,World Health Organization COVID-19 Dashboard,46234.0,USFiltered.csv
COVID-19,Unspecified,UNITED STATES OF AMERICA,2020-08-12,World Health Organization COVID-19 Dashboard,43697.0,USFiltered.csv
COVID-19,Unspecified,UNITED STATES OF AMERICA,2020-08-13,World Health Organization COVID-19 Dashboard,58822.0,USFiltered.csv
COVID-19,Unspecified,UNITED STATES OF AMERICA,2020-08-14,World Health Organization COVID-19 Dashboard,54706.0,USFiltered.csv
COVID-19,Unspecified,UNITED STATES OF AMERICA,2020-08-15,World Health Organization COVID-19 Dashboard,51700.0,USFiltered.csv
COVID-19,Unspecified,UNITED STATES OF AMERICA,2020-08-16,World Health Organization COVID-19 Dashboard,55933.0,USFiltered.csv
COVID-19,Unspecified,UNITED STATES OF AMERICA,2020-08-17,World Health Organization COVID-19 Dashboard,51259.0,USFiltered.csv
COVID-19,Unspecified,UNITED STATES OF AMERICA,2020-08-18,World Health Organization COVID-19 Dashboard,41300.0,USFiltered.csv
COVID-19,Unspecified,UNITED STATES OF AMERICA,2020-08-19,World Health Organization COVID-19 Dashboard,41758.0,USFiltered.csv
COVID-19,Unspecified,UNITED STATES OF AMERICA,2020-08-20,World Health Organization COVID-19 Dashboard,41504.0,USFiltered.csv
COVID-19,Unspecified,UNITED STATES OF AMERICA,2020-08-21,World Health Organization COVID-19 Dashboard,46623.0,USFiltered.csv
COVID-19,Unspecified,UNITED STATES OF AMERICA,2020-08-22,World Health Organization COVID-19 Dashboard,46311.0,USFiltered.csv
COVID-19,Unspecified,UNITED STATES OF AMERICA,2020-08-23,World Health Organization COVID-19 Dashboard,47574.0,USFiltered.csv
COVID-19,Unspecified,UNITED STATES OF AMERICA,2020-08-24,World Health Organization COVID-19 Dashboard,41312.0,USFiltered.csv
COVID-19,Unspecified,UNITED STATES OF AMERICA,2020-08-25,World Health Organization COVID-19 Dashboard,36887.0,USFiltered.csv
COVID-19,Unspecified,UNITED STATES OF AMERICA,2020-08-26,World Health Organization COVID-19 Dashboard,36099.0,USFiltered.csv
COVID-19,Unspecified,UNITED STATES OF AMERICA,2020-08-27,World Health Organization COVID-19 Dashboard,40324.0,USFiltered.csv
COVID-19,Unspecified,UNITED STATES OF AMERICA,2020-08-28,World Health Organization COVID-19 Dashboard,46725.0,USFiltered.csv
COVID-19,Unspecified,UNITED STATES OF AMERICA,2020-08-29,World Health Organization COVID-19 Dashboard,46760.0,USFiltered.csv
COVID-19,Unspecified,UNITED STATES OF AMERICA,2020-08-30,World Health Organization COVID-19 Dashboard,46785.0,USFiltered.csv
COVID-19,Unspecified,UNITED STATES OF AMERICA,2020-08-31,World Health Organization COVID-19 Dashboard,40705.0,USFiltered.csv
COVID-19,Unspecified,UNITED STATES OF AMERICA,2020-09-01,World Health Organization COVID-19 Dashboard,36599.0,USFiltered.csv
COVID-19,Unspecified,UNITED STATES OF AMERICA,2020-09-02,World Health Organization COVID-19 Dashboard,38805.0,USFiltered.csv
COVID-19,Unspecified,UNITED STATES OF AMERICA,2020-09-03,World Health Organization COVID-19 Dashboard,38940.0,USFiltered.csv
COVID-19,Unspecified,UNITED STATES OF AMERICA,2020-09-04,World Health Organization COVID-19 Dashboard,43907.0,USFiltered.csv
COVID-19,Unspecified,UNITED STATES OF AMERICA,2020-09-05,World Health Organization COVID-19 Dashboard,45225.0,USFiltered.csv
COVID-19,Unspecified,UNITED STATES OF AMERICA,2020-09-06,World Health Organization COVID-19 Dashboard,50819.0,USFiltered.csv
COVID-19,Unspecified,UNITED STATES OF AMERICA,2020-09-07,World Health Organization COVID-19 Dashboard,41583.0,USFiltered.csv
COVID-19,Unspecified,UNITED STATES OF AMERICA,2020-09-08,World Health Organization COVID-19 Dashboard,33703.0,USFiltered.csv
COVID-19,Unspecified,UNITED STATES OF AMERICA,2020-09-09,World Health Organization COVID-19 Dashboard,25076.0,USFiltered.csv
COVID-19,Unspecified,UNITED STATES OF AMERICA,2020-09-10,World Health Organization COVID-19 Dashboard,28067.0,USFiltered.csv
COVID-19,Unspecified,UNITED STATES OF AMERICA,2020-09-11,World Health Organization COVID-19 Dashboard,35024.0,USFiltered.csv
COVID-19,Unspecified,UNITED STATES OF AMERICA,2020-09-12,World Health Organization COVID-19 Dashboard,38569.0,USFiltered.csv
COVID-19,Unspecified,UNITED STATES OF AMERICA,2020-09-13,World Health Organization COVID-19 Dashboard,44187.0,USFiltered.csv
COVID-19,Unspecified,UNITED STATES OF AMERICA,2020-09-14,World Health Organization COVID-19 Dashboard,40053.0,USFiltered.csv
COVID-19,Unspecified,UNITED STATES OF AMERICA,2020-09-15,World Health Organization COVID-19 Dashboard,32752.0,USFiltered.csv
COVID-19,Unspecified,UNITED STATES OF AMERICA,2020-09-16,World Health Organization COVID-19 Dashboard,34524.0,USFiltered.csv
COVID-19,Unspecified,UNITED STATES OF AMERICA,2020-09-17,World Health Organization COVID-19 Dashboard,36734.0,USFiltered.csv
COVID-19,Unspecified,UNITED STATES OF AMERICA,2020-09-18,World Health Organization COVID-19 Dashboard,44225.0,USFiltered.csv
COVID-19,Unspecified,UNITED STATES OF AMERICA,2020-09-19,World Health Organization COVID-19 Dashboard,44636.0,USFiltered.csv
COVID-19,Unspecified,UNITED STATES OF AMERICA,2020-09-20,World Health Organization COVID-19 Dashboard,47848.0,USFiltered.csv
COVID-19,Unspecified,UNITED STATES OF AMERICA,2020-09-21,World Health Organization COVID-19 Dashboard,42141.0,USFiltered.csv
COVID-19,Unspecified,UNITED STATES OF AMERICA,2020-09-22,World Health Organization COVID-19 Dashboard,34229.0,USFiltered.csv
COVID-19,Unspecified,UNITED STATES OF AMERICA,2020-09-23,World Health Organization COVID-19 Dashboard,41659.0,USFiltered.csv
COVID-19,Unspecified,UNITED STATES OF AMERICA,2020-09-24,World Health Organization COVID-19 Dashboard,49233.0,USFiltered.csv
COVID-19,Unspecified,UNITED STATES OF AMERICA,2020-09-25,World Health Organization COVID-19 Dashboard,41909.0,USFiltered.csv
COVID-19,Unspecified,UNITED STATES OF AMERICA,2020-09-26,World Health Organization COVID-19 Dashboard,46057.0,USFiltered.csv
COVID-19,Unspecified,UNITED STATES OF AMERICA,2020-09-27,World Health Organization COVID-19 Dashboard,49669.0,USFiltered.csv
COVID-19,Unspecified,UNITED STATES OF AMERICA,2020-09-28,World Health Organization COVID-19 Dashboard,41806.0,USFiltered.csv
COVID-19,Unspecified,UNITED STATES OF AMERICA,2020-09-29,World Health Organization COVID-19 Dashboard,35267.0,USFiltered.csv
COVID-19,Unspecified,UNITED STATES OF AMERICA,2020-09-30,World Health Organization COVID-19 Dashboard,38894.0,USFiltered.csv
COVID-19,Unspecified,UNITED STATES OF AMERICA,2020-10-01,World Health Organization COVID-19 Dashboard,38728.0,USFiltered.csv
COVID-19,Unspecified,UNITED STATES OF AMERICA,2020-10-02,World Health Organization COVID-19 Dashboard,45622.0,USFiltered.csv
COVID-19,Unspecified,UNITED STATES OF AMERICA,2020-10-03,World Health Organization COVID-19 Dashboard,47133.0,USFiltered.csv
COVID-19,Unspecified,UNITED STATES OF AMERICA,2020-10-04,World Health Organization COVID-19 Dashboard,51115.0,USFiltered.csv
COVID-19,Unspecified,UNITED STATES OF AMERICA,2020-10-05,World Health Organization COVID-19 Dashboard,47682.0,USFiltered.csv
COVID-19,Unspecified,UNITED STATES OF AMERICA,2020-10-06,World Health Organization COVID-19 Dashboard,35386.0,USFiltered.csv
COVID-19,Unspecified,UNITED STATES OF AMERICA,2020-10-07,World Health Organization COVID-19 Dashboard,41531.0,USFiltered.csv
COVID-19,Unspecified,UNITED STATES OF AMERICA,2020-10-08,World Health Organization COVID-19 Dashboard,41523.0,USFiltered.csv
COVID-19,Unspecified,UNITED STATES OF AMERICA,2020-10-09,World Health Organization COVID-19 Dashboard,53939.0,USFiltered.csv
COVID-19,Unspecified,UNITED STATES OF AMERICA,2020-10-10,World Health Organization COVID-19 Dashboard,55399.0,USFiltered.csv
COVID-19,Unspecified,UNITED STATES OF AMERICA,2020-10-11,World Health Organization COVID-19 Dashboard,58972.0,USFiltered.csv
COVID-19,Unspecified,UNITED STATES OF AMERICA,2020-10-12,World Health Organization COVID-19 Dashboard,53758.0,USFiltered.csv
COVID-19,Unspecified,UNITED STATES OF AMERICA,2020-10-13,World Health Organization COVID-19 Dashboard,44457.0,USFiltered.csv
COVID-19,Unspecified,UNITED STATES OF AMERICA,2020-10-14,World Health Organization COVID-19 Dashboard,49532.0,USFiltered.csv
COVID-19,Unspecified,UNITED STATES OF AMERICA,2020-10-15,World Health Organization COVID-19 Dashboard,50078.0,USFiltered.csv
COVID-19,Unspecified,UNITED STATES OF AMERICA,2020-10-16,World Health Organization COVID-19 Dashboard,57764.0,USFiltered.csv
COVID-19,Unspecified,UNITED STATES OF AMERICA,2020-10-17,World Health Organization COVID-19 Dashboard,62897.0,USFiltered.csv
COVID-19,Unspecified,UNITED STATES OF AMERICA,2020-10-18,World Health Organization COVID-19 Dashboard,69003.0,USFiltered.csv
COVID-19,Unspecified,UNITED STATES OF AMERICA,2020-10-19,World Health Organization COVID-19 Dashboard,54343.0,USFiltered.csv
COVID-19,Unspecified,UNITED STATES OF AMERICA,2020-10-20,World Health Organization COVID-19 Dashboard,48675.0,USFiltered.csv
COVID-19,Unspecified,UNITED STATES OF AMERICA,2020-10-21,World Health Organization COVID-19 Dashboard,61596.0,USFiltered.csv
COVID-19,Unspecified,UNITED STATES OF AMERICA,2020-10-22,World Health Organization COVID-19 Dashboard,58903.0,USFiltered.csv
COVID-19,Unspecified,UNITED STATES OF AMERICA,2020-10-23,World Health Organization COVID-19 Dashboard,68944.0,USFiltered.csv
COVID-19,Unspecified,UNITED STATES OF AMERICA,2020-10-24,World Health Organization COVID-19 Dashboard,74759.0,USFiltered.csv
COVID-19,Unspecified,UNITED STATES OF AMERICA,2020-10-25,World Health Organization COVID-19 Dashboard,82266.0,USFiltered.csv
COVID-19,Unspecified,UNITED STATES OF AMERICA,2020-10-26,World Health Organization COVID-19 Dashboard,76078.0,USFiltered.csv
COVID-19,Unspecified,UNITED STATES OF AMERICA,2020-10-27,World Health Organization COVID-19 Dashboard,65531.0,USFiltered.csv
COVID-19,Unspecified,UNITED STATES OF AMERICA,2020-10-28,World Health Organization COVID-19 Dashboard,69823.0,USFiltered.csv
COVID-19,Unspecified,UNITED STATES OF AMERICA,2020-10-29,World Health Organization COVID-19 Dashboard,75208.0,USFiltered.csv
COVID-19,Unspecified,UNITED STATES OF AMERICA,2020-10-30,World Health Organization COVID-19 Dashboard,84467.0,USFiltered.csv
COVID-19,Unspecified,UNITED STATES OF AMERICA,2020-10-31,World Health Organization COVID-19 Dashboard,91107.0,USFiltered.csv
COVID-19,Unspecified,UNITED STATES OF AMERICA,2020-11-01,World Health Organization COVID-19 Dashboard,97647.0,USFiltered.csv
COVID-19,Unspecified,UNITED STATES OF AMERICA,2020-11-02,World Health Organization COVID-19 Dashboard,92420.0,USFiltered.csv
COVID-19,Unspecified,UNITED STATES OF AMERICA,2020-11-03,World Health Organization COVID-19 Dashboard,141390.0,USFiltered.csv
COVID-19,Unspecified,UNITED STATES OF AMERICA,2020-11-04,World Health Organization COVID-19 Dashboard,87472.0,USFiltered.csv
COVID-19,Unspecified,UNITED STATES OF AMERICA,2020-11-05,World Health Organization COVID-19 Dashboard,98413.0,USFiltered.csv
COVID-19,Unspecified,UNITED STATES OF AMERICA,2020-11-06,World Health Organization COVID-19 Dashboard,114095.0,USFiltered.csv
COVID-19,Unspecified,UNITED STATES OF AMERICA,2020-11-07,World Health Organization COVID-19 Dashboard,123042.0,USFiltered.csv
COVID-19,Unspecified,UNITED STATES OF AMERICA,2020-11-08,World Health Organization COVID-19 Dashboard,133858.0,USFiltered.csv
COVID-19,Unspecified,UNITED STATES OF AMERICA,2020-11-09,World Health Organization COVID-19 Dashboard,128967.0,USFiltered.csv
COVID-19,Unspecified,UNITED STATES OF AMERICA,2020-11-10,World Health Organization COVID-19 Dashboard,111634.0,USFiltered.csv
COVID-19,Unspecified,UNITED STATES OF AMERICA,2020-11-11,World Health Organization COVID-19 Dashboard,124646.0,USFiltered.csv
COVID-19,Unspecified,UNITED STATES OF AMERICA,2020-11-12,World Health Organization COVID-19 Dashboard,146026.0,USFiltered.csv
COVID-19,Unspecified,UNITED STATES OF AMERICA,2020-11-13,World Health Organization COVID-19 Dashboard,153616.0,USFiltered.csv
COVID-19,Unspecified,UNITED STATES OF AMERICA,2020-11-14,World Health Organization COVID-19 Dashboard,161982.0,USFiltered.csv
COVID-19,Unspecified,UNITED STATES OF AMERICA,2020-11-15,World Health Organization COVID-19 Dashboard,177320.0,USFiltered.csv
COVID-19,Unspecified,UNITED STATES OF AMERICA,2020-11-16,World Health Organization COVID-19 Dashboard,163802.0,USFiltered.csv
COVID-19,Unspecified,UNITED STATES OF AMERICA,2020-11-17,World Health Organization COVID-19 Dashboard,139101.0,USFiltered.csv
COVID-19,Unspecified,UNITED STATES OF AMERICA,2020-11-18,World Health Organization COVID-19 Dashboard,152743.0,USFiltered.csv
COVID-19,Unspecified,UNITED STATES OF AMERICA,2020-11-19,World Health Organization COVID-19 Dashboard,167254.0,USFiltered.csv
COVID-19,Unspecified,UNITED STATES OF AMERICA,2020-11-20,World Health Organization COVID-19 Dashboard,170786.0,USFiltered.csv
COVID-19,Unspecified,UNITED STATES OF AMERICA,2020-11-21,World Health Organization COVID-19 Dashboard,189352.0,USFiltered.csv
COVID-19,Unspecified,UNITED STATES OF AMERICA,2020-11-22,World Health Organization COVID-19 Dashboard,193116.0,USFiltered.csv
COVID-19,Unspecified,UNITED STATES OF AMERICA,2020-11-23,World Health Organization COVID-19 Dashboard,173587.0,USFiltered.csv
COVID-19,Unspecified,UNITED STATES OF AMERICA,2020-11-24,World Health Organization COVID-19 Dashboard,150896.0,USFiltered.csv
COVID-19,Unspecified,UNITED STATES OF AMERICA,2020-11-25,World Health Organization COVID-19 Dashboard,159758.0,USFiltered.csv
COVID-19,Unspecified,UNITED STATES OF AMERICA,2020-11-26,World Health Organization COVID-19 Dashboard,175327.0,USFiltered.csv
COVID-19,Unspecified,UNITED STATES OF AMERICA,2020-11-27,World Health Organization COVID-19 Dashboard,193930.0,USFiltered.csv
COVID-19,Unspecified,UNITED STATES OF AMERICA,2020-11-28,World Health Organization COVID-19 Dashboard,143846.0,USFiltered.csv
COVID-19,Unspecified,UNITED STATES OF AMERICA,2020-11-29,World Health Organization COVID-19 Dashboard,165799.0,USFiltered.csv
COVID-19,Unspecified,UNITED STATES OF AMERICA,2020-11-30,World Health Organization COVID-19 Dashboard,143712.0,USFiltered.csv
COVID-19,Unspecified,UNITED STATES OF AMERICA,2020-12-01,World Health Organization COVID-19 Dashboard,140656.0,USFiltered.csv
COVID-19,Unspecified,UNITED STATES OF AMERICA,2020-12-02,World Health Organization COVID-19 Dashboard,152258.0,USFiltered.csv
COVID-19,Unspecified,UNITED STATES OF AMERICA,2020-12-03,World Health Organization COVID-19 Dashboard,192905.0,USFiltered.csv
COVID-19,Unspecified,UNITED STATES OF AMERICA,2020-12-04,World Health Organization COVID-19 Dashboard,209562.0,USFiltered.csv
COVID-19,Unspecified,UNITED STATES OF AMERICA,2020-12-05,World Health Organization COVID-19 Dashboard,217556.0,USFiltered.csv
COVID-19,Unspecified,UNITED STATES OF AMERICA,2020-12-06,World Health Organization COVID-19 Dashboard,224742.0,USFiltered.csv
COVID-19,Unspecified,UNITED STATES OF AMERICA,2020-12-07,World Health Organization COVID-19 Dashboard,205801.0,USFiltered.csv
COVID-19,Unspecified,UNITED STATES OF AMERICA,2020-12-08,World Health Organization COVID-19 Dashboard,176765.0,USFiltered.csv
COVID-19,Unspecified,UNITED STATES OF AMERICA,2020-12-09,World Health Organization COVID-19 Dashboard,183044.0,USFiltered.csv
COVID-19,Unspecified,UNITED STATES OF AMERICA,2020-12-10,World Health Organization COVID-19 Dashboard,227428.0,USFiltered.csv
COVID-19,Unspecified,UNITED STATES OF AMERICA,2020-12-11,World Health Organization COVID-19 Dashboard,220834.0,USFiltered.csv
COVID-19,Unspecified,UNITED STATES OF AMERICA,2020-12-12,World Health Organization COVID-19 Dashboard,208466.0,USFiltered.csv
COVID-19,Unspecified,UNITED STATES OF AMERICA,2020-12-13,World Health Organization COVID-19 Dashboard,246602.0,USFiltered.csv
COVID-19,Unspecified,UNITED STATES OF AMERICA,2020-12-14,World Health Organization COVID-19 Dashboard,216331.0,USFiltered.csv
COVID-19,Unspecified,UNITED STATES OF AMERICA,2020-12-15,World Health Organization COVID-19 Dashboard,181126.0,USFiltered.csv
COVID-19,Unspecified,UNITED STATES OF AMERICA,2020-12-16,World Health Organization COVID-19 Dashboard,197991.0,USFiltered.csv
COVID-19,Unspecified,UNITED STATES OF AMERICA,2020-12-17,World Health Organization COVID-19 Dashboard,199571.0,USFiltered.csv
COVID-19,Unspecified,UNITED STATES OF AMERICA,2020-12-18,World Health Organization COVID-19 Dashboard,240337.0,USFiltered.csv
COVID-19,Unspecified,UNITED STATES OF AMERICA,2020-12-19,World Health Organization COVID-19 Dashboard,246017.0,USFiltered.csv
COVID-19,Unspecified,UNITED STATES OF AMERICA,2020-12-20,World Health Organization COVID-19 Dashboard,236141.0,USFiltered.csv
COVID-19,Unspecified,UNITED STATES OF AMERICA,2020-12-21,World Health Organization COVID-19 Dashboard,202642.0,USFiltered.csv
COVID-19,Unspecified,UNITED STATES OF AMERICA,2020-12-22,World Health Organization COVID-19 Dashboard,186606.0,USFiltered.csv
COVID-19,Unspecified,UNITED STATES OF AMERICA,2020-12-23,World Health Organization COVID-19 Dashboard,183194.0,USFiltered.csv
COVID-19,Unspecified,UNITED STATES OF AMERICA,2020-12-24,World Health Organization COVID-19 Dashboard,198762.0,USFiltered.csv
COVID-19,Unspecified,UNITED STATES OF AMERICA,2020-12-25,World Health Organization COVID-19 Dashboard,226323.0,USFiltered.csv
COVID-19,Unspecified,UNITED STATES OF AMERICA,2020-12-26,World Health Organization COVID-19 Dashboard,201766.0,USFiltered.csv
COVID-19,Unspecified,UNITED STATES OF AMERICA,2020-12-27,World Health Organization COVID-19 Dashboard,158789.0,USFiltered.csv
COVID-19,Unspecified,UNITED STATES OF AMERICA,2020-12-28,World Health Organization COVID-19 Dashboard,149768.0,USFiltered.csv
COVID-19,Unspecified,UNITED STATES OF AMERICA,2020-12-29,World Health Organization COVID-19 Dashboard,152962.0,USFiltered.csv
COVID-19,Unspecified,UNITED STATES OF AMERICA,2020-12-30,World Health Organization COVID-19 Dashboard,178341.0,USFiltered.csv
COVID-19,Unspecified,UNITED STATES OF AMERICA,2020-12-31,World Health Organization COVID-19 Dashboard,208867.0,USFiltered.csv
COVID-19,Unspecified,UNITED STATES OF AMERICA,2021-01-01,World Health Organization COVID-19 Dashboard,237078.0,USFiltered.csv
COVID-19,Unspecified,UNITED STATES OF AMERICA,2021-01-02,World Health Organization COVID-19 Dashboard,229439.0,USFiltered.csv
COVID-19,Unspecified,UNITED STATES OF AMERICA,2021-01-03,World Health Organization COVID-19 Dashboard,227339.0,USFiltered.csv
COVID-19,Unspecified,UNITED STATES OF AMERICA,2021-01-04,World Health Organization COVID-19 Dashboard,226479.0,USFiltered.csv
COVID-19,Unspecified,UNITED STATES OF AMERICA,2021-01-05,World Health Organization COVID-19 Dashboard,204392.0,USFiltered.csv
COVID-19,Unspecified,UNITED STATES OF AMERICA,2021-01-06,World Health Organization COVID-19 Dashboard,175047.0,USFiltered.csv
COVID-19,Unspecified,UNITED STATES OF AMERICA,2021-01-07,World Health Organization COVID-19 Dashboard,243451.0,USFiltered.csv
COVID-19,Unspecified,UNITED STATES OF AMERICA,2021-01-08,World Health Organization COVID-19 Dashboard,257769.0,USFiltered.csv
COVID-19,Unspecified,UNITED STATES OF AMERICA,2021-01-09,World Health Organization COVID-19 Dashboard,269575.0,USFiltered.csv
COVID-19,Unspecified,UNITED STATES OF AMERICA,2021-01-10,World Health Organization COVID-19 Dashboard,292871.0,USFiltered.csv
COVID-19,Unspecified,UNITED STATES OF AMERICA,2021-01-11,World Health Organization COVID-19 Dashboard,255591.0,USFiltered.csv
COVID-19,Unspecified,UNITED STATES OF AMERICA,2021-01-12,World Health Organization COVID-19 Dashboard,223943.0,USFiltered.csv
COVID-19,Unspecified,UNITED STATES OF AMERICA,2021-01-13,World Health Organization COVID-19 Dashboard,204280.0,USFiltered.csv
COVID-19,Unspecified,UNITED STATES OF AMERICA,2021-01-14,World Health Organization COVID-19 Dashboard,217818.0,USFiltered.csv
COVID-19,Unspecified,UNITED STATES OF AMERICA,2021-01-15,World Health Organization COVID-19 Dashboard,227077.0,USFiltered.csv
COVID-19,Unspecified,UNITED STATES OF AMERICA,2021-01-16,World Health Organization COVID-19 Dashboard,223247.0,USFiltered.csv
COVID-19,Unspecified,UNITED STATES OF AMERICA,2021-01-17,World Health Organization COVID-19 Dashboard,239292.0,USFiltered.csv
COVID-19,Unspecified,UNITED STATES OF AMERICA,2021-01-18,World Health Organization COVID-19 Dashboard,212772.0,USFiltered.csv
COVID-19,Unspecified,UNITED STATES OF AMERICA,2021-01-19,World Health Organization COVID-19 Dashboard,183888.0,USFiltered.csv
COVID-19,Unspecified,UNITED STATES OF AMERICA,2021-01-20,World Health Organization COVID-19 Dashboard,151500.0,USFiltered.csv
COVID-19,Unspecified,UNITED STATES OF AMERICA,2021-01-21,World Health Organization COVID-19 Dashboard,150308.0,USFiltered.csv
COVID-19,Unspecified,UNITED STATES OF AMERICA,2021-01-22,World Health Organization COVID-19 Dashboard,187812.0,USFiltered.csv
COVID-19,Unspecified,UNITED STATES OF AMERICA,2021-01-23,World Health Organization COVID-19 Dashboard,187781.0,USFiltered.csv
COVID-19,Unspecified,UNITED STATES OF AMERICA,2021-01-24,World Health Organization COVID-19 Dashboard,190211.0,USFiltered.csv
COVID-19,Unspecified,UNITED STATES OF AMERICA,2021-01-25,World Health Organization COVID-19 Dashboard,164581.0,USFiltered.csv
COVID-19,Unspecified,UNITED STATES OF AMERICA,2021-01-26,World Health Organization COVID-19 Dashboard,143959.0,USFiltered.csv
COVID-19,Unspecified,UNITED STATES OF AMERICA,2021-01-27,World Health Organization COVID-19 Dashboard,134141.0,USFiltered.csv
COVID-19,Unspecified,UNITED STATES OF AMERICA,2021-01-28,World Health Organization COVID-19 Dashboard,146513.0,USFiltered.csv
COVID-19,Unspecified,UNITED STATES OF AMERICA,2021-01-29,World Health Organization COVID-19 Dashboard,158913.0,USFiltered.csv
COVID-19,Unspecified,UNITED STATES OF AMERICA,2021-01-30,World Health Organization COVID-19 Dashboard,155971.0,USFiltered.csv
COVID-19,Unspecified,UNITED STATES OF AMERICA,2021-01-31,World Health Organization COVID-19 Dashboard,164372.0,USFiltered.csv
COVID-19,Unspecified,UNITED STATES OF AMERICA,2021-02-01,World Health Organization COVID-19 Dashboard,137193.0,USFiltered.csv
COVID-19,Unspecified,UNITED STATES OF AMERICA,2021-02-02,World Health Organization COVID-19 Dashboard,112268.0,USFiltered.csv
COVID-19,Unspecified,UNITED STATES OF AMERICA,2021-02-03,World Health Organization COVID-19 Dashboard,128868.0,USFiltered.csv
COVID-19,Unspecified,UNITED STATES OF AMERICA,2021-02-04,World Health Organization COVID-19 Dashboard,121723.0,USFiltered.csv
COVID-19,Unspecified,UNITED STATES OF AMERICA,2021-02-05,World Health Organization COVID-19 Dashboard,108776.0,USFiltered.csv
COVID-19,Unspecified,UNITED STATES OF AMERICA,2021-02-06,World Health Organization COVID-19 Dashboard,125122.0,USFiltered.csv
COVID-19,Unspecified,UNITED STATES OF AMERICA,2021-02-07,World Health Organization COVID-19 Dashboard,124494.0,USFiltered.csv
COVID-19,Unspecified,UNITED STATES OF AMERICA,2021-02-08,World Health Organization COVID-19 Dashboard,108554.0,USFiltered.csv
COVID-19,Unspecified,UNITED STATES OF AMERICA,2021-02-09,World Health Organization COVID-19 Dashboard,91769.0,USFiltered.csv
COVID-19,Unspecified,UNITED STATES OF AMERICA,2021-02-10,World Health Organization COVID-19 Dashboard,82283.0,USFiltered.csv
COVID-19,Unspecified,UNITED STATES OF AMERICA,2021-02-11,World Health Organization COVID-19 Dashboard,91425.0,USFiltered.csv
COVID-19,Unspecified,UNITED STATES OF AMERICA,2021-02-12,World Health Organization COVID-19 Dashboard,98851.0,USFiltered.csv
COVID-19,Unspecified,UNITED STATES OF AMERICA,2021-02-13,World Health Organization COVID-19 Dashboard,99059.0,USFiltered.csv
COVID-19,Unspecified,UNITED STATES OF AMERICA,2021-02-14,World Health Organization COVID-19 Dashboard,97591.0,USFiltered.csv
COVID-19,Unspecified,UNITED STATES OF AMERICA,2021-02-15,World Health Organization COVID-19 Dashboard,84690.0,USFiltered.csv
COVID-19,Unspecified,UNITED STATES OF AMERICA,2021-02-16,World Health Organization COVID-19 Dashboard,66393.0,USFiltered.csv
COVID-19,Unspecified,UNITED STATES OF AMERICA,2021-02-17,World Health Organization COVID-19 Dashboard,58271.0,USFiltered.csv
COVID-19,Unspecified,UNITED STATES OF AMERICA,2021-02-18,World Health Organization COVID-19 Dashboard,57386.0,USFiltered.csv
COVID-19,Unspecified,UNITED STATES OF AMERICA,2021-02-19,World Health Organization COVID-19 Dashboard,63806.0,USFiltered.csv
COVID-19,Unspecified,UNITED STATES OF AMERICA,2021-02-20,World Health Organization COVID-19 Dashboard,68346.0,USFiltered.csv
COVID-19,Unspecified,UNITED STATES OF AMERICA,2021-02-21,World Health Organization COVID-19 Dashboard,73505.0,USFiltered.csv
COVID-19,Unspecified,UNITED STATES OF AMERICA,2021-02-22,World Health Organization COVID-19 Dashboard,66023.0,USFiltered.csv
COVID-19,Unspecified,UNITED STATES OF AMERICA,2021-02-23,World Health Organization COVID-19 Dashboard,55499.0,USFiltered.csv
COVID-19,Unspecified,UNITED STATES OF AMERICA,2021-02-24,World Health Organization COVID-19 Dashboard,56404.0,USFiltered.csv
COVID-19,Unspecified,UNITED STATES OF AMERICA,2021-02-25,World Health Organization COVID-19 Dashboard,70323.0,USFiltered.csv
COVID-19,Unspecified,UNITED STATES OF AMERICA,2021-02-26,World Health Organization COVID-19 Dashboard,72543.0,USFiltered.csv
COVID-19,Unspecified,UNITED STATES OF AMERICA,2021-02-27,World Health Organization COVID-19 Dashboard,71678.0,USFiltered.csv
COVID-19,Unspecified,UNITED STATES OF AMERICA,2021-02-28,World Health Organization COVID-19 Dashboard,73320.0,USFiltered.csv
COVID-19,Unspecified,UNITED STATES OF AMERICA,2021-03-01,World Health Organization COVID-19 Dashboard,67823.0,USFiltered.csv
COVID-19,Unspecified,UNITED STATES OF AMERICA,2021-03-02,World Health Organization COVID-19 Dashboard,52005.0,USFiltered.csv
COVID-19,Unspecified,UNITED STATES OF AMERICA,2021-03-03,World Health Organization COVID-19 Dashboard,51303.0,USFiltered.csv
COVID-19,Unspecified,UNITED STATES OF AMERICA,2021-03-04,World Health Organization COVID-19 Dashboard,54244.0,USFiltered.csv
COVID-19,Unspecified,UNITED STATES OF AMERICA,2021-03-05,World Health Organization COVID-19 Dashboard,65794.0,USFiltered.csv
COVID-19,Unspecified,UNITED STATES OF AMERICA,2021-03-06,World Health Organization COVID-19 Dashboard,65259.0,USFiltered.csv
COVID-19,Unspecified,UNITED STATES OF AMERICA,2021-03-07,World Health Organization COVID-19 Dashboard,63873.0,USFiltered.csv
COVID-19,Unspecified,UNITED STATES OF AMERICA,2021-03-08,World Health Organization COVID-19 Dashboard,57502.0,USFiltered.csv
COVID-19,Unspecified,UNITED STATES OF AMERICA,2021-03-09,World Health Organization COVID-19 Dashboard,43414.0,USFiltered.csv
COVID-19,Unspecified,UNITED STATES OF AMERICA,2021-03-10,World Health Organization COVID-19 Dashboard,43315.0,USFiltered.csv
COVID-19,Unspecified,UNITED STATES OF AMERICA,2021-03-11,World Health Organization COVID-19 Dashboard,53757.0,USFiltered.csv
COVID-19,Unspecified,UNITED STATES OF AMERICA,2021-03-12,World Health Organization COVID-19 Dashboard,61787.0,USFiltered.csv
COVID-19,Unspecified,UNITED STATES OF AMERICA,2021-03-13,World Health Organization COVID-19 Dashboard,60034.0,USFiltered.csv
COVID-19,Unspecified,UNITED STATES OF AMERICA,2021-03-14,World Health Organization COVID-19 Dashboard,64042.0,USFiltered.csv
COVID-19,Unspecified,UNITED STATES OF AMERICA,2021-03-15,World Health Organization COVID-19 Dashboard,52228.0,USFiltered.csv
COVID-19,Unspecified,UNITED STATES OF AMERICA,2021-03-16,World Health Organization COVID-19 Dashboard,47233.0,USFiltered.csv
COVID-19,Unspecified,UNITED STATES OF AMERICA,2021-03-17,World Health Organization COVID-19 Dashboard,43701.0,USFiltered.csv
COVID-19,Unspecified,UNITED STATES OF AMERICA,2021-03-18,World Health Organization COVID-19 Dashboard,51929.0,USFiltered.csv
COVID-19,Unspecified,UNITED STATES OF AMERICA,2021-03-19,World Health Organization COVID-19 Dashboard,61345.0,USFiltered.csv
COVID-19,Unspecified,UNITED STATES OF AMERICA,2021-03-20,World Health Organization COVID-19 Dashboard,62650.0,USFiltered.csv
COVID-19,Unspecified,UNITED STATES OF AMERICA,2021-03-21,World Health Organization COVID-19 Dashboard,62026.0,USFiltered.csv
COVID-19,Unspecified,UNITED STATES OF AMERICA,2021-03-22,World Health Organization COVID-19 Dashboard,58103.0,USFiltered.csv
COVID-19,Unspecified,UNITED STATES OF AMERICA,2021-03-23,World Health Organization COVID-19 Dashboard,45149.0,USFiltered.csv
COVID-19,Unspecified,UNITED STATES OF AMERICA,2021-03-24,World Health Organization COVID-19 Dashboard,48376.0,USFiltered.csv
COVID-19,Unspecified,UNITED STATES OF AMERICA,2021-03-25,World Health Organization COVID-19 Dashboard,57890.0,USFiltered.csv
COVID-19,Unspecified,UNITED STATES OF AMERICA,2021-03-26,World Health Organization COVID-19 Dashboard,68176.0,USFiltered.csv
COVID-19,Unspecified,UNITED STATES OF AMERICA,2021-03-27,World Health Organization COVID-19 Dashboard,65576.0,USFiltered.csv
COVID-19,Unspecified,UNITED STATES OF AMERICA,2021-03-28,World Health Organization COVID-19 Dashboard,74977.0,USFiltered.csv
COVID-19,Unspecified,UNITED STATES OF AMERICA,2021-03-29,World Health Organization COVID-19 Dashboard,62819.0,USFiltered.csv
COVID-19,Unspecified,UNITED STATES OF AMERICA,2021-03-30,World Health Organization COVID-19 Dashboard,53014.0,USFiltered.csv
COVID-19,Unspecified,UNITED STATES OF AMERICA,2021-03-31,World Health Organization COVID-19 Dashboard,58274.0,USFiltered.csv
COVID-19,Unspecified,UNITED STATES OF AMERICA,2021-04-01,World Health Organization COVID-19 Dashboard,61429.0,USFiltered.csv
COVID-19,Unspecified,UNITED STATES OF AMERICA,2021-04-02,World Health Organization COVID-19 Dashboard,70478.0,USFiltered.csv
COVID-19,Unspecified,UNITED STATES OF AMERICA,2021-04-03,World Health Organization COVID-19 Dashboard,73507.0,USFiltered.csv
COVID-19,Unspecified,UNITED STATES OF AMERICA,2021-04-04,World Health Organization COVID-19 Dashboard,70431.0,USFiltered.csv
COVID-19,Unspecified,UNITED STATES OF AMERICA,2021-04-05,World Health Organization COVID-19 Dashboard,63514.0,USFiltered.csv
COVID-19,Unspecified,UNITED STATES OF AMERICA,2021-04-06,World Health Organization COVID-19 Dashboard,45513.0,USFiltered.csv
COVID-19,Unspecified,UNITED STATES OF AMERICA,2021-04-07,World Health Organization COVID-19 Dashboard,56771.0,USFiltered.csv
COVID-19,Unspecified,UNITED STATES OF AMERICA,2021-04-08,World Health Organization COVID-19 Dashboard,63779.0,USFiltered.csv
COVID-19,Unspecified,UNITED STATES OF AMERICA,2021-04-09,World Health Organization COVID-19 Dashboard,75029.0,USFiltered.csv
COVID-19,Unspecified,UNITED STATES OF AMERICA,2021-04-10,World Health Organization COVID-19 Dashboard,75057.0,USFiltered.csv
COVID-19,Unspecified,UNITED STATES OF AMERICA,2021-04-11,World Health Organization COVID-19 Dashboard,76578.0,USFiltered.csv
COVID-19,Unspecified,UNITED STATES OF AMERICA,2021-04-12,World Health Organization COVID-19 Dashboard,67729.0,USFiltered.csv
COVID-19,Unspecified,UNITED STATES OF AMERICA,2021-04-13,World Health Organization COVID-19 Dashboard,53310.0,USFiltered.csv
COVID-19,Unspecified,UNITED STATES OF AMERICA,2021-04-14,World Health Organization COVID-19 Dashboard,61108.0,USFiltered.csv
COVID-19,Unspecified,UNITED STATES OF AMERICA,2021-04-15,World Health Organization COVID-19 Dashboard,71485.0,USFiltered.csv
COVID-19,Unspecified,UNITED STATES OF AMERICA,2021-04-16,World Health Organization COVID-19 Dashboard,70859.0,USFiltered.csv
COVID-19,Unspecified,UNITED STATES OF AMERICA,2021-04-17,World Health Organization COVID-19 Dashboard,71687.0,USFiltered.csv
COVID-19,Unspecified,UNITED STATES OF AMERICA,2021-04-18,World Health Organization COVID-19 Dashboard,71154.0,USFiltered.csv
COVID-19,Unspecified,UNITED STATES OF AMERICA,2021-04-19,World Health Organization COVID-19 Dashboard,77166.0,USFiltered.csv
COVID-19,Unspecified,UNITED STATES OF AMERICA,2021-04-20,World Health Organization COVID-19 Dashboard,49023.0,USFiltered.csv
COVID-19,Unspecified,UNITED STATES OF AMERICA,2021-04-21,World Health Organization COVID-19 Dashboard,35517.0,USFiltered.csv
COVID-19,Unspecified,UNITED STATES OF AMERICA,2021-04-22,World Health Organization COVID-19 Dashboard,57381.0,USFiltered.csv
COVID-19,Unspecified,UNITED STATES OF AMERICA,2021-04-23,World Health Organization COVID-19 Dashboard,63179.0,USFiltered.csv
COVID-19,Unspecified,UNITED STATES OF AMERICA,2021-04-24,World Health Organization COVID-19 Dashboard,61856.0,USFiltered.csv
COVID-19,Unspecified,UNITED STATES OF AMERICA,2021-04-25,World Health Organization COVID-19 Dashboard,62136.0,USFiltered.csv
COVID-19,Unspecified,UNITED STATES OF AMERICA,2021-04-26,World Health Organization COVID-19 Dashboard,51655.0,USFiltered.csv
COVID-19,Unspecified,UNITED STATES OF AMERICA,2021-04-27,World Health Organization COVID-19 Dashboard,40687.0,USFiltered.csv
COVID-19,Unspecified,UNITED STATES OF AMERICA,2021-04-28,World Health Organization COVID-19 Dashboard,30589.0,USFiltered.csv
COVID-19,Unspecified,UNITED STATES OF AMERICA,2021-04-29,World Health Organization COVID-19 Dashboard,50279.0,USFiltered.csv
COVID-19,Unspecified,UNITED STATES OF AMERICA,2021-04-30,World Health Organization COVID-19 Dashboard,54558.0,USFiltered.csv
COVID-19,Unspecified,UNITED STATES OF AMERICA,2021-05-01,World Health Organization COVID-19 Dashboard,55849.0,USFiltered.csv
COVID-19,Unspecified,UNITED STATES OF AMERICA,2021-05-02,World Health Organization COVID-19 Dashboard,55107.0,USFiltered.csv
COVID-19,Unspecified,UNITED STATES OF AMERICA,2021-05-03,World Health Organization COVID-19 Dashboard,48222.0,USFiltered.csv
COVID-19,Unspecified,UNITED STATES OF AMERICA,2021-05-04,World Health Organization COVID-19 Dashboard,36454.0,USFiltered.csv
COVID-19,Unspecified,UNITED STATES OF AMERICA,2021-05-05,World Health Organization COVID-19 Dashboard,33085.0,USFiltered.csv
COVID-19,Unspecified,UNITED STATES OF AMERICA,2021-05-06,World Health Organization COVID-19 Dashboard,42618.0,USFiltered.csv
COVID-19,Unspecified,UNITED STATES OF AMERICA,2021-05-07,World Health Organization COVID-19 Dashboard,44677.0,USFiltered.csv
COVID-19,Unspecified,UNITED STATES OF AMERICA,2021-05-08,World Health Organization COVID-19 Dashboard,42784.0,USFiltered.csv
COVID-19,Unspecified,UNITED STATES OF AMERICA,2021-05-09,World Health Organization COVID-19 Dashboard,44571.0,USFiltered.csv
COVID-19,Unspecified,UNITED STATES OF AMERICA,2021-05-10,World Health Organization COVID-19 Dashboard,36857.0,USFiltered.csv
COVID-19,Unspecified,UNITED STATES OF AMERICA,2021-05-11,World Health Organization COVID-19 Dashboard,27358.0,USFiltered.csv
COVID-19,Unspecified,UNITED STATES OF AMERICA,2021-05-12,World Health Organization COVID-19 Dashboard,24608.0,USFiltered.csv
COVID-19,Unspecified,UNITED STATES OF AMERICA,2021-05-13,World Health Organization COVID-19 Dashboard,33087.0,USFiltered.csv
COVID-19,Unspecified,UNITED STATES OF AMERICA,2021-05-14,World Health Organization COVID-19 Dashboard,35843.0,USFiltered.csv
COVID-19,Unspecified,UNITED STATES OF AMERICA,2021-05-15,World Health Organization COVID-19 Dashboard,40477.0,USFiltered.csv
COVID-19,Unspecified,UNITED STATES OF AMERICA,2021-05-16,World Health Organization COVID-19 Dashboard,35309.0,USFiltered.csv
COVID-19,Unspecified,UNITED STATES OF AMERICA,2021-05-17,World Health Organization COVID-19 Dashboard,29532.0,USFiltered.csv
COVID-19,Unspecified,UNITED STATES OF AMERICA,2021-05-18,World Health Organization COVID-19 Dashboard,21399.0,USFiltered.csv
COVID-19,Unspecified,UNITED STATES OF AMERICA,2021-05-19,World Health Organization COVID-19 Dashboard,19562.0,USFiltered.csv
COVID-19,Unspecified,UNITED STATES OF AMERICA,2021-05-20,World Health Organization COVID-19 Dashboard,27817.0,USFiltered.csv
COVID-19,Unspecified,UNITED STATES OF AMERICA,2021-05-21,World Health Organization COVID-19 Dashboard,27632.0,USFiltered.csv
COVID-19,Unspecified,UNITED STATES OF AMERICA,2021-05-22,World Health Organization COVID-19 Dashboard,27862.0,USFiltered.csv
COVID-19,Unspecified,UNITED STATES OF AMERICA,2021-05-23,World Health Organization COVID-19 Dashboard,28021.0,USFiltered.csv
COVID-19,Unspecified,UNITED STATES OF AMERICA,2021-05-24,World Health Organization COVID-19 Dashboard,22067.0,USFiltered.csv
COVID-19,Unspecified,UNITED STATES OF AMERICA,2021-05-25,World Health Organization COVID-19 Dashboard,15919.0,USFiltered.csv
COVID-19,Unspecified,UNITED STATES OF AMERICA,2021-05-26,World Health Organization COVID-19 Dashboard,15341.0,USFiltered.csv
COVID-19,Unspecified,UNITED STATES OF AMERICA,2021-05-27,World Health Organization COVID-19 Dashboard,24267.0,USFiltered.csv
COVID-19,Unspecified,UNITED STATES OF AMERICA,2021-05-28,World Health Organization COVID-19 Dashboard,23524.0,USFiltered.csv
COVID-19,Unspecified,UNITED STATES OF AMERICA,2021-05-29,World Health Organization COVID-19 Dashboard,22103.0,USFiltered.csv
COVID-19,Unspecified,UNITED STATES OF AMERICA,2021-05-30,World Health Organization COVID-19 Dashboard,24773.0,USFiltered.csv
COVID-19,Unspecified,UNITED STATES OF AMERICA,2021-05-31,World Health Organization COVID-19 Dashboard,15616.0,USFiltered.csv
COVID-19,Unspecified,UNITED STATES OF AMERICA,2021-06-01,World Health Organization COVID-19 Dashboard,12325.0,USFiltered.csv
COVID-19,Unspecified,UNITED STATES OF AMERICA,2021-06-02,World Health Organization COVID-19 Dashboard,9330.0,USFiltered.csv
COVID-19,Unspecified,UNITED STATES OF AMERICA,2021-06-03,World Health Organization COVID-19 Dashboard,9079.0,USFiltered.csv
COVID-19,Unspecified,UNITED STATES OF AMERICA,2021-06-04,World Health Organization COVID-19 Dashboard,16190.0,USFiltered.csv
COVID-19,Unspecified,UNITED STATES OF AMERICA,2021-06-05,World Health Organization COVID-19 Dashboard,18336.0,USFiltered.csv
COVID-19,Unspecified,UNITED STATES OF AMERICA,2021-06-06,World Health Organization COVID-19 Dashboard,18661.0,USFiltered.csv
COVID-19,Unspecified,UNITED STATES OF AMERICA,2021-06-07,World Health Organization COVID-19 Dashboard,14649.0,USFiltered.csv
COVID-19,Unspecified,UNITED STATES OF AMERICA,2021-06-08,World Health Organization COVID-19 Dashboard,11045.0,USFiltered.csv
COVID-19,Unspecified,UNITED STATES OF AMERICA,2021-06-09,World Health Organization COVID-19 Dashboard,10007.0,USFiltered.csv
COVID-19,Unspecified,UNITED STATES OF AMERICA,2021-06-10,World Health Organization COVID-19 Dashboard,14358.0,USFiltered.csv
COVID-19,Unspecified,UNITED STATES OF AMERICA,2021-06-11,World Health Organization COVID-19 Dashboard,19673.0,USFiltered.csv
COVID-19,Unspecified,UNITED STATES OF AMERICA,2021-06-12,World Health Organization COVID-19 Dashboard,15947.0,USFiltered.csv
COVID-19,Unspecified,UNITED STATES OF AMERICA,2021-06-13,World Health Organization COVID-19 Dashboard,14109.0,USFiltered.csv
COVID-19,Unspecified,UNITED STATES OF AMERICA,2021-06-14,World Health Organization COVID-19 Dashboard,12334.0,USFiltered.csv
COVID-19,Unspecified,UNITED STATES OF AMERICA,2021-06-15,World Health Organization COVID-19 Dashboard,8741.0,USFiltered.csv
COVID-19,Unspecified,UNITED STATES OF AMERICA,2021-06-16,World Health Organization COVID-19 Dashboard,8339.0,USFiltered.csv
COVID-19,Unspecified,UNITED STATES OF AMERICA,2021-06-17,World Health Organization COVID-19 Dashboard,12803.0,USFiltered.csv
COVID-19,Unspecified,UNITED STATES OF AMERICA,2021-06-18,World Health Organization COVID-19 Dashboard,13117.0,USFiltered.csv
COVID-19,Unspecified,UNITED STATES OF AMERICA,2021-06-19,World Health Organization COVID-19 Dashboard,13444.0,USFiltered.csv
COVID-19,Unspecified,UNITED STATES OF AMERICA,2021-06-20,World Health Organization COVID-19 Dashboard,11925.0,USFiltered.csv
COVID-19,Unspecified,UNITED STATES OF AMERICA,2021-06-21,World Health Organization COVID-19 Dashboard,12351.0,USFiltered.csv
COVID-19,Unspecified,UNITED STATES OF AMERICA,2021-06-22,World Health Organization COVID-19 Dashboard,9053.0,USFiltered.csv
COVID-19,Unspecified,UNITED STATES OF AMERICA,2021-06-23,World Health Organization COVID-19 Dashboard,8713.0,USFiltered.csv
COVID-19,Unspecified,UNITED STATES OF AMERICA,2021-06-24,World Health Organization COVID-19 Dashboard,13439.0,USFiltered.csv
COVID-19,Unspecified,UNITED STATES OF AMERICA,2021-06-25,World Health Organization COVID-19 Dashboard,13826.0,USFiltered.csv
COVID-19,Unspecified,UNITED STATES OF AMERICA,2021-06-26,World Health Organization COVID-19 Dashboard,15566.0,USFiltered.csv
COVID-19,Unspecified,UNITED STATES OF AMERICA,2021-06-27,World Health Organization COVID-19 Dashboard,15050.0,USFiltered.csv
COVID-19,Unspecified,UNITED STATES OF AMERICA,2021-06-28,World Health Organization COVID-19 Dashboard,13209.0,USFiltered.csv
COVID-19,Unspecified,UNITED STATES OF AMERICA,2021-06-29,World Health Organization COVID-19 Dashboard,10629.0,USFiltered.csv
COVID-19,Unspecified,UNITED STATES OF AMERICA,2021-06-30,World Health Organization COVID-19 Dashboard,10622.0,USFiltered.csv
COVID-19,Unspecified,UNITED STATES OF AMERICA,2021-07-01,World Health Organization COVID-19 Dashboard,15687.0,USFiltered.csv
COVID-19,Unspecified,UNITED STATES OF AMERICA,2021-07-02,World Health Organization COVID-19 Dashboard,11607.0,USFiltered.csv
COVID-19,Unspecified,UNITED STATES OF AMERICA,2021-07-03,World Health Organization COVID-19 Dashboard,18641.0,USFiltered.csv
COVID-19,Unspecified,UNITED STATES OF AMERICA,2021-07-04,World Health Organization COVID-19 Dashboard,16897.0,USFiltered.csv
COVID-19,Unspecified,UNITED STATES OF AMERICA,2021-07-05,World Health Organization COVID-19 Dashboard,13166.0,USFiltered.csv
COVID-19,Unspecified,UNITED STATES OF AMERICA,2021-07-06,World Health Organization COVID-19 Dashboard,10395.0,USFiltered.csv
COVID-19,Unspecified,UNITED STATES OF AMERICA,2021-07-07,World Health Organization COVID-19 Dashboard,9301.0,USFiltered.csv
COVID-19,Unspecified,UNITED STATES OF AMERICA,2021-07-08,World Health Organization COVID-19 Dashboard,20098.0,USFiltered.csv
COVID-19,Unspecified,UNITED STATES OF AMERICA,2021-07-09,World Health Organization COVID-19 Dashboard,22680.0,USFiltered.csv
COVID-19,Unspecified,UNITED STATES OF AMERICA,2021-07-10,World Health Organization COVID-19 Dashboard,183754.0,USFiltered.csv
COVID-19,Unspecified,UNITED STATES OF AMERICA,2021-07-11,World Health Organization COVID-19 Dashboard,27655.0,USFiltered.csv
COVID-19,Unspecified,UNITED STATES OF AMERICA,2021-07-12,World Health Organization COVID-19 Dashboard,20771.0,USFiltered.csv
COVID-19,Unspecified,UNITED STATES OF AMERICA,2021-07-13,World Health Organization COVID-19 Dashboard,16619.0,USFiltered.csv
COVID-19,Unspecified,UNITED STATES OF AMERICA,2021-07-14,World Health Organization COVID-19 Dashboard,29229.0,USFiltered.csv
COVID-19,Unspecified,UNITED STATES OF AMERICA,2021-07-15,World Health Organization COVID-19 Dashboard,35038.0,USFiltered.csv
COVID-19,Unspecified,UNITED STATES OF AMERICA,2021-07-16,World Health Organization COVID-19 Dashboard,38373.0,USFiltered.csv
COVID-19,Unspecified,UNITED STATES OF AMERICA,2021-07-17,World Health Organization COVID-19 Dashboard,40596.0,USFiltered.csv
COVID-19,Unspecified,UNITED STATES OF AMERICA,2021-07-18,World Health Organization COVID-19 Dashboard,42287.0,USFiltered.csv
COVID-19,Unspecified,UNITED STATES OF AMERICA,2021-07-19,World Health Organization COVID-19 Dashboard,32136.0,USFiltered.csv
COVID-19,Unspecified,UNITED STATES OF AMERICA,2021-07-20,World Health Organization COVID-19 Dashboard,28185.0,USFiltered.csv
COVID-19,Unspecified,UNITED STATES OF AMERICA,2021-07-21,World Health Organization COVID-19 Dashboard,45357.0,USFiltered.csv
COVID-19,Unspecified,UNITED STATES OF AMERICA,2021-07-22,World Health Organization COVID-19 Dashboard,51027.0,USFiltered.csv
COVID-19,Unspecified,UNITED STATES OF AMERICA,2021-07-23,World Health Organization COVID-19 Dashboard,61261.0,USFiltered.csv
COVID-19,Unspecified,UNITED STATES OF AMERICA,2021-07-24,World Health Organization COVID-19 Dashboard,71822.0,USFiltered.csv
COVID-19,Unspecified,UNITED STATES OF AMERICA,2021-07-25,World Health Organization COVID-19 Dashboard,69702.0,USFiltered.csv
COVID-19,Unspecified,UNITED STATES OF AMERICA,2021-07-26,World Health Organization COVID-19 Dashboard,53670.0,USFiltered.csv
COVID-19,Unspecified,UNITED STATES OF AMERICA,2021-07-27,World Health Organization COVID-19 Dashboard,43249.0,USFiltered.csv
COVID-19,Unspecified,UNITED STATES OF AMERICA,2021-07-28,World Health Organization COVID-19 Dashboard,71323.0,USFiltered.csv
COVID-19,Unspecified,UNITED STATES OF AMERICA,2021-07-29,World Health Organization COVID-19 Dashboard,86086.0,USFiltered.csv
COVID-19,Unspecified,UNITED STATES OF AMERICA,2021-07-30,World Health Organization COVID-19 Dashboard,89188.0,USFiltered.csv
COVID-19,Unspecified,UNITED STATES OF AMERICA,2021-07-31,World Health Organization COVID-19 Dashboard,99399.0,USFiltered.csv
